match_key,match_date,season,top_disposal_player_id,top_disposal_player_id_value,top_goal_kicker_player_id,top_goal_kicker_player_id_value,top_fantasy_player_id,top_fantasy_player_id_value
1983-03-27|1|Essendon Bombers|Sydney Swans,1983-03-27,1983,45852.0,10.0,45852.0,2.0,45852,52
1983-04-04|2|Essendon Bombers|St Kilda Saints,1983-04-04,1983,45852.0,8.0,45852.0,2.0,45852,47
1983-04-09|3|Essendon Bombers|Fitzroy Lions,1983-04-09,1983,,,,,45852,28
1983-04-16|4|Geelong Cats|St Kilda Saints,1983-04-16,1983,45679.0,5.0,45679.0,2.0,45679,34
1983-04-24|5|St Kilda Saints|Sydney Swans,1983-04-24,1983,45679.0,10.0,45679.0,1.0,45679,47
1983-04-25|5|Essendon Bombers|North Melbourne Kangaroos,1983-04-25,1983,45852.0,1.0,,,45852,4
1983-05-14|8|Essendon Bombers|Hawthorn Hawks,1983-05-14,1983,45852.0,11.0,45852.0,6.0,45852,92
1983-05-21|9|Essendon Bombers|Melbourne Demons,1983-05-21,1983,45852.0,4.0,,,45852,19
1983-06-11|12|Essendon Bombers|Sydney Swans,1983-06-11,1983,45852.0,2.0,,,45852,0
1983-06-11|12|North Melbourne Kangaroos|St Kilda Saints,1983-06-11,1983,45679.0,6.0,,,45679,14
1983-06-18|13|Essendon Bombers|St Kilda Saints,1983-06-18,1983,45852.0,12.0,45852.0,4.0,45852,67
1983-06-25|14|Hawthorn Hawks|St Kilda Saints,1983-06-25,1983,,,45679.0,2.0,45679,59
1983-07-02|15|Geelong Cats|St Kilda Saints,1983-07-02,1983,45679.0,8.0,45679.0,3.0,45679,45
1983-07-16|16|St Kilda Saints|Sydney Swans,1983-07-16,1983,45679.0,1.0,,,45679,-7
1983-07-30|18|Melbourne Demons|St Kilda Saints,1983-07-30,1983,45679.0,1.0,45679.0,1.0,45679,10
1983-08-06|19|Carlton Blues|St Kilda Saints,1983-08-06,1983,45679.0,13.0,,,45679,46
1983-08-06|19|Essendon Bombers|Hawthorn Hawks,1983-08-06,1983,45852.0,4.0,,,45852,20
1983-08-13|20|Richmond Tigers|St Kilda Saints,1983-08-13,1983,45679.0,16.0,45679.0,5.0,45679,97
1983-08-20|21|St Kilda Saints|Western Bulldogs,1983-08-20,1983,45679.0,13.0,45679.0,2.0,45679,79
1983-08-27|22|Collingwood Magpies|St Kilda Saints,1983-08-27,1983,45679.0,9.0,45679.0,1.0,45679,43
1984-03-31|1|Essendon Bombers|St Kilda Saints,1984-03-31,1984,45852.0,16.0,45679.0,7.0,45852,124
1984-04-07|2|Collingwood Magpies|St Kilda Saints,1984-04-07,1984,45679.0,5.0,45679.0,3.0,45679,35
1984-04-07|2|Essendon Bombers|Hawthorn Hawks,1984-04-07,1984,45852.0,18.0,45852.0,7.0,45852,139
1984-04-14|3|Collingwood Magpies|Essendon Bombers,1984-04-14,1984,45852.0,12.0,45852.0,8.0,45852,117
1984-04-14|3|St Kilda Saints|Sydney Swans,1984-04-14,1984,45679.0,9.0,45679.0,6.0,45679,74
1984-04-21|4|Essendon Bombers|Melbourne Demons,1984-04-21,1984,45852.0,16.0,45852.0,4.0,45852,119
1984-04-23|4|Hawthorn Hawks|St Kilda Saints,1984-04-23,1984,45679.0,9.0,45679.0,4.0,45679,67
1984-04-25|5|Essendon Bombers|Richmond Tigers,1984-04-25,1984,45852.0,11.0,45852.0,5.0,45852,91
1984-04-28|5|Geelong Cats|St Kilda Saints,1984-04-28,1984,,,45679.0,7.0,45679,98
1984-05-05|6|Carlton Blues|St Kilda Saints,1984-05-05,1984,45679.0,5.0,45679.0,2.0,45679,40
1984-05-05|6|Essendon Bombers|Fitzroy Lions,1984-05-05,1984,45852.0,14.0,45852.0,8.0,45852,122
1984-05-12|7|Essendon Bombers|Western Bulldogs,1984-05-12,1984,45852.0,8.0,45852.0,2.0,45852,56
1984-05-12|7|North Melbourne Kangaroos|St Kilda Saints,1984-05-12,1984,45679.0,14.0,45679.0,7.0,45679,116
1984-05-19|8|Essendon Bombers|Geelong Cats,1984-05-19,1984,45852.0,9.0,45852.0,2.0,45852,49
1984-05-19|8|St Kilda Saints|Western Bulldogs,1984-05-19,1984,45679.0,2.0,,,45679,1
1984-05-26|9|Carlton Blues|Essendon Bombers,1984-05-26,1984,45852.0,11.0,45852.0,7.0,45852,100
1984-06-02|10|Essendon Bombers|North Melbourne Kangaroos,1984-06-02,1984,45852.0,5.0,45852.0,1.0,45852,28
1984-06-02|10|Fitzroy Lions|St Kilda Saints,1984-06-02,1984,45679.0,12.0,45679.0,6.0,45679,87
1984-06-09|11|Essendon Bombers|Sydney Swans,1984-06-09,1984,45852.0,13.0,45852.0,7.0,45852,99
1984-06-09|11|Melbourne Demons|St Kilda Saints,1984-06-09,1984,45679.0,11.0,45679.0,3.0,45679,73
1984-06-16|12|Collingwood Magpies|St Kilda Saints,1984-06-16,1984,45679.0,4.0,45679.0,2.0,45679,30
1984-06-16|12|Essendon Bombers|Hawthorn Hawks,1984-06-16,1984,45852.0,13.0,45852.0,2.0,45852,68
1984-06-23|13|Collingwood Magpies|Essendon Bombers,1984-06-23,1984,45852.0,13.0,45852.0,3.0,45852,71
1984-06-24|13|St Kilda Saints|Sydney Swans,1984-06-24,1984,45679.0,11.0,45679.0,7.0,45679,85
1984-07-07|15|Geelong Cats|St Kilda Saints,1984-07-07,1984,45679.0,4.0,45679.0,3.0,45679,29
1984-07-21|16|Carlton Blues|St Kilda Saints,1984-07-21,1984,45679.0,6.0,45679.0,3.0,45679,39
1984-07-28|17|North Melbourne Kangaroos|St Kilda Saints,1984-07-28,1984,45679.0,6.0,45679.0,2.0,45679,36
1984-08-04|18|St Kilda Saints|Western Bulldogs,1984-08-04,1984,45679.0,9.0,45679.0,2.0,45679,44
1984-08-11|19|Richmond Tigers|St Kilda Saints,1984-08-11,1984,45679.0,6.0,45679.0,2.0,45679,43
1984-08-18|20|Essendon Bombers|St Kilda Saints,1984-08-18,1984,45679.0,5.0,45679.0,4.0,45679,45
1984-08-25|21|Melbourne Demons|St Kilda Saints,1984-08-25,1984,45679.0,11.0,45679.0,3.0,45679,81
1984-09-01|22|Fitzroy Lions|St Kilda Saints,1984-09-01,1984,,,45679.0,4.0,45679,76
1985-03-30|1|St Kilda Saints|Sydney Swans,1985-03-30,1985,45679.0,8.0,45679.0,2.0,45679,30
1985-04-06|2|Carlton Blues|St Kilda Saints,1985-04-06,1985,45679.0,6.0,,,45679,27
1985-04-13|3|Richmond Tigers|St Kilda Saints,1985-04-13,1985,45679.0,6.0,45679.0,3.0,45679,43
1985-04-20|4|North Melbourne Kangaroos|St Kilda Saints,1985-04-20,1985,45679.0,8.0,45679.0,4.0,45679,56
1985-04-25|5|Fitzroy Lions|St Kilda Saints,1985-04-25,1985,45679.0,5.0,45679.0,2.0,45679,32
1985-05-11|7|Hawthorn Hawks|St Kilda Saints,1985-05-11,1985,45679.0,10.0,45679.0,5.0,45679,74
1985-05-12|7|Carlton Blues|Sydney Swans,1985-05-12,1985,45879.0,6.0,,,45879,23
1985-05-18|8|Carlton Blues|Richmond Tigers,1985-05-18,1985,45879.0,8.0,,,45879,28
1985-05-18|8|Melbourne Demons|St Kilda Saints,1985-05-18,1985,45679.0,7.0,,,45679,14
1985-05-25|9|Carlton Blues|Fitzroy Lions,1985-05-25,1985,45879.0,15.0,,,45879,34
1985-05-25|9|Collingwood Magpies|St Kilda Saints,1985-05-25,1985,45679.0,10.0,45679.0,3.0,45679,68
1985-06-01|10|Carlton Blues|Hawthorn Hawks,1985-06-01,1985,45879.0,16.0,,,45879,63
1985-06-01|10|Essendon Bombers|St Kilda Saints,1985-06-01,1985,,,45679.0,7.0,45679,105
1985-06-01|10|Melbourne Demons|Sydney Swans,1985-06-01,1985,45840.0,11.0,45840.0,3.0,45840,58
1985-06-08|11|Essendon Bombers|Sydney Swans,1985-06-08,1985,45840.0,2.0,45840.0,1.0,45840,13
1985-06-08|11|St Kilda Saints|Western Bulldogs,1985-06-08,1985,45679.0,11.0,45679.0,6.0,45679,74
1985-06-10|11|Carlton Blues|Collingwood Magpies,1985-06-10,1985,45879.0,8.0,,,45879,21
1985-06-15|12|Carlton Blues|Western Bulldogs,1985-06-15,1985,45879.0,16.0,,,45879,60
1985-06-16|12|St Kilda Saints|Sydney Swans,1985-06-16,1985,45679.0,11.0,45679.0,7.0,45679,101
1985-06-22|13|Carlton Blues|St Kilda Saints,1985-06-22,1985,45679.0,7.0,45679.0,6.0,45679,65
1985-06-28|14|Carlton Blues|North Melbourne Kangaroos,1985-06-28,1985,45879.0,12.0,,,45879,51
1985-06-29|14|Richmond Tigers|St Kilda Saints,1985-06-29,1985,45679.0,9.0,45679.0,3.0,45679,52
1985-07-06|15|Carlton Blues|Geelong Cats,1985-07-06,1985,45879.0,11.0,45879.0,1.0,45879,48
1985-07-06|15|Collingwood Magpies|Essendon Bombers,1985-07-06,1985,45852.0,2.0,45852.0,2.0,45852,22
1985-07-06|15|North Melbourne Kangaroos|St Kilda Saints,1985-07-06,1985,45679.0,13.0,45679.0,6.0,45679,88
1985-07-13|16|Fitzroy Lions|St Kilda Saints,1985-07-13,1985,45679.0,7.0,45679.0,5.0,45679,53
1985-07-20|16|Carlton Blues|Melbourne Demons,1985-07-20,1985,45879.0,22.0,,,45879,70
1985-07-27|17|Carlton Blues|Essendon Bombers,1985-07-27,1985,,,,,45879,25
1985-07-27|17|Geelong Cats|St Kilda Saints,1985-07-27,1985,45679.0,7.0,45679.0,6.0,45679,74
1985-08-03|18|Carlton Blues|Sydney Swans,1985-08-03,1985,45879.0,14.0,,,45879,48
1985-08-03|18|Hawthorn Hawks|St Kilda Saints,1985-08-03,1985,45679.0,7.0,45679.0,1.0,45679,42
1985-08-10|19|Carlton Blues|Richmond Tigers,1985-08-10,1985,45879.0,12.0,,,45879,46
1985-08-10|19|Fitzroy Lions|Western Bulldogs,1985-08-10,1985,45361.0,1.0,,,45361,6
1985-08-10|19|Melbourne Demons|St Kilda Saints,1985-08-10,1985,45679.0,6.0,45679.0,3.0,45679,41
1985-08-17|20|Carlton Blues|Fitzroy Lions,1985-08-17,1985,45361.0,9.0,,,45361,26
1985-08-17|20|Collingwood Magpies|St Kilda Saints,1985-08-17,1985,45679.0,7.0,45679.0,1.0,45679,35
1985-08-17|20|Geelong Cats|Sydney Swans,1985-08-17,1985,45840.0,11.0,,,45840,39
1985-08-24|21|Carlton Blues|Hawthorn Hawks,1985-08-24,1985,45879.0,15.0,,,45879,60
1985-08-24|21|Essendon Bombers|St Kilda Saints,1985-08-24,1985,45679.0,9.0,45679.0,5.0,45679,79
1985-08-24|21|Fitzroy Lions|North Melbourne Kangaroos,1985-08-24,1985,45361.0,14.0,,,45361,45
1985-08-25|21|Melbourne Demons|Sydney Swans,1985-08-25,1985,45840.0,13.0,,,45840,45
1985-08-31|22|Carlton Blues|Collingwood Magpies,1985-08-31,1985,45879.0,15.0,,,45879,54
1985-08-31|22|Fitzroy Lions|Geelong Cats,1985-08-31,1985,45361.0,18.0,,,45361,49
1985-08-31|22|St Kilda Saints|Western Bulldogs,1985-08-31,1985,45679.0,11.0,45679.0,4.0,45679,82
1985-09-01|22|Essendon Bombers|Sydney Swans,1985-09-01,1985,45852.0,15.0,45852.0,7.0,45852,111
1985-09-07|EF|Carlton Blues|North Melbourne Kangaroos,1985-09-07,1985,45879.0,5.0,,,45879,19
1985-09-14|SF|Essendon Bombers|Hawthorn Hawks,1985-09-14,1985,45852.0,4.0,,,45852,19
1985-09-28|GF|Essendon Bombers|Hawthorn Hawks,1985-09-28,1985,45852.0,11.0,45852.0,6.0,45852,99
1986-03-29|1|Collingwood Magpies|Essendon Bombers,1986-03-29,1986,45852.0,13.0,45852.0,7.0,45852,102
1986-03-29|1|Melbourne Demons|Richmond Tigers,1986-03-29,1986,45698.0,12.0,45698.0,2.0,45698,42
1986-03-31|1|Carlton Blues|Hawthorn Hawks,1986-03-31,1986,45380.0,16.0,,,45380,50
1986-03-31|1|St Kilda Saints|Western Bulldogs,1986-03-31,1986,45679.0,5.0,45679.0,1.0,45679,19
1986-04-05|2|Carlton Blues|Richmond Tigers,1986-04-05,1986,45380.0,32.0,,,45380,90
1986-04-05|2|Essendon Bombers|Geelong Cats,1986-04-05,1986,45852.0,10.0,,,45852,58
1986-04-05|2|Fitzroy Lions|Western Bulldogs,1986-04-05,1986,45361.0,7.0,,,45361,23
1986-04-05|2|Melbourne Demons|St Kilda Saints,1986-04-05,1986,45698.0,14.0,,,45698,57
1986-04-12|3|Carlton Blues|St Kilda Saints,1986-04-12,1986,45380.0,29.0,45380.0,1.0,45380,112
1986-04-12|3|Essendon Bombers|Western Bulldogs,1986-04-12,1986,,,,,45852,23
1986-04-12|3|Fitzroy Lions|Melbourne Demons,1986-04-12,1986,45361.0,21.0,45698.0,3.0,45361,65
1986-04-19|4|Carlton Blues|Fitzroy Lions,1986-04-19,1986,45380.0,35.0,45380.0,2.0,45380,135
1986-04-19|4|Essendon Bombers|Melbourne Demons,1986-04-19,1986,45852.0,13.0,45852.0,4.0,45852,82
1986-04-19|4|Hawthorn Hawks|St Kilda Saints,1986-04-19,1986,45679.0,11.0,45679.0,7.0,45679,110
1986-04-25|5|Carlton Blues|Essendon Bombers,1986-04-25,1986,45380.0,22.0,,,45380,65
1986-04-25|5|Melbourne Demons|Sydney Swans,1986-04-25,1986,45698.0,8.0,,,45698,13
1986-04-26|5|Fitzroy Lions|Hawthorn Hawks,1986-04-26,1986,45361.0,26.0,,,45361,72
1986-04-26|5|Richmond Tigers|St Kilda Saints,1986-04-26,1986,45679.0,12.0,45679.0,6.0,45679,86
1986-05-02|6|North Melbourne Kangaroos|St Kilda Saints,1986-05-02,1986,45679.0,10.0,45679.0,5.0,45679,74
1986-05-03|6|Collingwood Magpies|Melbourne Demons,1986-05-03,1986,45698.0,20.0,45698.0,2.0,45698,97
1986-05-03|6|Essendon Bombers|Hawthorn Hawks,1986-05-03,1986,,,45852.0,1.0,45852,49
1986-05-03|6|Fitzroy Lions|Richmond Tigers,1986-05-03,1986,45361.0,11.0,,,45361,29
1986-05-03|6|Geelong Cats|Western Bulldogs,1986-05-03,1986,45906.0,12.0,45906.0,2.0,45906,52
1986-05-04|6|Carlton Blues|Sydney Swans,1986-05-04,1986,45380.0,18.0,,,45380,59
1986-05-10|7|Carlton Blues|Collingwood Magpies,1986-05-10,1986,45380.0,29.0,45380.0,1.0,45380,92
1986-05-10|7|Essendon Bombers|Richmond Tigers,1986-05-10,1986,45852.0,15.0,45852.0,3.0,45852,85
1986-05-10|7|Fitzroy Lions|St Kilda Saints,1986-05-10,1986,45361.0,9.0,45679.0,2.0,45679,35
1986-05-10|7|Geelong Cats|Melbourne Demons,1986-05-10,1986,45698.0,15.0,,,45698,49
1986-05-17|8|Carlton Blues|Geelong Cats,1986-05-17,1986,45380.0,24.0,45906.0,1.0,45380,69
1986-05-17|8|Essendon Bombers|St Kilda Saints,1986-05-17,1986,45679.0,2.0,,,45679,9
1986-05-17|8|Fitzroy Lions|North Melbourne Kangaroos,1986-05-17,1986,45361.0,16.0,,,45361,51
1986-05-17|8|Melbourne Demons|Western Bulldogs,1986-05-17,1986,45698.0,19.0,45698.0,2.0,45698,78
1986-05-18|8|Richmond Tigers|Sydney Swans,1986-05-18,1986,45840.0,10.0,,,45840,35
1986-05-24|9|Carlton Blues|Western Bulldogs,1986-05-24,1986,45380.0,24.0,45380.0,1.0,45380,89
1986-05-24|9|Essendon Bombers|Fitzroy Lions,1986-05-24,1986,45361.0,10.0,,,45361,37
1986-05-24|9|Melbourne Demons|North Melbourne Kangaroos,1986-05-24,1986,45698.0,14.0,,,45698,43
1986-05-24|9|St Kilda Saints|Sydney Swans,1986-05-24,1986,45840.0,6.0,45682.0,1.0,45682,33
1986-05-30|10|Essendon Bombers|North Melbourne Kangaroos,1986-05-30,1986,45852.0,14.0,45852.0,5.0,45852,96
1986-05-31|10|Carlton Blues|Melbourne Demons,1986-05-31,1986,45380.0,22.0,45698.0,1.0,45380,73
1986-05-31|10|Collingwood Magpies|St Kilda Saints,1986-05-31,1986,45682.0,8.0,45682.0,2.0,45682,59
1986-06-01|10|Fitzroy Lions|Sydney Swans,1986-06-01,1986,45361.0,20.0,45361.0,1.0,45361,66
1986-06-07|11|Collingwood Magpies|Fitzroy Lions,1986-06-07,1986,45361.0,3.0,,,45361,10
1986-06-07|11|Geelong Cats|St Kilda Saints,1986-06-07,1986,45679.0,10.0,45679.0,3.0,45679,53
1986-06-09|11|Carlton Blues|North Melbourne Kangaroos,1986-06-09,1986,45380.0,30.0,45380.0,1.0,45380,94
1986-06-09|11|Essendon Bombers|Sydney Swans,1986-06-09,1986,45840.0,11.0,,,45852,53
1986-06-13|12|North Melbourne Kangaroos|Sydney Swans,1986-06-13,1986,45840.0,23.0,,,45840,59
1986-06-14|12|Collingwood Magpies|Essendon Bombers,1986-06-14,1986,45852.0,15.0,,,45852,65
1986-06-14|12|Melbourne Demons|Richmond Tigers,1986-06-14,1986,45698.0,13.0,,,45698,50
1986-06-14|12|St Kilda Saints|Western Bulldogs,1986-06-14,1986,45679.0,12.0,45682.0,2.0,45682,39
1986-06-15|12|Carlton Blues|Hawthorn Hawks,1986-06-15,1986,45380.0,19.0,45380.0,3.0,45380,101
1986-06-21|13|Carlton Blues|Richmond Tigers,1986-06-21,1986,45380.0,27.0,45380.0,3.0,45380,113
1986-06-21|13|Collingwood Magpies|Sydney Swans,1986-06-21,1986,45840.0,11.0,,,45840,36
1986-06-21|13|Essendon Bombers|Geelong Cats,1986-06-21,1986,45852.0,15.0,,,45852,77
1986-06-21|13|Fitzroy Lions|Western Bulldogs,1986-06-21,1986,45672.0,11.0,,,45672,29
1986-06-21|13|Melbourne Demons|St Kilda Saints,1986-06-21,1986,45698.0,15.0,45679.0,4.0,45679,67
1986-06-28|14|Carlton Blues|St Kilda Saints,1986-06-28,1986,45380.0,35.0,45679.0,4.0,45380,119
1986-06-28|14|Essendon Bombers|Western Bulldogs,1986-06-28,1986,45672.0,17.0,45852.0,1.0,45852,76
1986-06-28|14|Fitzroy Lions|Melbourne Demons,1986-06-28,1986,45361.0,17.0,45698.0,1.0,45698,55
1986-06-29|14|Geelong Cats|Sydney Swans,1986-06-29,1986,45840.0,11.0,45840.0,1.0,45840,41
1986-07-05|15|Carlton Blues|Fitzroy Lions,1986-07-05,1986,45361.0,12.0,45380.0,1.0,45361,45
1986-07-05|15|Essendon Bombers|Melbourne Demons,1986-07-05,1986,45852.0,17.0,45852.0,8.0,45852,130
1986-07-05|15|Hawthorn Hawks|St Kilda Saints,1986-07-05,1986,45682.0,8.0,45679.0,1.0,45682,50
1986-07-05|15|Sydney Swans|Western Bulldogs,1986-07-05,1986,45840.0,7.0,,,45840,18
1986-07-12|16|Carlton Blues|North Melbourne Kangaroos,1986-07-12,1986,45380.0,25.0,45380.0,1.0,45380,90
1986-07-12|16|Geelong Cats|St Kilda Saints,1986-07-12,1986,45679.0,14.0,45679.0,4.0,45679,90
1986-07-12|16|Hawthorn Hawks|Melbourne Demons,1986-07-12,1986,45698.0,23.0,,,45698,75
1986-07-13|16|Essendon Bombers|Sydney Swans,1986-07-13,1986,45840.0,16.0,45852.0,2.0,45852,57
1986-07-19|16|Collingwood Magpies|Fitzroy Lions,1986-07-19,1986,45361.0,9.0,,,45361,30
1986-07-20|17|Carlton Blues|Essendon Bombers,1986-07-20,1986,45380.0,14.0,45879.0,3.0,45879,55
1986-07-26|17|Fitzroy Lions|Hawthorn Hawks,1986-07-26,1986,45361.0,9.0,,,45361,19
1986-07-26|17|Richmond Tigers|St Kilda Saints,1986-07-26,1986,45679.0,11.0,45679.0,4.0,45679,63
1986-07-27|17|Melbourne Demons|Sydney Swans,1986-07-27,1986,45840.0,13.0,45698.0,3.0,45698,56
1986-08-02|18|Carlton Blues|Sydney Swans,1986-08-02,1986,45380.0,22.0,45380.0,2.0,45380,94
1986-08-02|18|Collingwood Magpies|Melbourne Demons,1986-08-02,1986,45698.0,9.0,45698.0,1.0,45698,39
1986-08-02|18|Essendon Bombers|Hawthorn Hawks,1986-08-02,1986,45852.0,2.0,,,45852,16
1986-08-02|18|Fitzroy Lions|Richmond Tigers,1986-08-02,1986,45361.0,21.0,,,45361,79
1986-08-02|18|Geelong Cats|Western Bulldogs,1986-08-02,1986,45867.0,5.0,,,45867,6
1986-08-02|18|North Melbourne Kangaroos|St Kilda Saints,1986-08-02,1986,45679.0,12.0,45679.0,8.0,45679,97
1986-08-09|19|Essendon Bombers|Richmond Tigers,1986-08-09,1986,45852.0,22.0,45852.0,11.0,45852,188
1986-08-09|19|Fitzroy Lions|St Kilda Saints,1986-08-09,1986,45361.0,23.0,45679.0,1.0,45361,67
1986-08-09|19|Geelong Cats|Melbourne Demons,1986-08-09,1986,45698.0,16.0,45698.0,7.0,45698,109
1986-08-10|19|Carlton Blues|Collingwood Magpies,1986-08-10,1986,45380.0,26.0,45879.0,4.0,45380,90
1986-08-10|19|Hawthorn Hawks|Sydney Swans,1986-08-10,1986,45840.0,4.0,,,45840,13
1986-08-16|20|Carlton Blues|Geelong Cats,1986-08-16,1986,45380.0,28.0,45380.0,1.0,45380,107
1986-08-16|20|Essendon Bombers|St Kilda Saints,1986-08-16,1986,45852.0,11.0,45852.0,2.0,45852,72
1986-08-16|20|Fitzroy Lions|North Melbourne Kangaroos,1986-08-16,1986,45361.0,19.0,,,45361,60
1986-08-16|20|Melbourne Demons|Western Bulldogs,1986-08-16,1986,45698.0,20.0,45672.0,1.0,45698,63
1986-08-23|21|Carlton Blues|Western Bulldogs,1986-08-23,1986,45380.0,24.0,45380.0,1.0,45380,86
1986-08-23|21|Essendon Bombers|Fitzroy Lions,1986-08-23,1986,45361.0,16.0,,,45361,50
1986-08-23|21|Geelong Cats|Hawthorn Hawks,1986-08-23,1986,45906.0,3.0,,,45906,9
1986-08-23|21|Melbourne Demons|North Melbourne Kangaroos,1986-08-23,1986,45698.0,11.0,45698.0,1.0,45698,47
1986-08-24|21|St Kilda Saints|Sydney Swans,1986-08-24,1986,45679.0,7.0,45679.0,4.0,45679,59
1986-08-30|22|Carlton Blues|Melbourne Demons,1986-08-30,1986,45380.0,26.0,45380.0,6.0,45380,114
1986-08-30|22|Collingwood Magpies|St Kilda Saints,1986-08-30,1986,45679.0,8.0,45679.0,5.0,45679,61
1986-08-30|22|Essendon Bombers|North Melbourne Kangaroos,1986-08-30,1986,45852.0,13.0,,,45852,69
1986-08-30|22|Fitzroy Lions|Sydney Swans,1986-08-30,1986,45361.0,5.0,,,45361,14
1986-08-30|22|Geelong Cats|Richmond Tigers,1986-08-30,1986,45906.0,10.0,,,45906,36
1986-09-06|EF|Essendon Bombers|Fitzroy Lions,1986-09-06,1986,45361.0,10.0,,,45852,48
1986-09-07|QF|Carlton Blues|Sydney Swans,1986-09-07,1986,45380.0,33.0,45380.0,1.0,45380,123
1986-09-13|SF|Carlton Blues|Hawthorn Hawks,1986-09-13,1986,45380.0,23.0,45380.0,1.0,45380,73
1986-09-14|SF|Fitzroy Lions|Sydney Swans,1986-09-14,1986,45361.0,6.0,,,45361,17
1986-09-20|PF|Fitzroy Lions|Hawthorn Hawks,1986-09-20,1986,45361.0,9.0,,,45361,26
1986-09-27|GF|Carlton Blues|Hawthorn Hawks,1986-09-27,1986,45380.0,8.0,,,45380,24
1987-03-27|1|Brisbane Bears|North Melbourne Kangaroos,1987-03-27,1987,45840.0,9.0,,,45840,37
1987-03-28|1|Carlton Blues|Hawthorn Hawks,1987-03-28,1987,45879.0,13.0,45879.0,3.0,45879,60
1987-03-28|1|Collingwood Magpies|Sydney Swans,1987-03-28,1987,45386.0,21.0,,,45455,69
1987-03-28|1|Essendon Bombers|Western Bulldogs,1987-03-28,1987,45852.0,14.0,,,45852,83
1987-03-28|1|Fitzroy Lions|Melbourne Demons,1987-03-28,1987,45939.0,19.0,,,45939,96
1987-03-28|1|Geelong Cats|St Kilda Saints,1987-03-28,1987,45682.0,16.0,45682.0,3.0,45682,92
1987-03-29|1|Richmond Tigers|West Coast Eagles,1987-03-29,1987,45670.0,14.0,,,45670,58
1987-04-03|2|Melbourne Demons|North Melbourne Kangaroos,1987-04-03,1987,45939.0,19.0,45939.0,1.0,45939,79
1987-04-04|2|Brisbane Bears|Geelong Cats,1987-04-04,1987,45840.0,7.0,,,45840,27
1987-04-04|2|Carlton Blues|Collingwood Magpies,1987-04-04,1987,45380.0,22.0,45879.0,4.0,45879,94
1987-04-04|2|Essendon Bombers|West Coast Eagles,1987-04-04,1987,45852.0,16.0,45852.0,2.0,45852,87
1987-04-04|2|Fitzroy Lions|St Kilda Saints,1987-04-04,1987,45361.0,22.0,45679.0,5.0,45682,103
1987-04-10|3|Fitzroy Lions|North Melbourne Kangaroos,1987-04-10,1987,45320.0,16.0,,,45320,62
1987-04-11|3|Brisbane Bears|St Kilda Saints,1987-04-11,1987,45679.0,10.0,45679.0,3.0,45682,63
1987-04-11|3|Carlton Blues|Western Bulldogs,1987-04-11,1987,45380.0,35.0,45879.0,5.0,45380,136
1987-04-11|3|Collingwood Magpies|Hawthorn Hawks,1987-04-11,1987,45386.0,15.0,,,45386,54
1987-04-11|3|Essendon Bombers|Richmond Tigers,1987-04-11,1987,45852.0,10.0,,,45852,77
1987-04-11|3|Geelong Cats|Melbourne Demons,1987-04-11,1987,45867.0,21.0,45596.0,1.0,45939,73
1987-04-12|3|Sydney Swans|West Coast Eagles,1987-04-12,1987,45670.0,16.0,45670.0,2.0,45670,81
1987-04-18|4|Carlton Blues|West Coast Eagles,1987-04-18,1987,45380.0,26.0,45879.0,3.0,45702,104
1987-04-18|4|Geelong Cats|North Melbourne Kangaroos,1987-04-18,1987,45867.0,12.0,,,45867,44
1987-04-18|4|Melbourne Demons|St Kilda Saints,1987-04-18,1987,45679.0,20.0,45679.0,12.0,45679,172
1987-04-19|4|Brisbane Bears|Fitzroy Lions,1987-04-19,1987,45840.0,16.0,,,45840,60
1987-04-20|4|Collingwood Magpies|Richmond Tigers,1987-04-20,1987,45386.0,14.0,,,45386,59
1987-04-20|4|Essendon Bombers|Sydney Swans,1987-04-20,1987,45852.0,13.0,,,45852,75
1987-04-24|5|North Melbourne Kangaroos|St Kilda Saints,1987-04-24,1987,45679.0,13.0,45679.0,5.0,45679,91
1987-04-25|5|Carlton Blues|Essendon Bombers,1987-04-25,1987,45380.0,16.0,45852.0,1.0,45852,84
1987-04-25|5|Collingwood Magpies|Western Bulldogs,1987-04-25,1987,45386.0,24.0,45386.0,1.0,45386,95
1987-04-25|5|Fitzroy Lions|Geelong Cats,1987-04-25,1987,45867.0,25.0,45867.0,2.0,45867,95
1987-04-25|5|Hawthorn Hawks|West Coast Eagles,1987-04-25,1987,45702.0,26.0,45670.0,2.0,45702,105
1987-04-26|5|Brisbane Bears|Melbourne Demons,1987-04-26,1987,45698.0,16.0,45698.0,1.0,45698,75
1987-05-01|6|Carlton Blues|Sydney Swans,1987-05-01,1987,45380.0,22.0,45879.0,2.0,45380,81
1987-05-02|6|Brisbane Bears|Collingwood Magpies,1987-05-02,1987,45386.0,21.0,45386.0,2.0,45386,88
1987-05-02|6|Essendon Bombers|Geelong Cats,1987-05-02,1987,45867.0,21.0,45335.0,4.0,45867,95
1987-05-02|6|Melbourne Demons|Richmond Tigers,1987-05-02,1987,45698.0,15.0,45698.0,3.0,45698,86
1987-05-02|6|St Kilda Saints|Western Bulldogs,1987-05-02,1987,45831.0,17.0,45682.0,1.0,45682,72
1987-05-03|6|Fitzroy Lions|Hawthorn Hawks,1987-05-03,1987,45361.0,17.0,,,45361,60
1987-05-03|6|North Melbourne Kangaroos|West Coast Eagles,1987-05-03,1987,45702.0,28.0,45670.0,3.0,45702,107
1987-05-08|7|Brisbane Bears|West Coast Eagles,1987-05-08,1987,45702.0,27.0,45702.0,1.0,45702,113
1987-05-09|7|Carlton Blues|Geelong Cats,1987-05-09,1987,45380.0,29.0,45867.0,2.0,45380,123
1987-05-09|7|Collingwood Magpies|Melbourne Demons,1987-05-09,1987,45386.0,22.0,45698.0,1.0,45386,83
1987-05-09|7|Essendon Bombers|Fitzroy Lions,1987-05-09,1987,45852.0,14.0,45335.0,1.0,45852,77
1987-05-09|7|Richmond Tigers|St Kilda Saints,1987-05-09,1987,45393.0,17.0,45679.0,6.0,45679,102
1987-05-15|8|Fitzroy Lions|Sydney Swans,1987-05-15,1987,45361.0,15.0,,,45361,56
1987-05-16|8|Collingwood Magpies|Essendon Bombers,1987-05-16,1987,45386.0,14.0,45335.0,3.0,45852,68
1987-05-16|8|Geelong Cats|Hawthorn Hawks,1987-05-16,1987,45867.0,17.0,45867.0,1.0,45867,88
1987-05-16|8|Melbourne Demons|Western Bulldogs,1987-05-16,1987,45672.0,22.0,45698.0,1.0,45698,62
1987-05-16|8|St Kilda Saints|West Coast Eagles,1987-05-16,1987,45679.0,16.0,45679.0,7.0,45679,118
1987-05-17|8|Brisbane Bears|Richmond Tigers,1987-05-17,1987,45840.0,11.0,,,45840,38
1987-05-17|8|Carlton Blues|North Melbourne Kangaroos,1987-05-17,1987,45380.0,17.0,45380.0,1.0,45380,49
1987-05-23|9|Brisbane Bears|Western Bulldogs,1987-05-23,1987,45672.0,15.0,,,45672,43
1987-05-23|9|Carlton Blues|Fitzroy Lions,1987-05-23,1987,45380.0,16.0,45380.0,1.0,45380,63
1987-05-23|9|Collingwood Magpies|St Kilda Saints,1987-05-23,1987,45831.0,22.0,45679.0,2.0,45831,94
1987-05-23|9|Essendon Bombers|Hawthorn Hawks,1987-05-23,1987,45945.0,5.0,45335.0,1.0,45945,36
1987-05-24|9|Geelong Cats|Sydney Swans,1987-05-24,1987,45867.0,12.0,,,45867,37
1987-05-24|9|Melbourne Demons|West Coast Eagles,1987-05-24,1987,45698.0,21.0,45698.0,3.0,45698,104
1987-05-30|10|Brisbane Bears|Carlton Blues,1987-05-30,1987,45380.0,32.0,45380.0,2.0,45380,137
1987-05-30|10|Essendon Bombers|Melbourne Demons,1987-05-30,1987,45852.0,15.0,45698.0,4.0,45852,102
1987-05-30|10|Fitzroy Lions|Western Bulldogs,1987-05-30,1987,45672.0,17.0,45672.0,1.0,45672,66
1987-05-30|10|Geelong Cats|Richmond Tigers,1987-05-30,1987,45867.0,7.0,,,45867,27
1987-05-30|10|Hawthorn Hawks|St Kilda Saints,1987-05-30,1987,45393.0,14.0,45679.0,5.0,45679,82
1987-06-01|10|Collingwood Magpies|West Coast Eagles,1987-06-01,1987,45702.0,16.0,45702.0,1.0,45702,86
1987-06-06|11|Essendon Bombers|St Kilda Saints,1987-06-06,1987,45831.0,15.0,45679.0,9.0,45679,103
1987-06-06|11|West Coast Eagles|Western Bulldogs,1987-06-06,1987,45702.0,20.0,45670.0,2.0,45702,76
1987-06-07|11|Brisbane Bears|Sydney Swans,1987-06-07,1987,45840.0,9.0,,,45840,28
1987-06-08|11|Carlton Blues|Melbourne Demons,1987-06-08,1987,45380.0,25.0,45380.0,1.0,45380,97
1987-06-08|11|Collingwood Magpies|Geelong Cats,1987-06-08,1987,45386.0,14.0,,,45386,57
1987-06-08|11|Fitzroy Lions|Richmond Tigers,1987-06-08,1987,45361.0,7.0,,,45361,20
1987-06-12|12|Essendon Bombers|North Melbourne Kangaroos,1987-06-12,1987,45852.0,11.0,45852.0,1.0,45852,58
1987-06-13|12|Carlton Blues|St Kilda Saints,1987-06-13,1987,45380.0,31.0,45679.0,3.0,45380,119
1987-06-13|12|Collingwood Magpies|Fitzroy Lions,1987-06-13,1987,45386.0,15.0,,,45386,55
1987-06-13|12|Geelong Cats|West Coast Eagles,1987-06-13,1987,45670.0,15.0,,,45670,65
1987-06-13|12|Melbourne Demons|Sydney Swans,1987-06-13,1987,45690.0,9.0,45698.0,2.0,45698,78
1987-06-13|12|Richmond Tigers|Western Bulldogs,1987-06-13,1987,45672.0,10.0,45672.0,1.0,45672,45
1987-06-14|12|Brisbane Bears|Hawthorn Hawks,1987-06-14,1987,45840.0,4.0,,,45840,11
1987-06-19|13|Fitzroy Lions|West Coast Eagles,1987-06-19,1987,45702.0,32.0,45702.0,2.0,45702,135
1987-06-20|13|Brisbane Bears|Essendon Bombers,1987-06-20,1987,45840.0,8.0,,,45840,33
1987-06-20|13|Carlton Blues|Richmond Tigers,1987-06-20,1987,45380.0,16.0,,,45380,61
1987-06-20|13|Collingwood Magpies|North Melbourne Kangaroos,1987-06-20,1987,45386.0,16.0,,,45386,62
1987-06-20|13|Geelong Cats|Western Bulldogs,1987-06-20,1987,45672.0,30.0,45906.0,1.0,45672,90
1987-06-20|13|Hawthorn Hawks|Melbourne Demons,1987-06-20,1987,45698.0,10.0,,,45698,35
1987-06-21|13|St Kilda Saints|Sydney Swans,1987-06-21,1987,45831.0,19.0,45682.0,4.0,45831,79
1987-06-26|14|Collingwood Magpies|Sydney Swans,1987-06-26,1987,45386.0,18.0,45386.0,2.0,45386,64
1987-06-27|14|Carlton Blues|Hawthorn Hawks,1987-06-27,1987,45380.0,22.0,,,45380,59
1987-06-27|14|Essendon Bombers|Western Bulldogs,1987-06-27,1987,45672.0,18.0,45672.0,1.0,45672,64
1987-06-27|14|Fitzroy Lions|Melbourne Demons,1987-06-27,1987,45698.0,20.0,,,45698,58
1987-06-27|14|Geelong Cats|St Kilda Saints,1987-06-27,1987,45393.0,23.0,45679.0,1.0,45682,111
1987-06-27|14|Richmond Tigers|West Coast Eagles,1987-06-27,1987,45702.0,21.0,,,45702,81
1987-07-03|15|Essendon Bombers|West Coast Eagles,1987-07-03,1987,45852.0,22.0,45852.0,11.0,45852,165
1987-07-04|15|Fitzroy Lions|St Kilda Saints,1987-07-04,1987,45393.0,24.0,45679.0,5.0,45679,100
1987-07-04|15|Melbourne Demons|North Melbourne Kangaroos,1987-07-04,1987,45698.0,16.0,45698.0,1.0,45698,61
1987-07-04|15|Sydney Swans|Western Bulldogs,1987-07-04,1987,45672.0,7.0,,,45672,19
1987-07-05|15|Brisbane Bears|Geelong Cats,1987-07-05,1987,45906.0,9.0,,,45906,37
1987-07-10|17|Carlton Blues|West Coast Eagles,1987-07-10,1987,45670.0,27.0,,,45702,91
1987-07-11|16|Essendon Bombers|Richmond Tigers,1987-07-11,1987,45852.0,15.0,45852.0,9.0,45852,136
1987-07-11|16|Fitzroy Lions|North Melbourne Kangaroos,1987-07-11,1987,45877.0,4.0,,,45877,38
1987-07-12|16|Brisbane Bears|St Kilda Saints,1987-07-12,1987,45393.0,18.0,45679.0,8.0,45682,119
1987-07-18|16|Carlton Blues|Western Bulldogs,1987-07-18,1987,45380.0,17.0,45879.0,2.0,45879,47
1987-07-18|16|Collingwood Magpies|Hawthorn Hawks,1987-07-18,1987,45386.0,16.0,,,45386,50
1987-07-18|17|Geelong Cats|North Melbourne Kangaroos,1987-07-18,1987,45906.0,19.0,45906.0,1.0,45906,67
1987-07-18|17|Melbourne Demons|St Kilda Saints,1987-07-18,1987,45831.0,23.0,45679.0,9.0,45679,141
1987-07-19|16|Sydney Swans|West Coast Eagles,1987-07-19,1987,45702.0,22.0,,,45702,81
1987-07-25|16|Geelong Cats|Melbourne Demons,1987-07-25,1987,45939.0,16.0,45939.0,1.0,45939,49
1987-07-25|17|Collingwood Magpies|Richmond Tigers,1987-07-25,1987,45386.0,12.0,,,45386,41
1987-07-26|17|Essendon Bombers|Sydney Swans,1987-07-26,1987,45852.0,8.0,45852.0,1.0,45852,41
1987-08-01|18|Brisbane Bears|Melbourne Demons,1987-08-01,1987,45939.0,17.0,45690.0,1.0,45939,56
1987-08-01|18|Carlton Blues|Essendon Bombers,1987-08-01,1987,45380.0,27.0,45852.0,4.0,45380,88
1987-08-01|18|Collingwood Magpies|Western Bulldogs,1987-08-01,1987,45672.0,14.0,45672.0,1.0,45672,50
1987-08-01|18|Fitzroy Lions|Geelong Cats,1987-08-01,1987,45906.0,18.0,45867.0,1.0,45906,61
1987-08-01|18|North Melbourne Kangaroos|St Kilda Saints,1987-08-01,1987,45393.0,23.0,45679.0,8.0,45679,124
1987-08-02|18|Hawthorn Hawks|West Coast Eagles,1987-08-02,1987,45702.0,30.0,45670.0,4.0,45702,110
1987-08-07|19|North Melbourne Kangaroos|West Coast Eagles,1987-08-07,1987,45702.0,7.0,45670.0,5.0,45670,91
1987-08-08|19|Carlton Blues|Sydney Swans,1987-08-08,1987,45380.0,27.0,45879.0,2.0,45380,94
1987-08-08|19|Essendon Bombers|Geelong Cats,1987-08-08,1987,45867.0,20.0,45852.0,3.0,45852,79
1987-08-08|19|Melbourne Demons|Richmond Tigers,1987-08-08,1987,45698.0,20.0,45698.0,4.0,45698,98
1987-08-08|19|St Kilda Saints|Western Bulldogs,1987-08-08,1987,45831.0,21.0,45679.0,8.0,45679,119
1987-08-09|19|Brisbane Bears|Collingwood Magpies,1987-08-09,1987,45840.0,8.0,,,45455,21
1987-08-15|20|Carlton Blues|Geelong Cats,1987-08-15,1987,45380.0,23.0,,,45380,84
1987-08-15|20|Collingwood Magpies|Melbourne Demons,1987-08-15,1987,45698.0,20.0,45698.0,3.0,45698,96
1987-08-15|20|Essendon Bombers|Fitzroy Lions,1987-08-15,1987,45852.0,11.0,45852.0,1.0,45852,57
1987-08-15|20|North Melbourne Kangaroos|Western Bulldogs,1987-08-15,1987,45650.0,13.0,,,45650,49
1987-08-15|20|Richmond Tigers|St Kilda Saints,1987-08-15,1987,45393.0,17.0,45679.0,3.0,45682,50
1987-08-16|20|Brisbane Bears|West Coast Eagles,1987-08-16,1987,45670.0,19.0,45670.0,2.0,45670,103
1987-08-21|21|Melbourne Demons|West Coast Eagles,1987-08-21,1987,45939.0,28.0,45698.0,1.0,45939,119
1987-08-22|21|Carlton Blues|Fitzroy Lions,1987-08-22,1987,45380.0,27.0,45380.0,2.0,45380,94
1987-08-22|21|Collingwood Magpies|St Kilda Saints,1987-08-22,1987,45393.0,21.0,45679.0,8.0,45679,138
1987-08-22|21|Essendon Bombers|Hawthorn Hawks,1987-08-22,1987,45945.0,12.0,,,45852,64
1987-08-23|21|Brisbane Bears|Western Bulldogs,1987-08-23,1987,45650.0,16.0,45650.0,2.0,45650,56
1987-08-23|21|Geelong Cats|Sydney Swans,1987-08-23,1987,45478.0,12.0,45478.0,1.0,45478,58
1987-08-29|22|Carlton Blues|North Melbourne Kangaroos,1987-08-29,1987,45380.0,25.0,45380.0,2.0,45380,91
1987-08-29|22|Geelong Cats|Hawthorn Hawks,1987-08-29,1987,45596.0,21.0,45906.0,2.0,45596,80
1987-08-29|22|Melbourne Demons|Western Bulldogs,1987-08-29,1987,45939.0,11.0,45650.0,2.0,45650,45
1987-08-30|22|Collingwood Magpies|Essendon Bombers,1987-08-30,1987,45455.0,17.0,,,45455,58
1987-08-30|22|St Kilda Saints|West Coast Eagles,1987-08-30,1987,45393.0,27.0,45670.0,7.0,45670,111
1987-09-06|EF|Melbourne Demons|North Melbourne Kangaroos,1987-09-06,1987,45939.0,18.0,45939.0,1.0,45939,71
1987-09-12|SF|Carlton Blues|Hawthorn Hawks,1987-09-12,1987,45380.0,19.0,,,45380,75
1987-09-13|SF|Melbourne Demons|Sydney Swans,1987-09-13,1987,45939.0,15.0,45939.0,2.0,45939,48
1987-09-19|PF|Hawthorn Hawks|Melbourne Demons,1987-09-19,1987,45939.0,18.0,45939.0,1.0,45939,84
1987-09-26|GF|Carlton Blues|Hawthorn Hawks,1987-09-26,1987,45380.0,17.0,45380.0,3.0,45380,64
1988-04-02|1|Carlton Blues|Hawthorn Hawks,1988-04-02,1988,45380.0,23.0,45879.0,3.0,45380,95
1988-04-02|1|Essendon Bombers|North Melbourne Kangaroos,1988-04-02,1988,45352.0,24.0,45852.0,7.0,45852,96
1988-04-02|1|Geelong Cats|West Coast Eagles,1988-04-02,1988,45867.0,23.0,45478.0,1.0,45867,75
1988-04-03|1|Brisbane Bears|Collingwood Magpies,1988-04-03,1988,45455.0,15.0,,,45455,52
1988-04-04|1|Fitzroy Lions|St Kilda Saints,1988-04-04,1988,45393.0,22.0,45679.0,4.0,45393,81
1988-04-04|1|Melbourne Demons|Richmond Tigers,1988-04-04,1988,45698.0,17.0,45698.0,4.0,45698,97
1988-04-04|1|Sydney Swans|Western Bulldogs,1988-04-04,1988,45597.0,13.0,,,45597,35
1988-04-08|2|Essendon Bombers|West Coast Eagles,1988-04-08,1988,45702.0,25.0,45352.0,1.0,45702,85
1988-04-09|2|Brisbane Bears|Carlton Blues,1988-04-09,1988,45380.0,18.0,,,45380,68
1988-04-09|2|Collingwood Magpies|Fitzroy Lions,1988-04-09,1988,45361.0,19.0,,,45361,58
1988-04-09|2|Geelong Cats|North Melbourne Kangaroos,1988-04-09,1988,45867.0,30.0,45867.0,2.0,45867,101
1988-04-09|2|Hawthorn Hawks|Richmond Tigers,1988-04-09,1988,45661.0,18.0,,,45661,73
1988-04-09|2|Melbourne Demons|Western Bulldogs,1988-04-09,1988,45698.0,19.0,45698.0,2.0,45698,76
1988-04-10|2|St Kilda Saints|Sydney Swans,1988-04-10,1988,45393.0,22.0,,,45393,80
1988-04-16|3|Carlton Blues|Essendon Bombers,1988-04-16,1988,45352.0,20.0,45352.0,2.0,45380,78
1988-04-16|3|Collingwood Magpies|Richmond Tigers,1988-04-16,1988,45661.0,27.0,45661.0,2.0,45661,101
1988-04-16|3|Fitzroy Lions|Western Bulldogs,1988-04-16,1988,45695.0,15.0,45695.0,2.0,45695,92
1988-04-16|3|Geelong Cats|Melbourne Demons,1988-04-16,1988,45867.0,23.0,,,45867,90
1988-04-16|3|North Melbourne Kangaroos|St Kilda Saints,1988-04-16,1988,45709.0,21.0,45682.0,2.0,45831,73
1988-04-17|3|Brisbane Bears|West Coast Eagles,1988-04-17,1988,45702.0,28.0,45702.0,2.0,45702,120
1988-04-22|4|Brisbane Bears|Melbourne Demons,1988-04-22,1988,45698.0,12.0,45698.0,1.0,45698,44
1988-04-23|4|Collingwood Magpies|West Coast Eagles,1988-04-23,1988,45386.0,29.0,,,45386,100
1988-04-23|4|Fitzroy Lions|Hawthorn Hawks,1988-04-23,1988,45695.0,9.0,45695.0,4.0,45695,82
1988-04-23|4|North Melbourne Kangaroos|Western Bulldogs,1988-04-23,1988,45320.0,28.0,45684.0,4.0,45320,85
1988-04-24|4|Carlton Blues|Sydney Swans,1988-04-24,1988,45380.0,19.0,45380.0,2.0,45380,82
1988-04-25|4|Essendon Bombers|St Kilda Saints,1988-04-25,1988,45352.0,26.0,45352.0,3.0,45352,120
1988-04-25|4|Geelong Cats|Richmond Tigers,1988-04-25,1988,45478.0,26.0,45478.0,2.0,45478,108
1988-04-29|5|West Coast Eagles|Western Bulldogs,1988-04-29,1988,45650.0,20.0,45650.0,1.0,45702,93
1988-04-30|5|Brisbane Bears|St Kilda Saints,1988-04-30,1988,45831.0,18.0,45679.0,5.0,45682,106
1988-04-30|5|Carlton Blues|Collingwood Magpies,1988-04-30,1988,45380.0,25.0,45380.0,1.0,45380,83
1988-04-30|5|Essendon Bombers|Geelong Cats,1988-04-30,1988,45478.0,22.0,45906.0,3.0,45478,94
1988-04-30|5|Fitzroy Lions|Richmond Tigers,1988-04-30,1988,45361.0,19.0,,,45361,72
1988-04-30|5|Hawthorn Hawks|North Melbourne Kangaroos,1988-04-30,1988,45320.0,21.0,45684.0,1.0,45320,63
1988-05-01|5|Melbourne Demons|Sydney Swans,1988-05-01,1988,45698.0,20.0,45698.0,4.0,45698,117
1988-05-06|6|North Melbourne Kangaroos|West Coast Eagles,1988-05-06,1988,45320.0,18.0,45670.0,5.0,45670,64
1988-05-07|6|Carlton Blues|St Kilda Saints,1988-05-07,1988,45831.0,27.0,45679.0,3.0,45831,84
1988-05-07|6|Collingwood Magpies|Hawthorn Hawks,1988-05-07,1988,45386.0,17.0,45386.0,1.0,45386,66
1988-05-07|6|Essendon Bombers|Melbourne Demons,1988-05-07,1988,45352.0,21.0,45698.0,3.0,45352,77
1988-05-07|6|Richmond Tigers|Western Bulldogs,1988-05-07,1988,45650.0,21.0,45650.0,1.0,45650,74
1988-05-08|6|Brisbane Bears|Fitzroy Lions,1988-05-08,1988,45361.0,21.0,45695.0,4.0,45361,84
1988-05-08|6|Geelong Cats|Sydney Swans,1988-05-08,1988,45867.0,25.0,45867.0,2.0,45867,100
1988-05-13|7|St Kilda Saints|West Coast Eagles,1988-05-13,1988,45393.0,23.0,45670.0,4.0,45728,93
1988-05-14|7|Carlton Blues|Geelong Cats,1988-05-14,1988,45380.0,35.0,45906.0,3.0,45380,130
1988-05-14|7|Collingwood Magpies|Essendon Bombers,1988-05-14,1988,45386.0,20.0,45352.0,1.0,45386,82
1988-05-14|7|Fitzroy Lions|Sydney Swans,1988-05-14,1988,45361.0,18.0,,,45361,64
1988-05-14|7|Hawthorn Hawks|Melbourne Demons,1988-05-14,1988,45512.0,19.0,45512.0,1.0,45512,81
1988-05-15|7|Brisbane Bears|Western Bulldogs,1988-05-15,1988,45650.0,24.0,,,45650,68
1988-05-15|7|North Melbourne Kangaroos|Richmond Tigers,1988-05-15,1988,45661.0,24.0,45320.0,2.0,45320,80
1988-05-21|8|Carlton Blues|North Melbourne Kangaroos,1988-05-21,1988,45380.0,31.0,45879.0,2.0,45380,111
1988-05-21|8|Collingwood Magpies|Western Bulldogs,1988-05-21,1988,45386.0,23.0,45386.0,1.0,45386,79
1988-05-21|8|Essendon Bombers|Richmond Tigers,1988-05-21,1988,45352.0,21.0,45352.0,2.0,45352,99
1988-05-21|8|Fitzroy Lions|Melbourne Demons,1988-05-21,1988,45361.0,26.0,,,45361,92
1988-05-22|8|Geelong Cats|St Kilda Saints,1988-05-22,1988,45867.0,33.0,45679.0,7.0,45867,119
1988-05-22|8|Hawthorn Hawks|West Coast Eagles,1988-05-22,1988,45550.0,22.0,45670.0,1.0,45550,85
1988-05-27|9|Brisbane Bears|Essendon Bombers,1988-05-27,1988,45352.0,15.0,45852.0,5.0,45852,91
1988-05-28|9|Collingwood Magpies|North Melbourne Kangaroos,1988-05-28,1988,45455.0,10.0,45320.0,1.0,45386,63
1988-05-28|9|Fitzroy Lions|Geelong Cats,1988-05-28,1988,45478.0,33.0,45867.0,3.0,45867,136
1988-05-28|9|Hawthorn Hawks|Western Bulldogs,1988-05-28,1988,45550.0,13.0,,,45550,56
1988-05-28|9|Melbourne Demons|St Kilda Saints,1988-05-28,1988,45393.0,17.0,45679.0,7.0,45679,119
1988-05-28|9|Richmond Tigers|Sydney Swans,1988-05-28,1988,45661.0,13.0,,,45661,35
1988-05-29|9|Carlton Blues|West Coast Eagles,1988-05-29,1988,45380.0,32.0,45380.0,1.0,45380,119
1988-06-03|10|Essendon Bombers|Sydney Swans,1988-06-03,1988,45852.0,17.0,45852.0,3.0,45852,72
1988-06-04|10|Carlton Blues|Western Bulldogs,1988-06-04,1988,45380.0,23.0,,,45380,81
1988-06-04|10|Collingwood Magpies|Melbourne Demons,1988-06-04,1988,45386.0,29.0,,,45386,101
1988-06-04|10|Fitzroy Lions|North Melbourne Kangaroos,1988-06-04,1988,45709.0,16.0,45695.0,3.0,45361,69
1988-06-04|10|Hawthorn Hawks|St Kilda Saints,1988-06-04,1988,45393.0,29.0,45679.0,9.0,45679,159
1988-06-05|10|Brisbane Bears|Geelong Cats,1988-06-05,1988,45478.0,27.0,45478.0,1.0,45478,102
1988-06-05|10|Richmond Tigers|West Coast Eagles,1988-06-05,1988,45702.0,29.0,45702.0,1.0,45702,103
1988-06-10|11|North Melbourne Kangaroos|Sydney Swans,1988-06-10,1988,45709.0,15.0,,,45709,48
1988-06-11|11|Carlton Blues|Fitzroy Lions,1988-06-11,1988,45380.0,37.0,45695.0,2.0,45380,138
1988-06-11|11|St Kilda Saints|Western Bulldogs,1988-06-11,1988,45393.0,23.0,45682.0,1.0,45682,76
1988-06-12|11|Brisbane Bears|Richmond Tigers,1988-06-12,1988,45661.0,19.0,,,45661,47
1988-06-13|11|Collingwood Magpies|Geelong Cats,1988-06-13,1988,45478.0,30.0,45478.0,1.0,45478,102
1988-06-13|11|Essendon Bombers|Hawthorn Hawks,1988-06-13,1988,45852.0,12.0,45852.0,1.0,45852,58
1988-06-13|11|Melbourne Demons|West Coast Eagles,1988-06-13,1988,45702.0,23.0,,,45698,80
1988-06-17|12|Carlton Blues|Richmond Tigers,1988-06-17,1988,45380.0,24.0,,,45380,90
1988-06-18|12|Collingwood Magpies|St Kilda Saints,1988-06-18,1988,45455.0,27.0,,,45455,84
1988-06-18|12|Essendon Bombers|Fitzroy Lions,1988-06-18,1988,45361.0,18.0,45361.0,2.0,45852,70
1988-06-18|12|Geelong Cats|Western Bulldogs,1988-06-18,1988,45478.0,18.0,,,45478,72
1988-06-18|12|Melbourne Demons|North Melbourne Kangaroos,1988-06-18,1988,45709.0,22.0,45320.0,1.0,45709,72
1988-06-19|12|Sydney Swans|West Coast Eagles,1988-06-19,1988,45728.0,20.0,,,45728,66
1988-06-25|13|Brisbane Bears|North Melbourne Kangaroos,1988-06-25,1988,45320.0,26.0,45320.0,1.0,45320,100
1988-06-25|13|Carlton Blues|Melbourne Demons,1988-06-25,1988,45380.0,24.0,45698.0,2.0,45698,84
1988-06-25|13|Collingwood Magpies|Sydney Swans,1988-06-25,1988,45386.0,35.0,,,45386,105
1988-06-25|13|Essendon Bombers|Western Bulldogs,1988-06-25,1988,45852.0,15.0,45852.0,2.0,45852,83
1988-06-25|13|Geelong Cats|Hawthorn Hawks,1988-06-25,1988,45478.0,26.0,45478.0,1.0,45478,79
1988-06-25|13|Richmond Tigers|St Kilda Saints,1988-06-25,1988,45393.0,39.0,45393.0,2.0,45393,154
1988-06-26|13|Fitzroy Lions|West Coast Eagles,1988-06-26,1988,45702.0,29.0,45695.0,3.0,45702,106
1988-07-01|14|Richmond Tigers|Sydney Swans,1988-07-01,1988,45661.0,20.0,45661.0,1.0,45661,77
1988-07-02|14|Carlton Blues|Collingwood Magpies,1988-07-02,1988,45386.0,25.0,45386.0,2.0,45386,101
1988-07-02|14|Essendon Bombers|West Coast Eagles,1988-07-02,1988,45702.0,28.0,45702.0,2.0,45702,108
1988-07-02|14|Fitzroy Lions|North Melbourne Kangaroos,1988-07-02,1988,45320.0,21.0,45684.0,1.0,45361,70
1988-07-02|14|Geelong Cats|Melbourne Demons,1988-07-02,1988,45596.0,21.0,45698.0,1.0,45698,87
1988-07-03|14|Brisbane Bears|St Kilda Saints,1988-07-03,1988,45393.0,20.0,45831.0,1.0,45831,78
1988-07-09|15|Carlton Blues|St Kilda Saints,1988-07-09,1988,45380.0,30.0,45682.0,2.0,45380,120
1988-07-09|15|Collingwood Magpies|Fitzroy Lions,1988-07-09,1988,45384.0,15.0,45384.0,3.0,45384,69
1988-07-09|15|Melbourne Demons|Sydney Swans,1988-07-09,1988,45939.0,9.0,,,45939,32
1988-07-09|15|Richmond Tigers|Western Bulldogs,1988-07-09,1988,45661.0,21.0,,,45661,64
1988-07-10|15|Brisbane Bears|Hawthorn Hawks,1988-07-10,1988,45550.0,16.0,,,45550,40
1988-07-10|15|Essendon Bombers|North Melbourne Kangaroos,1988-07-10,1988,45891.0,19.0,45852.0,2.0,45891,99
1988-07-10|15|Geelong Cats|West Coast Eagles,1988-07-10,1988,45702.0,28.0,45702.0,3.0,45702,112
1988-07-15|16|Brisbane Bears|West Coast Eagles,1988-07-15,1988,45702.0,29.0,,,45702,97
1988-07-16|16|Carlton Blues|Geelong Cats,1988-07-16,1988,45867.0,33.0,45867.0,1.0,45867,109
1988-07-16|16|Collingwood Magpies|Melbourne Demons,1988-07-16,1988,45386.0,17.0,45455.0,3.0,45698,86
1988-07-16|16|Essendon Bombers|Fitzroy Lions,1988-07-16,1988,45384.0,20.0,45695.0,2.0,45384,75
1988-07-16|16|Richmond Tigers|St Kilda Saints,1988-07-16,1988,45661.0,27.0,45661.0,1.0,45831,97
1988-07-17|16|Hawthorn Hawks|Sydney Swans,1988-07-17,1988,45550.0,6.0,,,45550,18
1988-07-17|16|North Melbourne Kangaroos|Western Bulldogs,1988-07-17,1988,45320.0,24.0,45684.0,5.0,45320,94
1988-07-22|17|Fitzroy Lions|West Coast Eagles,1988-07-22,1988,45702.0,28.0,45361.0,1.0,45702,127
1988-07-23|17|Carlton Blues|Richmond Tigers,1988-07-23,1988,45661.0,20.0,45879.0,3.0,45879,84
1988-07-23|17|Collingwood Magpies|North Melbourne Kangaroos,1988-07-23,1988,45386.0,21.0,45684.0,3.0,45386,65
1988-07-23|17|Geelong Cats|Western Bulldogs,1988-07-23,1988,45478.0,25.0,45867.0,2.0,45478,97
1988-07-23|17|Hawthorn Hawks|Melbourne Demons,1988-07-23,1988,45698.0,15.0,45698.0,1.0,45698,65
1988-07-23|17|St Kilda Saints|Sydney Swans,1988-07-23,1988,45682.0,9.0,45831.0,1.0,45393,102
1988-07-24|17|Brisbane Bears|Essendon Bombers,1988-07-24,1988,45352.0,22.0,45352.0,1.0,45352,94
1988-07-29|18|Geelong Cats|Sydney Swans,1988-07-29,1988,45478.0,22.0,45478.0,1.0,45478,85
1988-07-30|18|Carlton Blues|Fitzroy Lions,1988-07-30,1988,45380.0,28.0,45361.0,1.0,45380,91
1988-07-30|18|Collingwood Magpies|St Kilda Saints,1988-07-30,1988,45386.0,23.0,45393.0,1.0,45386,86
1988-07-30|18|Essendon Bombers|Hawthorn Hawks,1988-07-30,1988,45852.0,15.0,45852.0,2.0,45852,73
1988-07-30|18|North Melbourne Kangaroos|Richmond Tigers,1988-07-30,1988,45661.0,31.0,45647.0,1.0,45661,88
1988-07-31|18|Brisbane Bears|Western Bulldogs,1988-07-31,1988,45597.0,4.0,,,45597,21
1988-07-31|18|Melbourne Demons|West Coast Eagles,1988-07-31,1988,45728.0,20.0,45698.0,2.0,45728,71
1988-08-05|19|Brisbane Bears|Collingwood Magpies,1988-08-05,1988,45386.0,26.0,45386.0,1.0,45386,119
1988-08-06|19|Carlton Blues|Sydney Swans,1988-08-06,1988,45380.0,24.0,45380.0,1.0,45380,94
1988-08-06|19|Essendon Bombers|Geelong Cats,1988-08-06,1988,45352.0,26.0,45352.0,1.0,45352,105
1988-08-06|19|Fitzroy Lions|Hawthorn Hawks,1988-08-06,1988,45361.0,16.0,45384.0,2.0,45384,70
1988-08-06|19|Melbourne Demons|Richmond Tigers,1988-08-06,1988,45661.0,29.0,45698.0,2.0,45698,81
1988-08-06|19|St Kilda Saints|Western Bulldogs,1988-08-06,1988,45393.0,16.0,,,45682,47
1988-08-07|19|North Melbourne Kangaroos|West Coast Eagles,1988-08-07,1988,45728.0,27.0,45320.0,2.0,45684,77
1988-08-12|20|Brisbane Bears|Richmond Tigers,1988-08-12,1988,45661.0,21.0,,,45661,72
1988-08-13|20|Carlton Blues|North Melbourne Kangaroos,1988-08-13,1988,45380.0,39.0,45684.0,3.0,45380,112
1988-08-13|20|Collingwood Magpies|Essendon Bombers,1988-08-13,1988,45455.0,19.0,45852.0,3.0,45852,80
1988-08-13|20|Melbourne Demons|Western Bulldogs,1988-08-13,1988,45698.0,16.0,45698.0,2.0,45698,78
1988-08-13|20|St Kilda Saints|West Coast Eagles,1988-08-13,1988,45728.0,26.0,45670.0,4.0,45702,98
1988-08-14|20|Fitzroy Lions|Sydney Swans,1988-08-14,1988,45361.0,27.0,45361.0,1.0,45361,115
1988-08-14|20|Geelong Cats|Hawthorn Hawks,1988-08-14,1988,45478.0,22.0,45478.0,1.0,45478,70
1988-08-19|21|North Melbourne Kangaroos|Sydney Swans,1988-08-19,1988,45862.0,20.0,45320.0,3.0,45862,91
1988-08-20|21|Essendon Bombers|Melbourne Demons,1988-08-20,1988,45352.0,17.0,45852.0,4.0,45852,82
1988-08-20|21|Fitzroy Lions|Western Bulldogs,1988-08-20,1988,45361.0,25.0,45384.0,2.0,45384,89
1988-08-20|21|Geelong Cats|Richmond Tigers,1988-08-20,1988,45478.0,30.0,45478.0,1.0,45478,82
1988-08-20|21|Hawthorn Hawks|St Kilda Saints,1988-08-20,1988,45393.0,22.0,45577.0,2.0,45393,91
1988-08-21|21|Brisbane Bears|Carlton Blues,1988-08-21,1988,45380.0,22.0,,,45380,77
1988-08-21|21|Collingwood Magpies|West Coast Eagles,1988-08-21,1988,45386.0,25.0,45455.0,1.0,45386,79
1988-08-26|22|Fitzroy Lions|Richmond Tigers,1988-08-26,1988,45384.0,27.0,45384.0,3.0,45384,104
1988-08-27|22|Carlton Blues|Melbourne Demons,1988-08-27,1988,45698.0,16.0,45698.0,3.0,45698,88
1988-08-27|22|Collingwood Magpies|Geelong Cats,1988-08-27,1988,45478.0,32.0,,,45478,111
1988-08-27|22|Essendon Bombers|St Kilda Saints,1988-08-27,1988,45352.0,25.0,45945.0,3.0,45393,82
1988-08-27|22|Hawthorn Hawks|North Melbourne Kangaroos,1988-08-27,1988,45862.0,26.0,,,45862,85
1988-08-28|22|West Coast Eagles|Western Bulldogs,1988-08-28,1988,45702.0,30.0,,,45702,98
1988-09-03|EF|Melbourne Demons|West Coast Eagles,1988-09-03,1988,45698.0,18.0,45698.0,1.0,45698,88
1988-09-04|QF|Carlton Blues|Collingwood Magpies,1988-09-04,1988,45380.0,22.0,45380.0,1.0,45380,81
1988-09-10|SF|Carlton Blues|Hawthorn Hawks,1988-09-10,1988,45380.0,22.0,45879.0,1.0,45380,66
1988-09-11|SF|Collingwood Magpies|Melbourne Demons,1988-09-11,1988,45698.0,21.0,45698.0,2.0,45698,95
1988-09-17|PF|Carlton Blues|Melbourne Demons,1988-09-17,1988,45380.0,32.0,45698.0,3.0,45698,108
1988-09-24|GF|Hawthorn Hawks|Melbourne Demons,1988-09-24,1988,45698.0,12.0,45698.0,2.0,45698,49
1989-03-31|1|Essendon Bombers|West Coast Eagles,1989-03-31,1989,45728.0,21.0,45852.0,3.0,45852,66
1989-04-01|1|Brisbane Bears|St Kilda Saints,1989-04-01,1989,45393.0,22.0,45679.0,9.0,45679,148
1989-04-01|1|Carlton Blues|Western Bulldogs,1989-04-01,1989,45597.0,23.0,45879.0,1.0,45597,90
1989-04-01|1|Collingwood Magpies|Hawthorn Hawks,1989-04-01,1989,45386.0,25.0,45550.0,1.0,45386,96
1989-04-01|1|Fitzroy Lions|Melbourne Demons,1989-04-01,1989,45384.0,24.0,45698.0,4.0,45384,94
1989-04-02|1|Geelong Cats|North Melbourne Kangaroos,1989-04-02,1989,45709.0,21.0,45596.0,2.0,45596,98
1989-04-02|1|Richmond Tigers|Sydney Swans,1989-04-02,1989,45661.0,20.0,,,45661,70
1989-04-08|2|Carlton Blues|St Kilda Saints,1989-04-08,1989,45393.0,25.0,45679.0,10.0,45679,143
1989-04-08|2|Collingwood Magpies|Fitzroy Lions,1989-04-08,1989,45386.0,29.0,45384.0,3.0,45386,105
1989-04-08|2|Essendon Bombers|Melbourne Demons,1989-04-08,1989,45352.0,17.0,45352.0,3.0,45683,71
1989-04-08|2|Hawthorn Hawks|North Melbourne Kangaroos,1989-04-08,1989,45862.0,20.0,,,45862,60
1989-04-08|2|Richmond Tigers|Western Bulldogs,1989-04-08,1989,45661.0,29.0,45661.0,1.0,45661,100
1989-04-09|2|Brisbane Bears|Sydney Swans,1989-04-09,1989,45840.0,14.0,,,45840,40
1989-04-09|2|Geelong Cats|West Coast Eagles,1989-04-09,1989,45702.0,27.0,45596.0,3.0,45702,106
1989-04-15|3|Brisbane Bears|Collingwood Magpies,1989-04-15,1989,45455.0,25.0,,,45455,79
1989-04-15|3|Essendon Bombers|Hawthorn Hawks,1989-04-15,1989,45683.0,16.0,45352.0,1.0,45352,58
1989-04-15|3|Fitzroy Lions|St Kilda Saints,1989-04-15,1989,45393.0,20.0,45679.0,8.0,45679,102
1989-04-15|3|Melbourne Demons|Richmond Tigers,1989-04-15,1989,45698.0,20.0,,,45698,66
1989-04-15|3|North Melbourne Kangaroos|Western Bulldogs,1989-04-15,1989,45709.0,15.0,45980.0,1.0,45980,51
1989-04-16|3|Carlton Blues|Geelong Cats,1989-04-16,1989,45867.0,26.0,45478.0,2.0,45867,102
1989-04-16|3|Sydney Swans|West Coast Eagles,1989-04-16,1989,45702.0,27.0,,,45702,94
1989-04-21|4|Brisbane Bears|Melbourne Demons,1989-04-21,1989,45698.0,16.0,,,45698,72
1989-04-22|4|Collingwood Magpies|St Kilda Saints,1989-04-22,1989,45455.0,28.0,45679.0,5.0,45455,96
1989-04-22|4|Fitzroy Lions|Sydney Swans,1989-04-22,1989,45361.0,12.0,45361.0,1.0,45361,47
1989-04-23|4|Geelong Cats|Western Bulldogs,1989-04-23,1989,45596.0,26.0,45906.0,3.0,45597,93
1989-04-23|4|North Melbourne Kangaroos|West Coast Eagles,1989-04-23,1989,45862.0,25.0,,,45862,82
1989-04-25|4|Carlton Blues|Essendon Bombers,1989-04-25,1989,45380.0,21.0,45852.0,3.0,45380,71
1989-04-25|4|Hawthorn Hawks|Richmond Tigers,1989-04-25,1989,45647.0,29.0,,,45647,102
1989-04-29|5|Carlton Blues|Hawthorn Hawks,1989-04-29,1989,45380.0,23.0,45380.0,2.0,45380,88
1989-04-29|5|Essendon Bombers|St Kilda Saints,1989-04-29,1989,45683.0,31.0,45852.0,6.0,45852,126
1989-04-29|5|Fitzroy Lions|Geelong Cats,1989-04-29,1989,45478.0,26.0,45361.0,1.0,45478,97
1989-04-29|5|Melbourne Demons|Western Bulldogs,1989-04-29,1989,45512.0,21.0,45939.0,1.0,45512,83
1989-04-30|5|Brisbane Bears|West Coast Eagles,1989-04-30,1989,45670.0,26.0,45670.0,1.0,45670,113
1989-04-30|5|Collingwood Magpies|Sydney Swans,1989-04-30,1989,45386.0,20.0,,,45386,72
1989-04-30|5|North Melbourne Kangaroos|Richmond Tigers,1989-04-30,1989,45661.0,29.0,45862.0,4.0,45862,118
1989-05-05|6|Fitzroy Lions|West Coast Eagles,1989-05-05,1989,45361.0,18.0,45670.0,2.0,45670,71
1989-05-06|6|Carlton Blues|Richmond Tigers,1989-05-06,1989,45661.0,34.0,45380.0,2.0,45380,126
1989-05-06|6|Collingwood Magpies|Melbourne Demons,1989-05-06,1989,45386.0,27.0,45386.0,1.0,45386,88
1989-05-06|6|Geelong Cats|Hawthorn Hawks,1989-05-06,1989,45867.0,26.0,45596.0,3.0,45867,78
1989-05-06|6|St Kilda Saints|Sydney Swans,1989-05-06,1989,45577.0,27.0,45679.0,6.0,45577,91
1989-05-07|6|Brisbane Bears|Western Bulldogs,1989-05-07,1989,45840.0,17.0,,,45840,64
1989-05-07|6|Essendon Bombers|North Melbourne Kangaroos,1989-05-07,1989,45862.0,20.0,45852.0,6.0,45852,112
1989-05-12|7|North Melbourne Kangaroos|Sydney Swans,1989-05-12,1989,45709.0,16.0,45320.0,1.0,45709,58
1989-05-13|7|Carlton Blues|Melbourne Demons,1989-05-13,1989,45380.0,25.0,45920.0,1.0,45698,93
1989-05-13|7|Collingwood Magpies|Western Bulldogs,1989-05-13,1989,45386.0,29.0,45455.0,1.0,45386,121
1989-05-13|7|Fitzroy Lions|Hawthorn Hawks,1989-05-13,1989,45361.0,14.0,,,45361,48
1989-05-13|7|Geelong Cats|St Kilda Saints,1989-05-13,1989,45906.0,26.0,45679.0,6.0,45906,104
1989-05-13|7|Richmond Tigers|West Coast Eagles,1989-05-13,1989,45661.0,28.0,45647.0,1.0,45670,94
1989-05-14|7|Brisbane Bears|Essendon Bombers,1989-05-14,1989,45683.0,18.0,45852.0,5.0,45852,75
1989-05-20|8|Brisbane Bears|Geelong Cats,1989-05-20,1989,45596.0,28.0,45867.0,4.0,45596,99
1989-05-20|8|Carlton Blues|Collingwood Magpies,1989-05-20,1989,45455.0,29.0,45380.0,2.0,45380,84
1989-05-20|8|Essendon Bombers|Richmond Tigers,1989-05-20,1989,45661.0,19.0,45647.0,2.0,45852,88
1989-05-20|8|Fitzroy Lions|Western Bulldogs,1989-05-20,1989,45980.0,20.0,,,45980,89
1989-05-20|8|North Melbourne Kangaroos|St Kilda Saints,1989-05-20,1989,45862.0,25.0,45679.0,9.0,45682,121
1989-05-21|8|Melbourne Demons|West Coast Eagles,1989-05-21,1989,45702.0,31.0,45351.0,2.0,45670,109
1989-05-26|9|Brisbane Bears|North Melbourne Kangaroos,1989-05-26,1989,45320.0,28.0,45862.0,2.0,45320,96
1989-05-27|9|Carlton Blues|Fitzroy Lions,1989-05-27,1989,45380.0,35.0,45380.0,1.0,45380,113
1989-05-27|9|Collingwood Magpies|Essendon Bombers,1989-05-27,1989,45455.0,25.0,45852.0,5.0,45455,100
1989-05-27|9|Geelong Cats|Richmond Tigers,1989-05-27,1989,45596.0,28.0,45596.0,2.0,45596,112
1989-05-27|9|St Kilda Saints|West Coast Eagles,1989-05-27,1989,45831.0,27.0,45679.0,12.0,45679,157
1989-05-28|9|Hawthorn Hawks|Western Bulldogs,1989-05-28,1989,45980.0,12.0,45597.0,1.0,45597,46
1989-05-28|9|Melbourne Demons|Sydney Swans,1989-05-28,1989,45698.0,23.0,45512.0,1.0,45698,91
1989-06-02|10|Melbourne Demons|North Melbourne Kangaroos,1989-06-02,1989,45709.0,29.0,45351.0,2.0,45698,104
1989-06-03|10|Brisbane Bears|Carlton Blues,1989-06-03,1989,45840.0,26.0,45325.0,1.0,45840,104
1989-06-03|10|Collingwood Magpies|Geelong Cats,1989-06-03,1989,45455.0,21.0,45867.0,2.0,45455,81
1989-06-03|10|Essendon Bombers|Fitzroy Lions,1989-06-03,1989,45683.0,16.0,,,45683,49
1989-06-03|10|Richmond Tigers|St Kilda Saints,1989-06-03,1989,45647.0,19.0,,,45682,112
1989-06-03|10|Sydney Swans|Western Bulldogs,1989-06-03,1989,45650.0,21.0,45980.0,3.0,45650,90
1989-06-04|10|Hawthorn Hawks|West Coast Eagles,1989-06-04,1989,45702.0,24.0,45670.0,2.0,45728,83
1989-06-09|11|Carlton Blues|Sydney Swans,1989-06-09,1989,45380.0,13.0,,,45380,45
1989-06-10|11|Brisbane Bears|Richmond Tigers,1989-06-10,1989,45661.0,23.0,45661.0,1.0,45661,74
1989-06-10|11|Fitzroy Lions|North Melbourne Kangaroos,1989-06-10,1989,45361.0,18.0,,,45361,72
1989-06-10|11|St Kilda Saints|Western Bulldogs,1989-06-10,1989,45393.0,21.0,,,45682,93
1989-06-11|11|Collingwood Magpies|West Coast Eagles,1989-06-11,1989,45702.0,32.0,45386.0,1.0,45702,125
1989-06-12|11|Essendon Bombers|Geelong Cats,1989-06-12,1989,45596.0,22.0,45596.0,1.0,45596,78
1989-06-12|11|Hawthorn Hawks|Melbourne Demons,1989-06-12,1989,45512.0,23.0,45698.0,2.0,45512,90
1989-06-16|12|West Coast Eagles|Western Bulldogs,1989-06-16,1989,45728.0,20.0,45670.0,2.0,45728,84
1989-06-17|12|Carlton Blues|North Melbourne Kangaroos,1989-06-17,1989,45380.0,20.0,,,45862,75
1989-06-17|12|Collingwood Magpies|Richmond Tigers,1989-06-17,1989,45386.0,27.0,45455.0,2.0,45981,87
1989-06-17|12|Essendon Bombers|Sydney Swans,1989-06-17,1989,45683.0,16.0,45683.0,1.0,45683,52
1989-06-17|12|Geelong Cats|Melbourne Demons,1989-06-17,1989,45867.0,23.0,45867.0,3.0,45512,83
1989-06-17|12|Hawthorn Hawks|St Kilda Saints,1989-06-17,1989,45393.0,16.0,45682.0,1.0,45393,45
1989-06-18|12|Brisbane Bears|Fitzroy Lions,1989-06-18,1989,45325.0,18.0,45325.0,1.0,45361,75
1989-06-23|13|Brisbane Bears|Hawthorn Hawks,1989-06-23,1989,45325.0,6.0,,,45325,31
1989-06-24|13|Carlton Blues|West Coast Eagles,1989-06-24,1989,45670.0,18.0,45380.0,2.0,45670,87
1989-06-24|13|Collingwood Magpies|North Melbourne Kangaroos,1989-06-24,1989,45862.0,27.0,45386.0,1.0,45862,72
1989-06-24|13|Essendon Bombers|Western Bulldogs,1989-06-24,1989,45672.0,14.0,,,45672,46
1989-06-24|13|Fitzroy Lions|Richmond Tigers,1989-06-24,1989,45661.0,25.0,,,45384,80
1989-06-24|13|Melbourne Demons|St Kilda Saints,1989-06-24,1989,45698.0,20.0,45393.0,1.0,45698,83
1989-06-25|13|Geelong Cats|Sydney Swans,1989-06-25,1989,45596.0,24.0,45867.0,4.0,45906,84
1989-07-07|14|North Melbourne Kangaroos|St Kilda Saints,1989-07-07,1989,45849.0,28.0,45679.0,3.0,45831,87
1989-07-08|14|Carlton Blues|Essendon Bombers,1989-07-08,1989,45380.0,34.0,45683.0,1.0,45380,142
1989-07-08|14|Fitzroy Lions|Geelong Cats,1989-07-08,1989,45384.0,28.0,45520.0,2.0,45867,91
1989-07-08|14|Hawthorn Hawks|West Coast Eagles,1989-07-08,1989,45728.0,25.0,,,45728,84
1989-07-08|14|Richmond Tigers|Sydney Swans,1989-07-08,1989,45661.0,26.0,,,45661,71
1989-07-09|14|Brisbane Bears|Melbourne Demons,1989-07-09,1989,45698.0,28.0,45698.0,3.0,45698,126
1989-07-09|14|Collingwood Magpies|Western Bulldogs,1989-07-09,1989,45386.0,20.0,,,45386,82
1989-07-15|15|Brisbane Bears|Geelong Cats,1989-07-15,1989,45520.0,25.0,45906.0,5.0,45906,128
1989-07-15|15|Carlton Blues|Collingwood Magpies,1989-07-15,1989,45386.0,24.0,45755.0,1.0,45755,92
1989-07-15|15|Essendon Bombers|West Coast Eagles,1989-07-15,1989,45683.0,26.0,45352.0,5.0,45352,113
1989-07-15|15|Fitzroy Lions|St Kilda Saints,1989-07-15,1989,45384.0,23.0,45679.0,5.0,45682,93
1989-07-15|15|Melbourne Demons|North Melbourne Kangaroos,1989-07-15,1989,45862.0,24.0,45698.0,3.0,45709,92
1989-07-16|15|Hawthorn Hawks|Richmond Tigers,1989-07-16,1989,45661.0,24.0,,,45661,78
1989-07-16|15|Sydney Swans|Western Bulldogs,1989-07-16,1989,45597.0,25.0,45980.0,1.0,45597,97
1989-07-22|16|Brisbane Bears|St Kilda Saints,1989-07-22,1989,45393.0,18.0,,,45682,62
1989-07-22|16|Carlton Blues|Western Bulldogs,1989-07-22,1989,45380.0,17.0,,,45380,54
1989-07-22|16|Collingwood Magpies|Hawthorn Hawks,1989-07-22,1989,45386.0,19.0,,,45386,80
1989-07-22|16|Essendon Bombers|Richmond Tigers,1989-07-22,1989,45352.0,23.0,45352.0,2.0,45352,94
1989-07-22|16|Geelong Cats|Melbourne Demons,1989-07-22,1989,45596.0,17.0,45698.0,3.0,45596,84
1989-07-23|16|Fitzroy Lions|North Melbourne Kangaroos,1989-07-23,1989,45862.0,21.0,45695.0,6.0,45695,92
1989-07-23|16|Sydney Swans|West Coast Eagles,1989-07-23,1989,45670.0,28.0,45670.0,2.0,45670,99
1989-07-28|17|Fitzroy Lions|Richmond Tigers,1989-07-28,1989,45361.0,19.0,45695.0,3.0,45361,78
1989-07-29|17|Carlton Blues|Melbourne Demons,1989-07-29,1989,45512.0,27.0,45380.0,2.0,45512,98
1989-07-29|17|Collingwood Magpies|Geelong Cats,1989-07-29,1989,45596.0,21.0,45596.0,2.0,45596,71
1989-07-29|17|Essendon Bombers|St Kilda Saints,1989-07-29,1989,45577.0,33.0,45577.0,2.0,45577,125
1989-07-29|17|Hawthorn Hawks|North Melbourne Kangaroos,1989-07-29,1989,45862.0,18.0,45849.0,1.0,45408,63
1989-07-30|17|West Coast Eagles|Western Bulldogs,1989-07-30,1989,45670.0,32.0,,,45670,114
1989-08-05|18|Brisbane Bears|North Melbourne Kangaroos,1989-08-05,1989,45840.0,22.0,45709.0,1.0,45840,80
1989-08-05|18|Carlton Blues|Hawthorn Hawks,1989-08-05,1989,45380.0,18.0,45879.0,3.0,45879,68
1989-08-05|18|Collingwood Magpies|Sydney Swans,1989-08-05,1989,45386.0,19.0,,,45386,86
1989-08-05|18|Fitzroy Lions|Melbourne Demons,1989-08-05,1989,45939.0,29.0,45695.0,4.0,45939,96
1989-08-05|18|Geelong Cats|St Kilda Saints,1989-08-05,1989,45906.0,26.0,45906.0,3.0,45906,113
1989-08-06|18|Essendon Bombers|Western Bulldogs,1989-08-06,1989,45852.0,26.0,45683.0,1.0,45852,114
1989-08-06|18|Richmond Tigers|West Coast Eagles,1989-08-06,1989,45702.0,31.0,45981.0,2.0,45702,106
1989-08-11|19|Carlton Blues|Richmond Tigers,1989-08-11,1989,45661.0,22.0,45647.0,2.0,45981,77
1989-08-12|19|Brisbane Bears|Essendon Bombers,1989-08-12,1989,45852.0,22.0,45852.0,4.0,45852,118
1989-08-12|19|Fitzroy Lions|West Coast Eagles,1989-08-12,1989,45702.0,25.0,,,45702,87
1989-08-12|19|Geelong Cats|Western Bulldogs,1989-08-12,1989,45867.0,20.0,45867.0,4.0,45867,96
1989-08-12|19|Hawthorn Hawks|Melbourne Demons,1989-08-12,1989,45690.0,22.0,45351.0,1.0,45690,80
1989-08-13|19|Collingwood Magpies|North Melbourne Kangaroos,1989-08-13,1989,45862.0,29.0,45386.0,3.0,45386,96
1989-08-13|19|St Kilda Saints|Sydney Swans,1989-08-13,1989,45831.0,18.0,45393.0,2.0,45682,85
1989-08-18|20|Geelong Cats|West Coast Eagles,1989-08-18,1989,45702.0,27.0,45520.0,1.0,45702,98
1989-08-19|20|Carlton Blues|St Kilda Saints,1989-08-19,1989,45577.0,36.0,45577.0,4.0,45577,132
1989-08-19|20|Collingwood Magpies|Fitzroy Lions,1989-08-19,1989,45386.0,27.0,45386.0,2.0,45386,106
1989-08-19|20|Essendon Bombers|North Melbourne Kangaroos,1989-08-19,1989,45352.0,27.0,45320.0,3.0,45352,119
1989-08-19|20|Melbourne Demons|Sydney Swans,1989-08-19,1989,45512.0,20.0,45939.0,2.0,45939,72
1989-08-19|20|Richmond Tigers|Western Bulldogs,1989-08-19,1989,45661.0,22.0,45661.0,1.0,45980,58
1989-08-20|20|Brisbane Bears|Hawthorn Hawks,1989-08-20,1989,45325.0,16.0,,,45840,64
1989-08-25|21|Essendon Bombers|Sydney Swans,1989-08-25,1989,45683.0,22.0,45352.0,3.0,45352,96
1989-08-26|21|Brisbane Bears|Fitzroy Lions,1989-08-26,1989,45384.0,15.0,45384.0,2.0,45695,69
1989-08-26|21|Collingwood Magpies|Richmond Tigers,1989-08-26,1989,45386.0,36.0,45386.0,1.0,45386,106
1989-08-26|21|Geelong Cats|North Melbourne Kangaroos,1989-08-26,1989,45801.0,27.0,45684.0,3.0,45849,93
1989-08-26|21|Hawthorn Hawks|Western Bulldogs,1989-08-26,1989,45597.0,14.0,,,45980,64
1989-08-26|21|Melbourne Demons|St Kilda Saints,1989-08-26,1989,45393.0,34.0,45577.0,2.0,45393,117
1989-08-27|21|Carlton Blues|West Coast Eagles,1989-08-27,1989,45702.0,33.0,45670.0,3.0,45670,121
1989-09-01|22|North Melbourne Kangaroos|Sydney Swans,1989-09-01,1989,45849.0,31.0,45684.0,4.0,45849,114
1989-09-02|22|Collingwood Magpies|West Coast Eagles,1989-09-02,1989,45386.0,34.0,,,45702,134
1989-09-02|22|Essendon Bombers|Melbourne Demons,1989-09-02,1989,45683.0,21.0,45352.0,2.0,45352,94
1989-09-02|22|Fitzroy Lions|Western Bulldogs,1989-09-02,1989,45361.0,25.0,45695.0,3.0,45361,90
1989-09-02|22|Geelong Cats|Richmond Tigers,1989-09-02,1989,45661.0,26.0,45596.0,1.0,45661,84
1989-09-02|22|Hawthorn Hawks|St Kilda Saints,1989-09-02,1989,45393.0,25.0,45393.0,1.0,45393,87
1989-09-03|22|Brisbane Bears|Carlton Blues,1989-09-03,1989,45385.0,25.0,45325.0,1.0,45385,94
1989-09-09|EF|Collingwood Magpies|Melbourne Demons,1989-09-09,1989,45512.0,27.0,45386.0,1.0,45512,91
1989-09-10|QF|Essendon Bombers|Geelong Cats,1989-09-10,1989,45352.0,22.0,45683.0,4.0,45683,103
1989-09-16|SF|Essendon Bombers|Hawthorn Hawks,1989-09-16,1989,45683.0,18.0,45352.0,3.0,45852,66
1989-09-17|SF|Geelong Cats|Melbourne Demons,1989-09-17,1989,45906.0,23.0,45906.0,4.0,45906,123
1989-09-23|PF|Essendon Bombers|Geelong Cats,1989-09-23,1989,45596.0,31.0,45906.0,3.0,45596,123
1989-09-30|GF|Geelong Cats|Hawthorn Hawks,1989-09-30,1989,45906.0,12.0,45906.0,2.0,45906,61
1990-03-31|1|Brisbane Bears|Richmond Tigers,1990-03-31,1990,45647.0,33.0,45537.0,2.0,45647,87
1990-03-31|1|Carlton Blues|Sydney Swans,1990-03-31,1990,45385.0,19.0,,,45380,94
1990-03-31|1|Essendon Bombers|Fitzroy Lions,1990-03-31,1990,45683.0,26.0,45352.0,4.0,45683,109
1990-03-31|1|Geelong Cats|Hawthorn Hawks,1990-03-31,1990,45478.0,21.0,45906.0,1.0,45596,72
1990-03-31|1|Melbourne Demons|North Melbourne Kangaroos,1990-03-31,1990,45899.0,22.0,45320.0,1.0,45920,90
1990-04-01|1|Collingwood Magpies|West Coast Eagles,1990-04-01,1990,45702.0,22.0,45386.0,1.0,45702,84
1990-04-01|1|St Kilda Saints|Western Bulldogs,1990-04-01,1990,45672.0,23.0,45679.0,10.0,45679,139
1990-04-06|2|North Melbourne Kangaroos|Richmond Tigers,1990-04-06,1990,45846.0,32.0,45684.0,12.0,45684,201
1990-04-07|2|Brisbane Bears|Fitzroy Lions,1990-04-07,1990,45639.0,19.0,45639.0,2.0,45639,78
1990-04-07|2|Carlton Blues|Collingwood Magpies,1990-04-07,1990,45386.0,29.0,45455.0,2.0,45386,96
1990-04-07|2|Geelong Cats|Melbourne Demons,1990-04-07,1990,45478.0,31.0,45596.0,1.0,45478,100
1990-04-07|2|St Kilda Saints|West Coast Eagles,1990-04-07,1990,45393.0,31.0,45679.0,9.0,45679,142
1990-04-08|2|Essendon Bombers|Hawthorn Hawks,1990-04-08,1990,45683.0,20.0,45683.0,2.0,45683,94
1990-04-08|2|Sydney Swans|Western Bulldogs,1990-04-08,1990,45401.0,29.0,45553.0,4.0,45401,99
1990-04-14|3|Carlton Blues|St Kilda Saints,1990-04-14,1990,45380.0,41.0,45679.0,2.0,45380,139
1990-04-14|3|Hawthorn Hawks|Richmond Tigers,1990-04-14,1990,45607.0,20.0,45537.0,1.0,45607,80
1990-04-14|3|West Coast Eagles|Western Bulldogs,1990-04-14,1990,45672.0,21.0,45553.0,3.0,45553,98
1990-04-15|3|Brisbane Bears|North Melbourne Kangaroos,1990-04-15,1990,45899.0,22.0,45840.0,5.0,45840,98
1990-04-16|3|Collingwood Magpies|Sydney Swans,1990-04-16,1990,45455.0,29.0,45455.0,2.0,45455,117
1990-04-16|3|Essendon Bombers|Melbourne Demons,1990-04-16,1990,45512.0,22.0,45852.0,2.0,45512,95
1990-04-16|3|Fitzroy Lions|Geelong Cats,1990-04-16,1990,45361.0,25.0,45867.0,4.0,45361,113
1990-04-20|4|Carlton Blues|West Coast Eagles,1990-04-20,1990,45879.0,21.0,45586.0,2.0,45879,75
1990-04-21|4|Brisbane Bears|Hawthorn Hawks,1990-04-21,1990,45607.0,14.0,,,45840,40
1990-04-21|4|Collingwood Magpies|Western Bulldogs,1990-04-21,1990,45455.0,29.0,45553.0,4.0,45455,100
1990-04-21|4|Essendon Bombers|Richmond Tigers,1990-04-21,1990,45647.0,26.0,45352.0,2.0,45852,108
1990-04-21|4|Fitzroy Lions|Melbourne Demons,1990-04-21,1990,45361.0,22.0,45384.0,1.0,45939,91
1990-04-22|4|Geelong Cats|North Melbourne Kangaroos,1990-04-22,1990,45862.0,30.0,45684.0,6.0,45862,109
1990-04-22|4|St Kilda Saints|Sydney Swans,1990-04-22,1990,45577.0,24.0,45679.0,7.0,45679,113
1990-04-25|5|Carlton Blues|Western Bulldogs,1990-04-25,1990,45672.0,28.0,45553.0,3.0,45672,90
1990-04-25|5|Fitzroy Lions|Richmond Tigers,1990-04-25,1990,45661.0,27.0,45647.0,3.0,45981,97
1990-04-28|5|Brisbane Bears|Melbourne Demons,1990-04-28,1990,45512.0,23.0,45512.0,1.0,45512,79
1990-04-28|5|Collingwood Magpies|St Kilda Saints,1990-04-28,1990,45577.0,26.0,45679.0,7.0,45679,95
1990-04-28|5|Essendon Bombers|Geelong Cats,1990-04-28,1990,45596.0,26.0,45867.0,3.0,45352,95
1990-04-28|5|Hawthorn Hawks|North Melbourne Kangaroos,1990-04-28,1990,45846.0,19.0,45684.0,2.0,45846,63
1990-04-29|5|Sydney Swans|West Coast Eagles,1990-04-29,1990,45586.0,21.0,45586.0,2.0,45586,87
1990-05-04|6|Richmond Tigers|West Coast Eagles,1990-05-04,1990,45661.0,21.0,45537.0,2.0,45647,73
1990-05-05|6|Brisbane Bears|Geelong Cats,1990-05-05,1990,45596.0,24.0,45867.0,2.0,45906,100
1990-05-05|6|Carlton Blues|North Melbourne Kangaroos,1990-05-05,1990,45846.0,24.0,45684.0,6.0,45684,113
1990-05-05|6|Collingwood Magpies|Essendon Bombers,1990-05-05,1990,45455.0,25.0,45455.0,2.0,45852,109
1990-05-05|6|Fitzroy Lions|Western Bulldogs,1990-05-05,1990,45672.0,22.0,45553.0,4.0,45639,118
1990-05-05|6|Hawthorn Hawks|St Kilda Saints,1990-05-05,1990,45577.0,28.0,45679.0,5.0,45577,94
1990-05-06|6|Melbourne Demons|Sydney Swans,1990-05-06,1990,45512.0,24.0,45939.0,2.0,45512,86
1990-05-11|7|Melbourne Demons|West Coast Eagles,1990-05-11,1990,45586.0,20.0,45711.0,2.0,45920,80
1990-05-12|7|Carlton Blues|Essendon Bombers,1990-05-12,1990,45380.0,26.0,45352.0,4.0,45380,96
1990-05-12|7|Collingwood Magpies|Hawthorn Hawks,1990-05-12,1990,45386.0,21.0,45386.0,2.0,45386,83
1990-05-12|7|Fitzroy Lions|St Kilda Saints,1990-05-12,1990,45577.0,26.0,45679.0,7.0,45679,92
1990-05-12|7|North Melbourne Kangaroos|Western Bulldogs,1990-05-12,1990,45650.0,23.0,45553.0,4.0,45672,93
1990-05-13|7|Brisbane Bears|Sydney Swans,1990-05-13,1990,45987.0,10.0,,,45866,35
1990-05-13|7|Geelong Cats|Richmond Tigers,1990-05-13,1990,45906.0,25.0,45867.0,2.0,45906,116
1990-05-18|8|Geelong Cats|Sydney Swans,1990-05-18,1990,45520.0,23.0,,,45906,72
1990-05-19|8|Carlton Blues|Hawthorn Hawks,1990-05-19,1990,45380.0,26.0,45380.0,3.0,45380,95
1990-05-19|8|Collingwood Magpies|Fitzroy Lions,1990-05-19,1990,45455.0,21.0,45386.0,3.0,45386,84
1990-05-19|8|Melbourne Demons|Richmond Tigers,1990-05-19,1990,45647.0,24.0,45512.0,2.0,45647,99
1990-05-19|8|North Melbourne Kangaroos|St Kilda Saints,1990-05-19,1990,45862.0,25.0,45679.0,5.0,45679,99
1990-05-20|8|Brisbane Bears|West Coast Eagles,1990-05-20,1990,45702.0,26.0,45586.0,2.0,45586,95
1990-05-20|8|Essendon Bombers|Western Bulldogs,1990-05-20,1990,45672.0,30.0,45683.0,3.0,45672,98
1990-05-26|9|Brisbane Bears|Western Bulldogs,1990-05-26,1990,45672.0,37.0,45553.0,6.0,45672,108
1990-05-26|9|Carlton Blues|Fitzroy Lions,1990-05-26,1990,45380.0,28.0,,,45380,77
1990-05-26|9|Collingwood Magpies|North Melbourne Kangaroos,1990-05-26,1990,45455.0,30.0,45386.0,7.0,45386,140
1990-05-26|9|Essendon Bombers|St Kilda Saints,1990-05-26,1990,45577.0,26.0,45682.0,3.0,45682,103
1990-05-26|9|Hawthorn Hawks|Melbourne Demons,1990-05-26,1990,45512.0,11.0,45920.0,1.0,45698,52
1990-05-27|9|Geelong Cats|West Coast Eagles,1990-05-27,1990,45702.0,30.0,45586.0,2.0,45702,101
1990-05-27|9|Richmond Tigers|Sydney Swans,1990-05-27,1990,45981.0,27.0,45647.0,3.0,45981,116
1990-06-01|10|North Melbourne Kangaroos|West Coast Eagles,1990-06-01,1990,45586.0,28.0,45684.0,8.0,45586,121
1990-06-02|10|Brisbane Bears|St Kilda Saints,1990-06-02,1990,45577.0,33.0,45682.0,6.0,45682,117
1990-06-02|10|Carlton Blues|Richmond Tigers,1990-06-02,1990,45647.0,34.0,45370.0,1.0,45647,119
1990-06-02|10|Collingwood Magpies|Melbourne Demons,1990-06-02,1990,45698.0,23.0,45698.0,2.0,45698,114
1990-06-02|10|Fitzroy Lions|Hawthorn Hawks,1990-06-02,1990,45361.0,21.0,45695.0,4.0,45695,118
1990-06-03|10|Essendon Bombers|Sydney Swans,1990-06-03,1990,45352.0,20.0,45352.0,4.0,45352,104
1990-06-03|10|Geelong Cats|Western Bulldogs,1990-06-03,1990,45672.0,30.0,45553.0,4.0,45672,115
1990-06-09|11|Essendon Bombers|West Coast Eagles,1990-06-09,1990,45702.0,26.0,45852.0,6.0,45852,148
1990-06-09|11|Geelong Cats|St Kilda Saints,1990-06-09,1990,45577.0,29.0,45577.0,4.0,45577,115
1990-06-09|11|Hawthorn Hawks|Sydney Swans,1990-06-09,1990,45636.0,13.0,45718.0,2.0,45718,65
1990-06-10|11|Brisbane Bears|Collingwood Magpies,1990-06-10,1990,45455.0,23.0,,,45455,89
1990-06-11|11|Carlton Blues|Melbourne Demons,1990-06-11,1990,45380.0,22.0,45698.0,1.0,45380,82
1990-06-11|11|Fitzroy Lions|North Melbourne Kangaroos,1990-06-11,1990,45801.0,19.0,45320.0,3.0,45877,85
1990-06-11|11|Richmond Tigers|Western Bulldogs,1990-06-11,1990,45672.0,29.0,45401.0,1.0,45401,103
1990-06-15|12|Hawthorn Hawks|West Coast Eagles,1990-06-15,1990,45586.0,28.0,45670.0,1.0,45670,111
1990-06-16|12|Brisbane Bears|Carlton Blues,1990-06-16,1990,45380.0,20.0,45325.0,1.0,45879,79
1990-06-16|12|Collingwood Magpies|Geelong Cats,1990-06-16,1990,45520.0,23.0,45867.0,2.0,45867,86
1990-06-16|12|Essendon Bombers|North Melbourne Kangaroos,1990-06-16,1990,45849.0,26.0,45352.0,2.0,45849,95
1990-06-16|12|Richmond Tigers|St Kilda Saints,1990-06-16,1990,45647.0,25.0,45682.0,6.0,45682,121
1990-06-17|12|Fitzroy Lions|Sydney Swans,1990-06-17,1990,45978.0,19.0,45639.0,2.0,45978,69
1990-06-17|12|Melbourne Demons|Western Bulldogs,1990-06-17,1990,45401.0,26.0,45650.0,1.0,45401,95
1990-06-23|13|Brisbane Bears|Essendon Bombers,1990-06-23,1990,45683.0,31.0,45852.0,2.0,45852,111
1990-06-23|13|Carlton Blues|Geelong Cats,1990-06-23,1990,45380.0,29.0,45879.0,2.0,45380,97
1990-06-23|13|Melbourne Demons|St Kilda Saints,1990-06-23,1990,45939.0,25.0,45682.0,4.0,45682,135
1990-06-30|13|Collingwood Magpies|Richmond Tigers,1990-06-30,1990,45647.0,27.0,45386.0,3.0,45386,104
1990-06-30|13|Hawthorn Hawks|Western Bulldogs,1990-06-30,1990,45650.0,26.0,45550.0,3.0,45650,91
1990-06-30|13|North Melbourne Kangaroos|Sydney Swans,1990-06-30,1990,45408.0,22.0,45408.0,7.0,45408,130
1990-07-01|13|Fitzroy Lions|West Coast Eagles,1990-07-01,1990,45637.0,35.0,45586.0,4.0,45637,117
1990-07-06|14|Brisbane Bears|Richmond Tigers,1990-07-06,1990,45647.0,35.0,45661.0,2.0,45647,128
1990-07-07|14|Collingwood Magpies|West Coast Eagles,1990-07-07,1990,45637.0,29.0,45386.0,1.0,45637,106
1990-07-07|14|Essendon Bombers|Fitzroy Lions,1990-07-07,1990,45352.0,29.0,45352.0,4.0,45352,129
1990-07-07|14|Geelong Cats|Hawthorn Hawks,1990-07-07,1990,45596.0,27.0,45596.0,1.0,45906,86
1990-07-07|14|Melbourne Demons|North Melbourne Kangaroos,1990-07-07,1990,45320.0,26.0,45684.0,14.0,45684,178
1990-07-07|14|St Kilda Saints|Western Bulldogs,1990-07-07,1990,45672.0,35.0,45553.0,3.0,45650,103
1990-07-08|14|Carlton Blues|Sydney Swans,1990-07-08,1990,45380.0,31.0,45380.0,2.0,45380,95
1990-07-13|15|St Kilda Saints|West Coast Eagles,1990-07-13,1990,45393.0,29.0,45682.0,4.0,45682,142
1990-07-14|15|Carlton Blues|Collingwood Magpies,1990-07-14,1990,45386.0,25.0,45386.0,3.0,45386,117
1990-07-14|15|Essendon Bombers|Hawthorn Hawks,1990-07-14,1990,45683.0,24.0,45335.0,1.0,45683,86
1990-07-14|15|Geelong Cats|Melbourne Demons,1990-07-14,1990,45939.0,26.0,45596.0,1.0,45939,98
1990-07-14|15|North Melbourne Kangaroos|Richmond Tigers,1990-07-14,1990,45849.0,34.0,45408.0,4.0,45849,125
1990-07-14|15|Sydney Swans|Western Bulldogs,1990-07-14,1990,45672.0,22.0,45553.0,4.0,45650,75
1990-07-15|15|Brisbane Bears|Fitzroy Lions,1990-07-15,1990,45840.0,24.0,45695.0,5.0,45325,93
1990-07-20|16|West Coast Eagles|Western Bulldogs,1990-07-20,1990,45702.0,45.0,45553.0,2.0,45702,152
1990-07-21|16|Carlton Blues|St Kilda Saints,1990-07-21,1990,45577.0,37.0,45682.0,4.0,45682,116
1990-07-21|16|Essendon Bombers|Melbourne Demons,1990-07-21,1990,45698.0,27.0,45352.0,1.0,45698,113
1990-07-21|16|Fitzroy Lions|Geelong Cats,1990-07-21,1990,45596.0,32.0,45695.0,2.0,45596,99
1990-07-21|16|Hawthorn Hawks|Richmond Tigers,1990-07-21,1990,45647.0,28.0,45537.0,1.0,45647,75
1990-07-22|16|Brisbane Bears|North Melbourne Kangaroos,1990-07-22,1990,45862.0,27.0,45684.0,4.0,45849,93
1990-07-22|16|Collingwood Magpies|Sydney Swans,1990-07-22,1990,45386.0,25.0,45386.0,3.0,45386,110
1990-07-28|17|Carlton Blues|West Coast Eagles,1990-07-28,1990,45728.0,28.0,45670.0,2.0,45670,93
1990-07-28|17|Essendon Bombers|Richmond Tigers,1990-07-28,1990,45352.0,30.0,45852.0,3.0,45852,110
1990-07-28|17|Fitzroy Lions|Melbourne Demons,1990-07-28,1990,45939.0,32.0,45939.0,2.0,45939,116
1990-07-28|17|Geelong Cats|North Melbourne Kangaroos,1990-07-28,1990,45596.0,31.0,45684.0,7.0,45596,116
1990-07-28|17|St Kilda Saints|Sydney Swans,1990-07-28,1990,45577.0,29.0,45682.0,5.0,45577,105
1990-07-29|17|Brisbane Bears|Hawthorn Hawks,1990-07-29,1990,45840.0,21.0,45325.0,3.0,45325,113
1990-07-29|17|Collingwood Magpies|Western Bulldogs,1990-07-29,1990,45401.0,28.0,45553.0,3.0,45401,95
1990-08-03|18|Hawthorn Hawks|North Melbourne Kangaroos,1990-08-03,1990,45846.0,22.0,45684.0,2.0,45846,74
1990-08-04|18|Brisbane Bears|Melbourne Demons,1990-08-04,1990,45325.0,25.0,45325.0,1.0,45325,79
1990-08-04|18|Collingwood Magpies|St Kilda Saints,1990-08-04,1990,45455.0,22.0,45455.0,3.0,45455,90
1990-08-04|18|Essendon Bombers|Geelong Cats,1990-08-04,1990,45705.0,22.0,45852.0,2.0,45705,89
1990-08-04|18|Fitzroy Lions|Richmond Tigers,1990-08-04,1990,45647.0,21.0,45384.0,2.0,45384,86
1990-08-05|18|Carlton Blues|Western Bulldogs,1990-08-05,1990,45672.0,27.0,45385.0,1.0,45879,99
1990-08-05|18|Sydney Swans|West Coast Eagles,1990-08-05,1990,45702.0,24.0,45670.0,1.0,45670,91
1990-08-11|19|Brisbane Bears|Geelong Cats,1990-08-11,1990,45596.0,28.0,45840.0,3.0,45906,128
1990-08-11|19|Fitzroy Lions|Western Bulldogs,1990-08-11,1990,45361.0,35.0,45384.0,3.0,45361,127
1990-08-11|19|Hawthorn Hawks|St Kilda Saints,1990-08-11,1990,45682.0,14.0,45679.0,4.0,45682,84
1990-08-11|19|Melbourne Demons|Sydney Swans,1990-08-11,1990,45920.0,15.0,45693.0,3.0,45693,61
1990-08-12|19|Carlton Blues|North Melbourne Kangaroos,1990-08-12,1990,45380.0,24.0,45684.0,6.0,45879,94
1990-08-12|19|Collingwood Magpies|Essendon Bombers,1990-08-12,1990,45352.0,22.0,45386.0,5.0,45852,86
1990-08-12|19|Richmond Tigers|West Coast Eagles,1990-08-12,1990,45637.0,27.0,45586.0,3.0,45637,96
1990-08-17|20|Brisbane Bears|Sydney Swans,1990-08-17,1990,45693.0,17.0,45693.0,3.0,45693,71
1990-08-18|20|Carlton Blues|Essendon Bombers,1990-08-18,1990,45352.0,24.0,45852.0,3.0,45380,84
1990-08-18|20|Collingwood Magpies|Hawthorn Hawks,1990-08-18,1990,45607.0,20.0,45386.0,1.0,45607,76
1990-08-18|20|Fitzroy Lions|St Kilda Saints,1990-08-18,1990,45384.0,32.0,45679.0,3.0,45384,97
1990-08-18|20|Geelong Cats|Richmond Tigers,1990-08-18,1990,45520.0,36.0,45537.0,1.0,45520,116
1990-08-18|20|North Melbourne Kangaroos|Western Bulldogs,1990-08-18,1990,45849.0,25.0,45684.0,6.0,45684,110
1990-08-19|20|Melbourne Demons|West Coast Eagles,1990-08-19,1990,45637.0,26.0,45670.0,3.0,45670,104
1990-08-24|21|North Melbourne Kangaroos|St Kilda Saints,1990-08-24,1990,45846.0,25.0,45408.0,6.0,45682,99
1990-08-25|21|Carlton Blues|Hawthorn Hawks,1990-08-25,1990,45380.0,22.0,45380.0,1.0,45380,81
1990-08-25|21|Collingwood Magpies|Fitzroy Lions,1990-08-25,1990,45455.0,31.0,45755.0,2.0,45455,105
1990-08-25|21|Essendon Bombers|Western Bulldogs,1990-08-25,1990,45650.0,27.0,45852.0,5.0,45650,105
1990-08-25|21|Geelong Cats|Sydney Swans,1990-08-25,1990,45705.0,23.0,45693.0,2.0,45906,98
1990-08-25|21|Melbourne Demons|Richmond Tigers,1990-08-25,1990,45647.0,32.0,45698.0,4.0,45698,115
1990-08-26|21|Brisbane Bears|West Coast Eagles,1990-08-26,1990,45670.0,38.0,45670.0,3.0,45670,145
1990-09-01|22|Brisbane Bears|Western Bulldogs,1990-09-01,1990,45650.0,38.0,45650.0,1.0,45650,146
1990-09-01|22|Carlton Blues|Fitzroy Lions,1990-09-01,1990,45380.0,35.0,45370.0,2.0,45380,115
1990-09-01|22|Collingwood Magpies|North Melbourne Kangaroos,1990-09-01,1990,45849.0,28.0,45386.0,5.0,45386,125
1990-09-01|22|Essendon Bombers|St Kilda Saints,1990-09-01,1990,45352.0,31.0,45352.0,2.0,45352,123
1990-09-01|22|Geelong Cats|West Coast Eagles,1990-09-01,1990,45596.0,24.0,45586.0,2.0,45670,108
1990-09-01|22|Hawthorn Hawks|Melbourne Demons,1990-09-01,1990,45698.0,26.0,45698.0,2.0,45698,115
1990-09-02|22|Richmond Tigers|Sydney Swans,1990-09-02,1990,45661.0,30.0,45537.0,1.0,45647,102
1990-09-08|QF|Collingwood Magpies|West Coast Eagles,1990-09-08,1990,45386.0,24.0,45386.0,3.0,45386,111
1990-09-09|EF|Hawthorn Hawks|Melbourne Demons,1990-09-09,1990,45698.0,15.0,,,45698,63
1990-09-15|QF|Collingwood Magpies|West Coast Eagles,1990-09-15,1990,45386.0,20.0,45386.0,4.0,45386,99
1990-09-22|SF|Melbourne Demons|West Coast Eagles,1990-09-22,1990,45702.0,27.0,45702.0,2.0,45702,102
1990-09-23|SF|Collingwood Magpies|Essendon Bombers,1990-09-23,1990,45352.0,20.0,45386.0,5.0,45386,121
1990-09-29|PF|Essendon Bombers|West Coast Eagles,1990-09-29,1990,45670.0,22.0,45852.0,2.0,45586,96
1990-10-06|GF|Collingwood Magpies|Essendon Bombers,1990-10-06,1990,45755.0,17.0,45386.0,2.0,45755,82
1991-03-22|1|Adelaide Crows|Hawthorn Hawks,1991-03-22,1991,45607.0,20.0,45622.0,2.0,45622,73
1991-03-23|1|Richmond Tigers|St Kilda Saints,1991-03-23,1991,45661.0,30.0,45831.0,5.0,45831,112
1991-03-24|1|Collingwood Magpies|Western Bulldogs,1991-03-24,1991,45672.0,34.0,45672.0,2.0,45672,117
1991-03-24|1|Melbourne Demons|West Coast Eagles,1991-03-24,1991,45702.0,32.0,45702.0,2.0,45702,123
1991-03-30|2|Brisbane Bears|North Melbourne Kangaroos,1991-03-30,1991,45840.0,24.0,45846.0,3.0,45846,82
1991-03-30|2|Collingwood Magpies|West Coast Eagles,1991-03-30,1991,45586.0,21.0,45670.0,2.0,45586,81
1991-03-30|2|Fitzroy Lions|Melbourne Demons,1991-03-30,1991,45939.0,20.0,45351.0,3.0,45351,84
1991-03-31|2|Adelaide Crows|Carlton Blues,1991-03-31,1991,45879.0,24.0,45370.0,1.0,45879,91
1991-04-01|2|Essendon Bombers|Richmond Tigers,1991-04-01,1991,45647.0,29.0,45647.0,4.0,45647,119
1991-04-01|2|Geelong Cats|St Kilda Saints,1991-04-01,1991,45520.0,30.0,45682.0,4.0,45682,104
1991-04-01|2|Hawthorn Hawks|Sydney Swans,1991-04-01,1991,45622.0,23.0,45622.0,3.0,45622,82
1991-04-06|3|Brisbane Bears|Carlton Blues,1991-04-06,1991,45380.0,34.0,45380.0,1.0,45380,121
1991-04-06|3|Collingwood Magpies|Fitzroy Lions,1991-04-06,1991,45361.0,19.0,45361.0,1.0,45361,75
1991-04-06|3|Essendon Bombers|North Melbourne Kangaroos,1991-04-06,1991,45352.0,25.0,45352.0,5.0,45352,131
1991-04-06|3|Hawthorn Hawks|Richmond Tigers,1991-04-06,1991,45661.0,31.0,45607.0,5.0,45607,111
1991-04-07|3|Adelaide Crows|Sydney Swans,1991-04-07,1991,45671.0,32.0,45671.0,1.0,45671,113
1991-04-07|3|Geelong Cats|Western Bulldogs,1991-04-07,1991,45867.0,27.0,45553.0,1.0,45520,86
1991-04-07|3|Melbourne Demons|St Kilda Saints,1991-04-07,1991,45577.0,32.0,45351.0,2.0,45577,99
1991-04-12|4|North Melbourne Kangaroos|West Coast Eagles,1991-04-12,1991,45670.0,22.0,45670.0,4.0,45670,93
1991-04-13|4|Adelaide Crows|Essendon Bombers,1991-04-13,1991,45778.0,36.0,45352.0,2.0,45778,130
1991-04-13|4|Carlton Blues|Melbourne Demons,1991-04-13,1991,45939.0,29.0,45351.0,3.0,45939,99
1991-04-13|4|Collingwood Magpies|St Kilda Saints,1991-04-13,1991,45577.0,33.0,45386.0,3.0,45577,98
1991-04-13|4|Fitzroy Lions|Western Bulldogs,1991-04-13,1991,45672.0,26.0,45650.0,1.0,45672,73
1991-04-13|4|Richmond Tigers|Sydney Swans,1991-04-13,1991,45647.0,35.0,45537.0,2.0,45647,116
1991-04-14|4|Brisbane Bears|Geelong Cats,1991-04-14,1991,45596.0,26.0,45596.0,1.0,45596,85
1991-04-19|5|Essendon Bombers|Sydney Swans,1991-04-19,1991,45683.0,21.0,45683.0,2.0,45778,92
1991-04-20|5|Brisbane Bears|Collingwood Magpies,1991-04-20,1991,45970.0,28.0,45832.0,3.0,45970,107
1991-04-20|5|Fitzroy Lions|Richmond Tigers,1991-04-20,1991,45661.0,25.0,45647.0,1.0,45647,120
1991-04-20|5|Hawthorn Hawks|Western Bulldogs,1991-04-20,1991,45672.0,32.0,45650.0,3.0,45401,90
1991-04-20|5|Melbourne Demons|North Melbourne Kangaroos,1991-04-20,1991,45939.0,25.0,45351.0,3.0,45351,90
1991-04-21|5|Adelaide Crows|West Coast Eagles,1991-04-21,1991,45586.0,22.0,45586.0,5.0,45586,127
1991-04-21|5|Carlton Blues|Geelong Cats,1991-04-21,1991,45380.0,27.0,45520.0,2.0,45380,91
1991-04-25|6|Collingwood Magpies|Melbourne Demons,1991-04-25,1991,45690.0,23.0,45832.0,4.0,45939,107
1991-04-25|6|North Melbourne Kangaroos|Sydney Swans,1991-04-25,1991,45849.0,22.0,45684.0,5.0,45684,120
1991-04-27|6|Brisbane Bears|Essendon Bombers,1991-04-27,1991,45683.0,18.0,45683.0,1.0,45852,80
1991-04-27|6|Carlton Blues|St Kilda Saints,1991-04-27,1991,45380.0,32.0,45380.0,1.0,45380,97
1991-04-27|6|Geelong Cats|West Coast Eagles,1991-04-27,1991,45702.0,29.0,45586.0,4.0,45702,108
1991-04-28|6|Adelaide Crows|Western Bulldogs,1991-04-28,1991,45672.0,27.0,45621.0,4.0,45650,88
1991-04-28|6|Fitzroy Lions|Hawthorn Hawks,1991-04-28,1991,45607.0,26.0,45622.0,7.0,45607,115
1991-05-03|7|Fitzroy Lions|North Melbourne Kangaroos,1991-05-03,1991,45846.0,30.0,45684.0,8.0,45846,103
1991-05-04|7|Adelaide Crows|St Kilda Saints,1991-05-04,1991,45393.0,36.0,45679.0,12.0,45679,175
1991-05-04|7|Brisbane Bears|Melbourne Demons,1991-05-04,1991,45939.0,32.0,45351.0,1.0,45939,115
1991-05-04|7|Carlton Blues|Essendon Bombers,1991-05-04,1991,45380.0,29.0,45879.0,2.0,45879,114
1991-05-04|7|Hawthorn Hawks|West Coast Eagles,1991-05-04,1991,45670.0,31.0,45637.0,3.0,45702,123
1991-05-05|7|Geelong Cats|Sydney Swans,1991-05-05,1991,45596.0,26.0,45596.0,3.0,45596,97
1991-05-05|7|Richmond Tigers|Western Bulldogs,1991-05-05,1991,45661.0,39.0,45401.0,2.0,45647,132
1991-05-11|8|Carlton Blues|Hawthorn Hawks,1991-05-11,1991,45607.0,29.0,45607.0,2.0,45607,115
1991-05-11|8|Essendon Bombers|West Coast Eagles,1991-05-11,1991,45728.0,24.0,45852.0,2.0,45728,80
1991-05-11|8|Fitzroy Lions|Sydney Swans,1991-05-11,1991,45671.0,30.0,45671.0,2.0,45671,109
1991-05-11|8|Geelong Cats|North Melbourne Kangaroos,1991-05-11,1991,45862.0,35.0,45408.0,4.0,45862,126
1991-05-11|8|Melbourne Demons|Western Bulldogs,1991-05-11,1991,45939.0,30.0,45401.0,1.0,45698,122
1991-05-12|8|Brisbane Bears|St Kilda Saints,1991-05-12,1991,45577.0,29.0,45679.0,10.0,45679,137
1991-05-12|8|Collingwood Magpies|Richmond Tigers,1991-05-12,1991,45647.0,27.0,45769.0,3.0,45661,116
1991-05-17|9|Adelaide Crows|North Melbourne Kangaroos,1991-05-17,1991,45709.0,20.0,45684.0,6.0,45684,107
1991-05-18|9|Brisbane Bears|Western Bulldogs,1991-05-18,1991,45672.0,34.0,45672.0,2.0,45672,104
1991-05-18|9|Carlton Blues|Richmond Tigers,1991-05-18,1991,45380.0,39.0,45769.0,3.0,45380,113
1991-05-18|9|Collingwood Magpies|Geelong Cats,1991-05-18,1991,45386.0,35.0,45705.0,6.0,45705,148
1991-05-18|9|Essendon Bombers|Hawthorn Hawks,1991-05-18,1991,45607.0,22.0,45607.0,3.0,45607,106
1991-05-19|9|Fitzroy Lions|West Coast Eagles,1991-05-19,1991,45637.0,29.0,45702.0,4.0,45702,92
1991-05-19|9|St Kilda Saints|Sydney Swans,1991-05-19,1991,45393.0,25.0,45679.0,12.0,45679,149
1991-05-24|10|Adelaide Crows|Melbourne Demons,1991-05-24,1991,45698.0,31.0,45621.0,3.0,45698,112
1991-05-25|10|Collingwood Magpies|Hawthorn Hawks,1991-05-25,1991,45386.0,25.0,45607.0,9.0,45607,157
1991-05-25|10|Essendon Bombers|St Kilda Saints,1991-05-25,1991,45352.0,28.0,45679.0,4.0,45682,112
1991-05-25|10|Fitzroy Lions|Geelong Cats,1991-05-25,1991,45596.0,26.0,45695.0,4.0,45695,98
1991-05-25|10|North Melbourne Kangaroos|Western Bulldogs,1991-05-25,1991,45849.0,23.0,45684.0,7.0,45684,129
1991-05-26|10|Brisbane Bears|Richmond Tigers,1991-05-26,1991,45647.0,30.0,45403.0,1.0,45647,114
1991-05-26|10|Sydney Swans|West Coast Eagles,1991-05-26,1991,45702.0,30.0,45586.0,3.0,45702,113
1991-06-01|11|Adelaide Crows|Geelong Cats,1991-06-01,1991,45596.0,32.0,45705.0,4.0,45906,123
1991-06-01|11|Collingwood Magpies|North Melbourne Kangaroos,1991-06-01,1991,45386.0,29.0,45684.0,5.0,45386,111
1991-06-01|11|Essendon Bombers|Melbourne Demons,1991-06-01,1991,45690.0,27.0,45352.0,3.0,45352,107
1991-06-01|11|Hawthorn Hawks|St Kilda Saints,1991-06-01,1991,45393.0,30.0,45679.0,7.0,45393,101
1991-06-01|11|Richmond Tigers|West Coast Eagles,1991-06-01,1991,45702.0,30.0,45711.0,2.0,45637,100
1991-06-02|11|Brisbane Bears|Sydney Swans,1991-06-02,1991,45325.0,24.0,45575.0,1.0,45490,86
1991-06-02|11|Carlton Blues|Western Bulldogs,1991-06-02,1991,45672.0,25.0,45553.0,3.0,45553,88
1991-06-08|12|Carlton Blues|Collingwood Magpies,1991-06-08,1991,45380.0,20.0,45970.0,2.0,45380,77
1991-06-08|12|Sydney Swans|Western Bulldogs,1991-06-08,1991,45672.0,30.0,,,45672,91
1991-06-09|12|Adelaide Crows|Fitzroy Lions,1991-06-09,1991,45384.0,26.0,45621.0,3.0,45384,87
1991-06-09|12|Brisbane Bears|West Coast Eagles,1991-06-09,1991,45702.0,31.0,45586.0,3.0,45711,117
1991-06-10|12|Geelong Cats|Hawthorn Hawks,1991-06-10,1991,45622.0,26.0,45705.0,2.0,45622,95
1991-06-10|12|Melbourne Demons|Richmond Tigers,1991-06-10,1991,45661.0,29.0,45351.0,2.0,45661,106
1991-06-10|12|North Melbourne Kangaroos|St Kilda Saints,1991-06-10,1991,45577.0,38.0,45679.0,5.0,45682,109
1991-06-14|13|West Coast Eagles|Western Bulldogs,1991-06-14,1991,45728.0,24.0,45711.0,3.0,45980,92
1991-06-15|13|Adelaide Crows|Richmond Tigers,1991-06-15,1991,45403.0,24.0,45621.0,3.0,45403,94
1991-06-15|13|Brisbane Bears|Hawthorn Hawks,1991-06-15,1991,45325.0,26.0,45607.0,2.0,45325,104
1991-06-15|13|Collingwood Magpies|Essendon Bombers,1991-06-15,1991,45948.0,21.0,45948.0,2.0,45948,84
1991-06-16|13|Carlton Blues|Sydney Swans,1991-06-16,1991,45490.0,29.0,45671.0,4.0,45671,109
1991-06-16|13|Fitzroy Lions|St Kilda Saints,1991-06-16,1991,45577.0,24.0,45679.0,8.0,45679,91
1991-06-16|13|Geelong Cats|Melbourne Demons,1991-06-16,1991,45596.0,33.0,45596.0,3.0,45596,112
1991-06-21|14|North Melbourne Kangaroos|Richmond Tigers,1991-06-21,1991,45661.0,31.0,45684.0,9.0,45684,129
1991-06-22|14|Carlton Blues|West Coast Eagles,1991-06-22,1991,45380.0,33.0,45586.0,1.0,45380,95
1991-06-22|14|Collingwood Magpies|Sydney Swans,1991-06-22,1991,45386.0,25.0,45832.0,7.0,45832,116
1991-06-22|14|Essendon Bombers|Fitzroy Lions,1991-06-22,1991,45352.0,29.0,45852.0,3.0,45852,127
1991-06-22|14|Hawthorn Hawks|Melbourne Demons,1991-06-22,1991,45622.0,34.0,45607.0,4.0,45607,150
1991-06-22|14|St Kilda Saints|Western Bulldogs,1991-06-22,1991,45577.0,32.0,45679.0,5.0,45980,108
1991-06-23|14|Adelaide Crows|Brisbane Bears,1991-06-23,1991,45353.0,25.0,45675.0,3.0,45417,91
1991-06-28|15|Hawthorn Hawks|North Melbourne Kangaroos,1991-06-28,1991,45846.0,32.0,45607.0,5.0,45607,120
1991-06-29|15|Adelaide Crows|Collingwood Magpies,1991-06-29,1991,45386.0,35.0,45832.0,6.0,45386,142
1991-06-29|15|Carlton Blues|Fitzroy Lions,1991-06-29,1991,45380.0,28.0,45380.0,1.0,45380,101
1991-06-29|15|Essendon Bombers|Western Bulldogs,1991-06-29,1991,45980.0,30.0,45401.0,1.0,45980,129
1991-06-29|15|Geelong Cats|Richmond Tigers,1991-06-29,1991,45596.0,34.0,45769.0,6.0,45769,121
1991-06-30|15|Melbourne Demons|Sydney Swans,1991-06-30,1991,45939.0,32.0,45671.0,2.0,45939,108
1991-06-30|15|St Kilda Saints|West Coast Eagles,1991-06-30,1991,45637.0,28.0,45679.0,8.0,45679,132
1991-07-06|16|Adelaide Crows|Hawthorn Hawks,1991-07-06,1991,45622.0,33.0,45607.0,4.0,45607,132
1991-07-06|16|Carlton Blues|North Melbourne Kangaroos,1991-07-06,1991,45380.0,31.0,45320.0,2.0,45846,117
1991-07-06|16|Collingwood Magpies|Western Bulldogs,1991-07-06,1991,45386.0,37.0,45386.0,2.0,45386,131
1991-07-06|16|Melbourne Demons|West Coast Eagles,1991-07-06,1991,45711.0,27.0,45670.0,2.0,45711,107
1991-07-07|16|Brisbane Bears|Fitzroy Lions,1991-07-07,1991,45384.0,26.0,45695.0,2.0,45384,88
1991-07-07|16|Essendon Bombers|Geelong Cats,1991-07-07,1991,45596.0,26.0,45596.0,3.0,45596,98
1991-07-07|16|Richmond Tigers|St Kilda Saints,1991-07-07,1991,45769.0,29.0,45679.0,5.0,45679,111
1991-07-12|17|Collingwood Magpies|West Coast Eagles,1991-07-12,1991,45711.0,35.0,45586.0,4.0,45711,131
1991-07-13|17|Adelaide Crows|Carlton Blues,1991-07-13,1991,45823.0,23.0,45621.0,1.0,45353,73
1991-07-13|17|Brisbane Bears|North Melbourne Kangaroos,1991-07-13,1991,45846.0,32.0,45684.0,8.0,45684,104
1991-07-13|17|Essendon Bombers|Richmond Tigers,1991-07-13,1991,45352.0,33.0,45516.0,2.0,45352,105
1991-07-13|17|Fitzroy Lions|Melbourne Demons,1991-07-13,1991,45384.0,30.0,45361.0,1.0,45939,101
1991-07-13|17|Geelong Cats|St Kilda Saints,1991-07-13,1991,45596.0,30.0,45577.0,2.0,45682,121
1991-07-14|17|Hawthorn Hawks|Sydney Swans,1991-07-14,1991,45622.0,26.0,45607.0,3.0,45671,104
1991-07-20|18|Collingwood Magpies|Fitzroy Lions,1991-07-20,1991,45384.0,27.0,45386.0,1.0,45755,106
1991-07-20|18|Essendon Bombers|North Melbourne Kangaroos,1991-07-20,1991,45352.0,29.0,45852.0,5.0,45852,134
1991-07-20|18|Hawthorn Hawks|Richmond Tigers,1991-07-20,1991,45661.0,28.0,45661.0,2.0,45607,100
1991-07-20|18|Melbourne Demons|St Kilda Saints,1991-07-20,1991,45939.0,32.0,45679.0,5.0,45939,117
1991-07-21|18|Adelaide Crows|Sydney Swans,1991-07-21,1991,45675.0,35.0,45621.0,6.0,45675,137
1991-07-21|18|Brisbane Bears|Carlton Blues,1991-07-21,1991,45380.0,30.0,,,45380,85
1991-07-21|18|Geelong Cats|Western Bulldogs,1991-07-21,1991,45596.0,31.0,45596.0,3.0,45596,116
1991-07-26|19|North Melbourne Kangaroos|West Coast Eagles,1991-07-26,1991,45862.0,28.0,45849.0,4.0,45840,112
1991-07-27|19|Brisbane Bears|Geelong Cats,1991-07-27,1991,45596.0,33.0,45596.0,5.0,45596,134
1991-07-27|19|Carlton Blues|Melbourne Demons,1991-07-27,1991,45823.0,28.0,45698.0,2.0,45698,100
1991-07-27|19|Collingwood Magpies|St Kilda Saints,1991-07-27,1991,45386.0,34.0,45577.0,2.0,45386,117
1991-07-27|19|Fitzroy Lions|Western Bulldogs,1991-07-27,1991,45672.0,28.0,45553.0,2.0,45384,96
1991-07-28|19|Adelaide Crows|Essendon Bombers,1991-07-28,1991,45516.0,23.0,45516.0,2.0,45852,115
1991-07-28|19|Richmond Tigers|Sydney Swans,1991-07-28,1991,45661.0,30.0,45769.0,5.0,45769,139
1991-08-03|20|Brisbane Bears|Collingwood Magpies,1991-08-03,1991,45325.0,34.0,45970.0,1.0,45325,118
1991-08-03|20|Carlton Blues|Geelong Cats,1991-08-03,1991,45380.0,32.0,45705.0,2.0,45380,106
1991-08-03|20|Essendon Bombers|Sydney Swans,1991-08-03,1991,45852.0,25.0,45516.0,3.0,45852,123
1991-08-03|20|Hawthorn Hawks|Western Bulldogs,1991-08-03,1991,45672.0,34.0,45622.0,2.0,45607,105
1991-08-03|20|Melbourne Demons|North Melbourne Kangaroos,1991-08-03,1991,45846.0,19.0,45684.0,7.0,45877,84
1991-08-04|20|Adelaide Crows|West Coast Eagles,1991-08-04,1991,45702.0,24.0,45711.0,3.0,45702,97
1991-08-04|20|Fitzroy Lions|Richmond Tigers,1991-08-04,1991,45384.0,32.0,45384.0,3.0,45384,116
1991-08-09|21|Geelong Cats|West Coast Eagles,1991-08-09,1991,45596.0,34.0,45586.0,1.0,45586,114
1991-08-10|21|Adelaide Crows|Western Bulldogs,1991-08-10,1991,45553.0,27.0,45621.0,1.0,45553,107
1991-08-10|21|Brisbane Bears|Essendon Bombers,1991-08-10,1991,45352.0,36.0,45352.0,4.0,45352,135
1991-08-10|21|Carlton Blues|St Kilda Saints,1991-08-10,1991,45577.0,27.0,45679.0,13.0,45679,168
1991-08-10|21|Collingwood Magpies|Melbourne Demons,1991-08-10,1991,45455.0,33.0,45970.0,1.0,45455,116
1991-08-10|21|Fitzroy Lions|Hawthorn Hawks,1991-08-10,1991,45607.0,32.0,45607.0,5.0,45607,139
1991-08-11|21|North Melbourne Kangaroos|Sydney Swans,1991-08-11,1991,45849.0,29.0,45684.0,7.0,45684,122
1991-08-16|22|Adelaide Crows|St Kilda Saints,1991-08-16,1991,45621.0,21.0,45679.0,10.0,45679,159
1991-08-17|22|Carlton Blues|Essendon Bombers,1991-08-17,1991,45380.0,24.0,45352.0,2.0,45852,115
1991-08-17|22|Fitzroy Lions|North Melbourne Kangaroos,1991-08-17,1991,45361.0,31.0,45320.0,5.0,45320,113
1991-08-17|22|Geelong Cats|Sydney Swans,1991-08-17,1991,45596.0,30.0,45478.0,3.0,45596,105
1991-08-17|22|Richmond Tigers|Western Bulldogs,1991-08-17,1991,45647.0,28.0,45553.0,2.0,45647,110
1991-08-18|22|Brisbane Bears|Melbourne Demons,1991-08-18,1991,45325.0,27.0,45351.0,5.0,45417,109
1991-08-18|22|Hawthorn Hawks|West Coast Eagles,1991-08-18,1991,45670.0,27.0,45616.0,2.0,45670,104
1991-08-23|23|Fitzroy Lions|Sydney Swans,1991-08-23,1991,45671.0,25.0,45671.0,5.0,45671,132
1991-08-24|23|Brisbane Bears|St Kilda Saints,1991-08-24,1991,45393.0,35.0,45682.0,7.0,45682,128
1991-08-24|23|Carlton Blues|Hawthorn Hawks,1991-08-24,1991,45385.0,23.0,45607.0,3.0,45607,83
1991-08-24|23|Collingwood Magpies|Richmond Tigers,1991-08-24,1991,45661.0,25.0,45929.0,2.0,45970,96
1991-08-24|23|Geelong Cats|North Melbourne Kangaroos,1991-08-24,1991,45849.0,31.0,45478.0,2.0,45849,110
1991-08-25|23|Essendon Bombers|West Coast Eagles,1991-08-25,1991,45711.0,24.0,45670.0,3.0,45852,116
1991-08-25|23|Melbourne Demons|Western Bulldogs,1991-08-25,1991,45672.0,36.0,45553.0,2.0,45672,107
1991-08-31|24|Brisbane Bears|Western Bulldogs,1991-08-31,1991,45672.0,30.0,45553.0,2.0,45672,88
1991-08-31|24|Carlton Blues|Richmond Tigers,1991-08-31,1991,45385.0,24.0,45647.0,4.0,45647,98
1991-08-31|24|Collingwood Magpies|Geelong Cats,1991-08-31,1991,45455.0,22.0,45478.0,1.0,45386,146
1991-08-31|24|Essendon Bombers|Hawthorn Hawks,1991-08-31,1991,45550.0,27.0,45550.0,2.0,45550,131
1991-08-31|24|Fitzroy Lions|West Coast Eagles,1991-08-31,1991,45384.0,17.0,45616.0,2.0,45728,60
1991-08-31|24|St Kilda Saints|Sydney Swans,1991-08-31,1991,45671.0,27.0,45679.0,11.0,45679,140
1991-09-01|24|Adelaide Crows|North Melbourne Kangaroos,1991-09-01,1991,45846.0,26.0,45621.0,8.0,45621,123
1991-09-07|EF|Essendon Bombers|Melbourne Demons,1991-09-07,1991,45351.0,20.0,45351.0,2.0,45939,91
1991-09-08|EF|Geelong Cats|St Kilda Saints,1991-09-08,1991,45577.0,29.0,45679.0,9.0,45679,133
1991-09-08|QF|Hawthorn Hawks|West Coast Eagles,1991-09-08,1991,45550.0,24.0,45607.0,3.0,45711,96
1991-09-14|SF|Geelong Cats|Hawthorn Hawks,1991-09-14,1991,45906.0,25.0,45596.0,3.0,45906,119
1991-09-15|SF|Melbourne Demons|West Coast Eagles,1991-09-15,1991,45616.0,25.0,45586.0,3.0,45616,99
1991-09-21|PF|Geelong Cats|West Coast Eagles,1991-09-21,1991,45711.0,23.0,45670.0,2.0,45616,102
1991-09-28|GF|Hawthorn Hawks|West Coast Eagles,1991-09-28,1991,45728.0,24.0,45586.0,4.0,45711,99
1992-03-21|1|Brisbane Bears|Carlton Blues,1992-03-21,1992,45385.0,18.0,45879.0,2.0,45417,75
1992-03-21|1|Geelong Cats|Hawthorn Hawks,1992-03-21,1992,45867.0,24.0,45607.0,3.0,45622,81
1992-03-22|1|Adelaide Crows|Western Bulldogs,1992-03-22,1992,45353.0,26.0,45650.0,3.0,45672,78
1992-03-22|1|Essendon Bombers|St Kilda Saints,1992-03-22,1992,45577.0,32.0,45679.0,7.0,45682,118
1992-03-28|2|Brisbane Bears|Collingwood Magpies,1992-03-28,1992,45386.0,28.0,45953.0,2.0,45386,97
1992-03-28|2|Carlton Blues|Hawthorn Hawks,1992-03-28,1992,45380.0,28.0,45879.0,8.0,45879,126
1992-03-28|2|Geelong Cats|Melbourne Demons,1992-03-28,1992,45596.0,31.0,45351.0,2.0,45596,109
1992-03-28|2|North Melbourne Kangaroos|Richmond Tigers,1992-03-28,1992,45661.0,31.0,45684.0,6.0,45537,106
1992-03-29|2|Essendon Bombers|Fitzroy Lions,1992-03-29,1992,45384.0,31.0,45352.0,5.0,45384,112
1992-03-29|2|St Kilda Saints|Western Bulldogs,1992-03-29,1992,45577.0,44.0,45553.0,4.0,45577,148
1992-03-29|2|Sydney Swans|West Coast Eagles,1992-03-29,1992,45671.0,29.0,45586.0,3.0,45711,113
1992-04-04|3|Adelaide Crows|Melbourne Demons,1992-04-04,1992,45353.0,23.0,45621.0,5.0,45920,89
1992-04-04|3|Collingwood Magpies|Sydney Swans,1992-04-04,1992,45636.0,35.0,45455.0,2.0,45636,132
1992-04-04|3|Hawthorn Hawks|North Melbourne Kangaroos,1992-04-04,1992,45550.0,23.0,45607.0,3.0,45550,115
1992-04-05|3|Brisbane Bears|Fitzroy Lions,1992-04-05,1992,45325.0,22.0,45325.0,3.0,45325,94
1992-04-05|3|Essendon Bombers|Western Bulldogs,1992-04-05,1992,45683.0,28.0,45650.0,2.0,45683,110
1992-04-05|3|Geelong Cats|Richmond Tigers,1992-04-05,1992,45867.0,31.0,45867.0,7.0,45867,151
1992-04-05|3|St Kilda Saints|West Coast Eagles,1992-04-05,1992,45520.0,27.0,45745.0,6.0,45670,108
1992-04-10|4|Carlton Blues|North Melbourne Kangaroos,1992-04-10,1992,45380.0,35.0,45473.0,5.0,45380,121
1992-04-11|4|Adelaide Crows|Fitzroy Lions,1992-04-11,1992,45384.0,33.0,45384.0,3.0,45384,142
1992-04-11|4|Collingwood Magpies|Essendon Bombers,1992-04-11,1992,45455.0,24.0,45352.0,5.0,45352,111
1992-04-11|4|Hawthorn Hawks|St Kilda Saints,1992-04-11,1992,45622.0,31.0,45679.0,6.0,45520,94
1992-04-11|4|Melbourne Demons|Richmond Tigers,1992-04-11,1992,45661.0,39.0,45351.0,1.0,45661,125
1992-04-12|4|Geelong Cats|West Coast Eagles,1992-04-12,1992,45637.0,24.0,45670.0,2.0,45906,104
1992-04-12|4|Sydney Swans|Western Bulldogs,1992-04-12,1992,45636.0,29.0,45553.0,3.0,45671,118
1992-04-18|5|Brisbane Bears|West Coast Eagles,1992-04-18,1992,45637.0,31.0,45325.0,3.0,45325,125
1992-04-18|5|Carlton Blues|Sydney Swans,1992-04-18,1992,45671.0,22.0,,,45636,83
1992-04-18|5|Essendon Bombers|Hawthorn Hawks,1992-04-18,1992,45352.0,27.0,45852.0,6.0,45852,149
1992-04-18|5|North Melbourne Kangaroos|Western Bulldogs,1992-04-18,1992,45846.0,34.0,45553.0,4.0,45846,124
1992-04-19|5|Adelaide Crows|Richmond Tigers,1992-04-19,1992,45661.0,31.0,45613.0,3.0,45661,110
1992-04-20|5|Collingwood Magpies|Melbourne Demons,1992-04-20,1992,45939.0,23.0,45953.0,3.0,45351,98
1992-04-20|5|Fitzroy Lions|St Kilda Saints,1992-04-20,1992,45520.0,32.0,45679.0,3.0,45682,138
1992-04-24|6|North Melbourne Kangaroos|Sydney Swans,1992-04-24,1992,45671.0,26.0,45408.0,3.0,45408,112
1992-04-25|6|Carlton Blues|St Kilda Saints,1992-04-25,1992,45520.0,30.0,45679.0,6.0,45682,121
1992-04-25|6|Collingwood Magpies|Hawthorn Hawks,1992-04-25,1992,45622.0,26.0,45622.0,3.0,45622,124
1992-04-25|6|Essendon Bombers|Melbourne Demons,1992-04-25,1992,45683.0,28.0,45852.0,7.0,45852,149
1992-04-26|6|Adelaide Crows|Brisbane Bears,1992-04-26,1992,45575.0,30.0,45613.0,3.0,45575,98
1992-04-26|6|Fitzroy Lions|Geelong Cats,1992-04-26,1992,45384.0,27.0,45906.0,3.0,45906,127
1992-04-26|6|Richmond Tigers|West Coast Eagles,1992-04-26,1992,45769.0,27.0,45616.0,1.0,45769,101
1992-05-02|7|Adelaide Crows|St Kilda Saints,1992-05-02,1992,45520.0,30.0,45679.0,10.0,45679,143
1992-05-02|7|Collingwood Magpies|North Melbourne Kangaroos,1992-05-02,1992,45386.0,33.0,45862.0,2.0,45386,127
1992-05-02|7|Hawthorn Hawks|Richmond Tigers,1992-05-02,1992,45403.0,38.0,45403.0,2.0,45403,122
1992-05-02|7|Melbourne Demons|Sydney Swans,1992-05-02,1992,45636.0,26.0,45698.0,3.0,45698,101
1992-05-03|7|Brisbane Bears|Geelong Cats,1992-05-03,1992,45906.0,26.0,45829.0,3.0,45906,135
1992-05-03|7|Carlton Blues|Western Bulldogs,1992-05-03,1992,45385.0,29.0,45650.0,6.0,45650,100
1992-05-03|7|Fitzroy Lions|West Coast Eagles,1992-05-03,1992,45616.0,25.0,45361.0,2.0,45616,115
1992-05-07|8|Carlton Blues|Collingwood Magpies,1992-05-07,1992,45380.0,30.0,45879.0,4.0,45385,97
1992-05-08|8|Brisbane Bears|Sydney Swans,1992-05-08,1992,45636.0,21.0,45417.0,1.0,45987,85
1992-05-09|8|Adelaide Crows|Geelong Cats,1992-05-09,1992,45675.0,30.0,45906.0,4.0,45675,110
1992-05-09|8|Essendon Bombers|North Melbourne Kangaroos,1992-05-09,1992,45849.0,28.0,45684.0,7.0,45862,116
1992-05-09|8|Fitzroy Lions|Richmond Tigers,1992-05-09,1992,45403.0,23.0,45695.0,6.0,45769,103
1992-05-09|8|Melbourne Demons|St Kilda Saints,1992-05-09,1992,45577.0,32.0,45860.0,4.0,45860,124
1992-05-10|8|West Coast Eagles|Western Bulldogs,1992-05-10,1992,45702.0,26.0,45586.0,7.0,45586,121
1992-05-15|9|Fitzroy Lions|North Melbourne Kangaroos,1992-05-15,1992,45361.0,29.0,45684.0,5.0,45361,120
1992-05-16|9|Carlton Blues|West Coast Eagles,1992-05-16,1992,45380.0,27.0,45879.0,8.0,45879,113
1992-05-16|9|Essendon Bombers|Geelong Cats,1992-05-16,1992,45683.0,24.0,45867.0,6.0,45906,121
1992-05-16|9|Hawthorn Hawks|Melbourne Demons,1992-05-16,1992,45622.0,24.0,45607.0,3.0,45607,85
1992-05-17|9|Adelaide Crows|Collingwood Magpies,1992-05-17,1992,45884.0,27.0,45752.0,5.0,45884,107
1992-05-17|9|Brisbane Bears|Western Bulldogs,1992-05-17,1992,45672.0,36.0,45553.0,3.0,45672,102
1992-05-17|9|Richmond Tigers|Sydney Swans,1992-05-17,1992,45403.0,33.0,45769.0,5.0,45403,115
1992-05-22|10|Adelaide Crows|West Coast Eagles,1992-05-22,1992,45353.0,34.0,45752.0,5.0,45353,106
1992-05-23|10|Brisbane Bears|St Kilda Saints,1992-05-23,1992,45679.0,20.0,45679.0,12.0,45679,170
1992-05-23|10|Carlton Blues|Essendon Bombers,1992-05-23,1992,45380.0,31.0,45380.0,2.0,45380,123
1992-05-23|10|Collingwood Magpies|Geelong Cats,1992-05-23,1992,45867.0,26.0,45867.0,2.0,45867,100
1992-05-23|10|Melbourne Demons|North Melbourne Kangaroos,1992-05-23,1992,45690.0,32.0,45684.0,5.0,45690,126
1992-05-23|10|Richmond Tigers|Western Bulldogs,1992-05-23,1992,45661.0,25.0,45650.0,3.0,45661,103
1992-05-24|10|Hawthorn Hawks|Sydney Swans,1992-05-24,1992,45622.0,31.0,45622.0,2.0,45622,122
1992-05-30|11|Brisbane Bears|Richmond Tigers,1992-05-30,1992,45714.0,35.0,45769.0,4.0,45325,118
1992-05-30|11|Carlton Blues|Melbourne Demons,1992-05-30,1992,45385.0,30.0,45370.0,1.0,45690,93
1992-05-30|11|Collingwood Magpies|Fitzroy Lions,1992-05-30,1992,45386.0,21.0,45695.0,3.0,45386,85
1992-05-30|11|Geelong Cats|St Kilda Saints,1992-05-30,1992,45596.0,32.0,45682.0,6.0,45906,119
1992-05-31|11|Adelaide Crows|North Melbourne Kangaroos,1992-05-31,1992,45849.0,27.0,45408.0,3.0,45827,105
1992-05-31|11|Essendon Bombers|Sydney Swans,1992-05-31,1992,45636.0,24.0,45891.0,3.0,45891,84
1992-05-31|11|Hawthorn Hawks|Western Bulldogs,1992-05-31,1992,45622.0,24.0,45553.0,2.0,45553,82
1992-06-05|12|North Melbourne Kangaroos|West Coast Eagles,1992-06-05,1992,45637.0,28.0,45684.0,3.0,45637,117
1992-06-06|12|Essendon Bombers|Richmond Tigers,1992-06-06,1992,45403.0,25.0,45891.0,5.0,45891,105
1992-06-06|12|Fitzroy Lions|Western Bulldogs,1992-06-06,1992,45672.0,28.0,45553.0,4.0,45384,97
1992-06-07|12|Brisbane Bears|Melbourne Demons,1992-06-07,1992,45690.0,26.0,46040.0,2.0,45690,105
1992-06-07|12|Carlton Blues|Geelong Cats,1992-06-07,1992,45380.0,30.0,45741.0,3.0,45380,108
1992-06-08|12|Adelaide Crows|Hawthorn Hawks,1992-06-08,1992,45622.0,29.0,45607.0,3.0,45622,145
1992-06-08|12|Collingwood Magpies|St Kilda Saints,1992-06-08,1992,45393.0,29.0,45682.0,3.0,45393,109
1992-06-13|13|Adelaide Crows|Carlton Blues,1992-06-13,1992,45380.0,27.0,45473.0,4.0,45827,101
1992-06-13|13|Fitzroy Lions|Hawthorn Hawks,1992-06-13,1992,45622.0,34.0,45550.0,3.0,45550,99
1992-06-13|13|Geelong Cats|North Melbourne Kangaroos,1992-06-13,1992,45877.0,26.0,45684.0,6.0,45877,106
1992-06-13|13|St Kilda Saints|Sydney Swans,1992-06-13,1992,45520.0,33.0,45679.0,15.0,45679,209
1992-06-14|13|Brisbane Bears|Essendon Bombers,1992-06-14,1992,45575.0,27.0,45852.0,4.0,45575,116
1992-06-14|13|Collingwood Magpies|West Coast Eagles,1992-06-14,1992,45637.0,26.0,45586.0,2.0,45755,117
1992-06-14|13|Melbourne Demons|Western Bulldogs,1992-06-14,1992,45690.0,28.0,45553.0,3.0,45690,116
1992-06-19|14|Brisbane Bears|North Melbourne Kangaroos,1992-06-19,1992,45325.0,27.0,45684.0,7.0,45684,123
1992-06-20|14|Carlton Blues|Fitzroy Lions,1992-06-20,1992,45384.0,29.0,45380.0,2.0,45384,109
1992-06-20|14|Hawthorn Hawks|West Coast Eagles,1992-06-20,1992,45702.0,29.0,45670.0,1.0,45702,112
1992-06-20|14|Richmond Tigers|St Kilda Saints,1992-06-20,1992,45661.0,34.0,45682.0,8.0,45682,160
1992-06-21|14|Adelaide Crows|Essendon Bombers,1992-06-21,1992,45353.0,26.0,45852.0,9.0,45852,112
1992-06-21|14|Collingwood Magpies|Western Bulldogs,1992-06-21,1992,45672.0,25.0,45845.0,4.0,45672,93
1992-06-21|14|Geelong Cats|Sydney Swans,1992-06-21,1992,45596.0,25.0,45867.0,4.0,45636,96
1992-06-26|15|Adelaide Crows|Sydney Swans,1992-06-26,1992,45675.0,27.0,45675.0,3.0,45353,91
1992-06-27|15|Carlton Blues|Richmond Tigers,1992-06-27,1992,45385.0,25.0,45403.0,4.0,45403,143
1992-06-27|15|Essendon Bombers|West Coast Eagles,1992-06-27,1992,45702.0,24.0,45711.0,3.0,45702,108
1992-06-27|15|North Melbourne Kangaroos|St Kilda Saints,1992-06-27,1992,45520.0,34.0,45679.0,9.0,45679,135
1992-06-28|15|Brisbane Bears|Hawthorn Hawks,1992-06-28,1992,45325.0,23.0,45325.0,3.0,45325,115
1992-06-28|15|Fitzroy Lions|Melbourne Demons,1992-06-28,1992,45939.0,31.0,45698.0,4.0,45698,117
1992-06-28|15|Geelong Cats|Western Bulldogs,1992-06-28,1992,45596.0,30.0,45553.0,3.0,45741,100
1992-07-03|16|Melbourne Demons|West Coast Eagles,1992-07-03,1992,45698.0,27.0,45860.0,2.0,45698,98
1992-07-04|16|Adelaide Crows|Western Bulldogs,1992-07-04,1992,45672.0,37.0,45553.0,4.0,45672,144
1992-07-04|16|Brisbane Bears|Carlton Blues,1992-07-04,1992,45385.0,25.0,45961.0,4.0,45417,85
1992-07-04|16|Collingwood Magpies|Richmond Tigers,1992-07-04,1992,45661.0,30.0,45845.0,6.0,45386,110
1992-07-04|16|Essendon Bombers|St Kilda Saints,1992-07-04,1992,45393.0,31.0,45852.0,3.0,45393,114
1992-07-04|16|Geelong Cats|Hawthorn Hawks,1992-07-04,1992,45622.0,19.0,45607.0,3.0,45622,91
1992-07-05|16|Fitzroy Lions|Sydney Swans,1992-07-05,1992,45636.0,24.0,45671.0,2.0,45361,77
1992-07-11|17|Brisbane Bears|Collingwood Magpies,1992-07-11,1992,45755.0,18.0,45845.0,4.0,45845,89
1992-07-11|17|Carlton Blues|Hawthorn Hawks,1992-07-11,1992,45385.0,19.0,45380.0,1.0,45550,77
1992-07-11|17|Geelong Cats|Melbourne Demons,1992-07-11,1992,45690.0,25.0,45741.0,2.0,45335,89
1992-07-11|17|North Melbourne Kangaroos|Richmond Tigers,1992-07-11,1992,45769.0,30.0,45929.0,5.0,45408,103
1992-07-11|17|St Kilda Saints|Western Bulldogs,1992-07-11,1992,45577.0,38.0,45679.0,6.0,45577,124
1992-07-12|17|Essendon Bombers|Fitzroy Lions,1992-07-12,1992,45352.0,21.0,45852.0,3.0,45891,86
1992-07-12|17|Sydney Swans|West Coast Eagles,1992-07-12,1992,45490.0,34.0,45711.0,3.0,45490,101
1992-07-17|18|Collingwood Magpies|Sydney Swans,1992-07-17,1992,45636.0,27.0,45531.0,2.0,45755,103
1992-07-18|18|Brisbane Bears|Fitzroy Lions,1992-07-18,1992,45384.0,28.0,45325.0,1.0,45384,91
1992-07-18|18|Essendon Bombers|Western Bulldogs,1992-07-18,1992,45352.0,25.0,45852.0,7.0,45852,132
1992-07-18|18|Hawthorn Hawks|North Melbourne Kangaroos,1992-07-18,1992,45622.0,36.0,45408.0,4.0,45622,163
1992-07-19|18|Adelaide Crows|Melbourne Demons,1992-07-19,1992,45690.0,29.0,45698.0,3.0,45690,91
1992-07-19|18|Geelong Cats|Richmond Tigers,1992-07-19,1992,45647.0,28.0,45867.0,4.0,45867,122
1992-07-19|18|St Kilda Saints|West Coast Eagles,1992-07-19,1992,45577.0,37.0,45679.0,7.0,45577,117
1992-07-24|19|Collingwood Magpies|Essendon Bombers,1992-07-24,1992,45683.0,24.0,45845.0,2.0,45683,87
1992-07-25|19|Adelaide Crows|Fitzroy Lions,1992-07-25,1992,45384.0,28.0,45752.0,7.0,45827,102
1992-07-25|19|Carlton Blues|North Melbourne Kangaroos,1992-07-25,1992,45862.0,26.0,45684.0,3.0,45862,100
1992-07-25|19|Geelong Cats|West Coast Eagles,1992-07-25,1992,45637.0,35.0,45596.0,1.0,45637,122
1992-07-25|19|Hawthorn Hawks|St Kilda Saints,1992-07-25,1992,45577.0,41.0,45679.0,6.0,45622,136
1992-07-25|19|Melbourne Demons|Richmond Tigers,1992-07-25,1992,45647.0,27.0,46040.0,3.0,45690,121
1992-07-25|19|Sydney Swans|Western Bulldogs,1992-07-25,1992,45980.0,27.0,45650.0,4.0,45980,109
1992-07-31|20|Brisbane Bears|West Coast Eagles,1992-07-31,1992,45616.0,24.0,45724.0,6.0,45711,96
1992-08-01|20|Collingwood Magpies|Melbourne Demons,1992-08-01,1992,45755.0,24.0,45845.0,5.0,45755,112
1992-08-01|20|Essendon Bombers|Hawthorn Hawks,1992-08-01,1992,45550.0,22.0,45607.0,3.0,45622,94
1992-08-01|20|Fitzroy Lions|St Kilda Saints,1992-08-01,1992,45393.0,27.0,45679.0,6.0,45679,98
1992-08-01|20|North Melbourne Kangaroos|Western Bulldogs,1992-08-01,1992,45408.0,28.0,45408.0,4.0,45408,156
1992-08-02|20|Adelaide Crows|Richmond Tigers,1992-08-02,1992,45403.0,30.0,45403.0,3.0,45403,110
1992-08-02|20|Carlton Blues|Sydney Swans,1992-08-02,1992,45380.0,27.0,45380.0,2.0,45380,113
1992-08-07|21|North Melbourne Kangaroos|Sydney Swans,1992-08-07,1992,45451.0,28.0,45684.0,3.0,45408,117
1992-08-08|21|Collingwood Magpies|Hawthorn Hawks,1992-08-08,1992,45531.0,20.0,45607.0,6.0,45607,104
1992-08-08|21|Essendon Bombers|Melbourne Demons,1992-08-08,1992,45852.0,26.0,45852.0,6.0,45852,163
1992-08-08|21|Fitzroy Lions|Geelong Cats,1992-08-08,1992,45829.0,28.0,45695.0,3.0,45906,124
1992-08-09|21|Adelaide Crows|Brisbane Bears,1992-08-09,1992,45353.0,27.0,45417.0,1.0,45417,99
1992-08-09|21|Carlton Blues|St Kilda Saints,1992-08-09,1992,45577.0,36.0,45679.0,5.0,45577,119
1992-08-09|21|Richmond Tigers|West Coast Eagles,1992-08-09,1992,45661.0,28.0,45586.0,4.0,45586,91
1992-08-14|22|Fitzroy Lions|West Coast Eagles,1992-08-14,1992,45702.0,30.0,45616.0,1.0,45702,105
1992-08-15|22|Brisbane Bears|Geelong Cats,1992-08-15,1992,45867.0,27.0,45596.0,3.0,45906,117
1992-08-15|22|Carlton Blues|Western Bulldogs,1992-08-15,1992,45672.0,27.0,45385.0,2.0,45672,85
1992-08-15|22|Hawthorn Hawks|Richmond Tigers,1992-08-15,1992,45647.0,33.0,45714.0,5.0,45714,109
1992-08-16|22|Adelaide Crows|St Kilda Saints,1992-08-16,1992,45577.0,41.0,45679.0,3.0,45577,128
1992-08-16|22|Collingwood Magpies|North Melbourne Kangaroos,1992-08-16,1992,45717.0,20.0,45845.0,3.0,45717,84
1992-08-16|22|Melbourne Demons|Sydney Swans,1992-08-16,1992,45636.0,30.0,45698.0,4.0,45698,116
1992-08-22|23|Brisbane Bears|Sydney Swans,1992-08-22,1992,45417.0,20.0,45325.0,3.0,45325,98
1992-08-22|23|Carlton Blues|Collingwood Magpies,1992-08-22,1992,45755.0,28.0,45473.0,3.0,45755,105
1992-08-22|23|Essendon Bombers|North Melbourne Kangaroos,1992-08-22,1992,45683.0,32.0,45852.0,4.0,45948,142
1992-08-22|23|Fitzroy Lions|Richmond Tigers,1992-08-22,1992,45403.0,35.0,45384.0,3.0,45403,130
1992-08-23|23|Adelaide Crows|Geelong Cats,1992-08-23,1992,45675.0,30.0,45675.0,2.0,45675,98
1992-08-23|23|Melbourne Demons|St Kilda Saints,1992-08-23,1992,45698.0,30.0,45679.0,5.0,45698,123
1992-08-23|23|West Coast Eagles|Western Bulldogs,1992-08-23,1992,45702.0,25.0,45670.0,1.0,45702,99
1992-08-28|24|Richmond Tigers|Sydney Swans,1992-08-28,1992,45647.0,29.0,45403.0,3.0,45671,111
1992-08-29|24|Adelaide Crows|Collingwood Magpies,1992-08-29,1992,45353.0,33.0,45717.0,3.0,45755,97
1992-08-29|24|Brisbane Bears|Western Bulldogs,1992-08-29,1992,45672.0,27.0,45553.0,3.0,45672,107
1992-08-29|24|Essendon Bombers|Geelong Cats,1992-08-29,1992,45596.0,31.0,45683.0,2.0,45683,102
1992-08-29|24|Fitzroy Lions|North Melbourne Kangaroos,1992-08-29,1992,45899.0,37.0,45408.0,7.0,45899,139
1992-08-29|24|Hawthorn Hawks|Melbourne Demons,1992-08-29,1992,45550.0,24.0,45607.0,3.0,45698,112
1992-08-30|24|Carlton Blues|West Coast Eagles,1992-08-30,1992,45702.0,35.0,45380.0,2.0,45702,120
1992-09-05|EF|Collingwood Magpies|St Kilda Saints,1992-09-05,1992,45577.0,34.0,45679.0,5.0,45682,135
1992-09-06|EF|Hawthorn Hawks|West Coast Eagles,1992-09-06,1992,45711.0,28.0,45711.0,3.0,45550,112
1992-09-06|QF|Geelong Cats|Western Bulldogs,1992-09-06,1992,45596.0,29.0,45596.0,3.0,45596,133
1992-09-12|SF|St Kilda Saints|Western Bulldogs,1992-09-12,1992,45577.0,27.0,45553.0,5.0,45553,128
1992-09-13|SF|Geelong Cats|West Coast Eagles,1992-09-13,1992,45711.0,35.0,45596.0,2.0,45711,155
1992-09-19|PF|Geelong Cats|Western Bulldogs,1992-09-19,1992,45335.0,26.0,45553.0,2.0,45335,127
1992-09-26|GF|Geelong Cats|West Coast Eagles,1992-09-26,1992,45586.0,28.0,45711.0,5.0,45586,97
1993-03-26|1|Collingwood Magpies|Western Bulldogs,1993-03-26,1993,45401.0,34.0,45845.0,5.0,45401,101
1993-03-27|1|Brisbane Bears|North Melbourne Kangaroos,1993-03-27,1993,45862.0,31.0,45684.0,8.0,45684,131
1993-03-27|1|Carlton Blues|Fitzroy Lions,1993-03-27,1993,45380.0,23.0,45384.0,2.0,45695,88
1993-03-27|1|Geelong Cats|St Kilda Saints,1993-03-27,1993,45577.0,30.0,45741.0,5.0,45577,107
1993-03-27|1|Hawthorn Hawks|Melbourne Demons,1993-03-27,1993,45690.0,26.0,45550.0,2.0,45607,120
1993-03-28|1|Adelaide Crows|Richmond Tigers,1993-03-28,1993,45661.0,31.0,45752.0,10.0,45752,142
1993-03-28|1|Essendon Bombers|West Coast Eagles,1993-03-28,1993,45711.0,25.0,45352.0,8.0,45616,113
1993-04-02|2|Brisbane Bears|Richmond Tigers,1993-04-02,1993,45520.0,34.0,45647.0,2.0,45520,113
1993-04-03|2|Carlton Blues|Essendon Bombers,1993-04-03,1993,45380.0,33.0,45595.0,3.0,45380,128
1993-04-03|2|Collingwood Magpies|Geelong Cats,1993-04-03,1993,45596.0,24.0,45906.0,3.0,45906,108
1993-04-03|2|Melbourne Demons|Western Bulldogs,1993-04-03,1993,45672.0,33.0,45672.0,4.0,45672,142
1993-04-03|2|North Melbourne Kangaroos|St Kilda Saints,1993-04-03,1993,45862.0,27.0,45840.0,5.0,45408,97
1993-04-04|2|Adelaide Crows|West Coast Eagles,1993-04-04,1993,45711.0,29.0,45752.0,6.0,45711,127
1993-04-04|2|Hawthorn Hawks|Sydney Swans,1993-04-04,1993,45636.0,29.0,45450.0,5.0,45450,140
1993-04-10|3|Fitzroy Lions|Western Bulldogs,1993-04-10,1993,45384.0,36.0,45695.0,3.0,45384,113
1993-04-10|3|St Kilda Saints|Sydney Swans,1993-04-10,1993,45393.0,28.0,45679.0,8.0,45679,137
1993-04-11|3|Brisbane Bears|Melbourne Demons,1993-04-11,1993,45690.0,29.0,45655.0,2.0,45690,99
1993-04-11|3|Richmond Tigers|West Coast Eagles,1993-04-11,1993,45728.0,30.0,45586.0,2.0,45728,99
1993-04-12|3|Carlton Blues|Hawthorn Hawks,1993-04-12,1993,45380.0,28.0,45607.0,3.0,45380,94
1993-04-12|3|Collingwood Magpies|Essendon Bombers,1993-04-12,1993,45386.0,26.0,45845.0,5.0,45386,101
1993-04-12|3|Geelong Cats|North Melbourne Kangaroos,1993-04-12,1993,45596.0,28.0,45684.0,6.0,45684,115
1993-04-16|4|Adelaide Crows|Fitzroy Lions,1993-04-16,1993,45384.0,24.0,45752.0,6.0,45752,90
1993-04-17|4|Collingwood Magpies|St Kilda Saints,1993-04-17,1993,45393.0,29.0,45386.0,2.0,45393,115
1993-04-17|4|Geelong Cats|Hawthorn Hawks,1993-04-17,1993,45596.0,34.0,45593.0,2.0,45596,131
1993-04-17|4|Melbourne Demons|North Melbourne Kangaroos,1993-04-17,1993,45849.0,27.0,45408.0,7.0,45408,132
1993-04-18|4|Brisbane Bears|West Coast Eagles,1993-04-18,1993,45520.0,29.0,45520.0,2.0,45520,114
1993-04-18|4|Essendon Bombers|Sydney Swans,1993-04-18,1993,45750.0,37.0,45595.0,6.0,45750,150
1993-04-23|5|North Melbourne Kangaroos|Richmond Tigers,1993-04-23,1993,45647.0,35.0,45408.0,4.0,45647,105
1993-04-24|5|Essendon Bombers|Western Bulldogs,1993-04-24,1993,45750.0,26.0,45957.0,6.0,45957,106
1993-04-24|5|Fitzroy Lions|Sydney Swans,1993-04-24,1993,45384.0,34.0,45384.0,4.0,45384,145
1993-04-25|5|Adelaide Crows|Melbourne Demons,1993-04-25,1993,45512.0,34.0,45752.0,5.0,45512,105
1993-04-25|5|Brisbane Bears|Geelong Cats,1993-04-25,1993,45391.0,23.0,45961.0,2.0,45987,105
1993-04-25|5|Carlton Blues|St Kilda Saints,1993-04-25,1993,45385.0,28.0,45385.0,3.0,45778,114
1993-04-30|6|Adelaide Crows|Hawthorn Hawks,1993-04-30,1993,45622.0,25.0,45752.0,7.0,45622,108
1993-04-30|6|Melbourne Demons|Richmond Tigers,1993-04-30,1993,45512.0,30.0,45770.0,6.0,45698,111
1993-05-01|6|Essendon Bombers|Geelong Cats,1993-05-01,1993,45750.0,35.0,45852.0,10.0,45852,152
1993-05-01|6|North Melbourne Kangaroos|Sydney Swans,1993-05-01,1993,45846.0,28.0,45684.0,9.0,45684,137
1993-05-02|6|Brisbane Bears|Fitzroy Lions,1993-05-02,1993,45520.0,33.0,45325.0,2.0,45520,114
1993-05-02|6|Carlton Blues|Collingwood Magpies,1993-05-02,1993,45386.0,28.0,45845.0,6.0,45386,99
1993-05-02|6|West Coast Eagles|Western Bulldogs,1993-05-02,1993,45711.0,33.0,45553.0,3.0,45711,121
1993-05-08|7|Adelaide Crows|Collingwood Magpies,1993-05-08,1993,45353.0,32.0,45752.0,5.0,45843,125
1993-05-08|7|Brisbane Bears|Hawthorn Hawks,1993-05-08,1993,45391.0,28.0,45607.0,5.0,45607,110
1993-05-08|7|Fitzroy Lions|Melbourne Demons,1993-05-08,1993,45690.0,26.0,45698.0,3.0,45698,122
1993-05-08|7|North Melbourne Kangaroos|Western Bulldogs,1993-05-08,1993,45862.0,24.0,45408.0,4.0,45408,109
1993-05-08|7|Richmond Tigers|St Kilda Saints,1993-05-08,1993,45647.0,32.0,45679.0,9.0,45679,135
1993-05-09|7|Carlton Blues|Sydney Swans,1993-05-09,1993,45380.0,36.0,45451.0,3.0,45380,136
1993-05-09|7|Geelong Cats|West Coast Eagles,1993-05-09,1993,45637.0,28.0,45586.0,3.0,45829,119
1993-05-14|8|Fitzroy Lions|West Coast Eagles,1993-05-14,1993,45384.0,21.0,45695.0,6.0,45695,113
1993-05-15|8|Carlton Blues|Western Bulldogs,1993-05-15,1993,45380.0,30.0,45401.0,2.0,45380,92
1993-05-15|8|Collingwood Magpies|Hawthorn Hawks,1993-05-15,1993,45755.0,21.0,45531.0,2.0,45607,96
1993-05-15|8|Essendon Bombers|St Kilda Saints,1993-05-15,1993,45577.0,32.0,45595.0,4.0,45577,105
1993-05-16|8|Adelaide Crows|North Melbourne Kangaroos,1993-05-16,1993,45353.0,25.0,45752.0,10.0,45752,139
1993-05-16|8|Brisbane Bears|Sydney Swans,1993-05-16,1993,45391.0,28.0,45528.0,3.0,45987,118
1993-05-16|8|Geelong Cats|Richmond Tigers,1993-05-16,1993,45403.0,27.0,45537.0,4.0,45537,126
1993-05-21|9|Carlton Blues|North Melbourne Kangaroos,1993-05-21,1993,45380.0,27.0,45408.0,5.0,45408,114
1993-05-22|9|Adelaide Crows|Essendon Bombers,1993-05-22,1993,45948.0,33.0,45352.0,4.0,45948,132
1993-05-22|9|Collingwood Magpies|Fitzroy Lions,1993-05-22,1993,45386.0,21.0,45695.0,5.0,45695,95
1993-05-22|9|Hawthorn Hawks|Richmond Tigers,1993-05-22,1993,45647.0,35.0,45714.0,6.0,45622,124
1993-05-22|9|St Kilda Saints|Western Bulldogs,1993-05-22,1993,45672.0,30.0,45682.0,7.0,45682,116
1993-05-23|9|Geelong Cats|Sydney Swans,1993-05-23,1993,45636.0,31.0,45636.0,4.0,45636,118
1993-05-23|9|Melbourne Demons|West Coast Eagles,1993-05-23,1993,45698.0,27.0,45670.0,3.0,45698,137
1993-05-28|10|Essendon Bombers|Fitzroy Lions,1993-05-28,1993,45750.0,30.0,45695.0,4.0,45695,112
1993-05-29|10|Carlton Blues|Melbourne Demons,1993-05-29,1993,45939.0,36.0,45385.0,1.0,45939,117
1993-05-29|10|Collingwood Magpies|North Melbourne Kangaroos,1993-05-29,1993,45862.0,32.0,45408.0,3.0,45862,119
1993-05-29|10|Hawthorn Hawks|Western Bulldogs,1993-05-29,1993,45450.0,25.0,45607.0,4.0,45607,88
1993-05-29|10|Richmond Tigers|Sydney Swans,1993-05-29,1993,45661.0,41.0,45833.0,6.0,45833,138
1993-05-29|10|St Kilda Saints|West Coast Eagles,1993-05-29,1993,45577.0,26.0,45679.0,5.0,45682,98
1993-05-30|10|Adelaide Crows|Brisbane Bears,1993-05-30,1993,45353.0,26.0,45752.0,7.0,45752,113
1993-06-12|11|Brisbane Bears|St Kilda Saints,1993-06-12,1993,45393.0,26.0,45679.0,11.0,45679,136
1993-06-12|11|Carlton Blues|Geelong Cats,1993-06-12,1993,45596.0,21.0,45473.0,4.0,45801,84
1993-06-12|11|Fitzroy Lions|Richmond Tigers,1993-06-12,1993,45384.0,24.0,45537.0,4.0,45403,84
1993-06-13|11|Adelaide Crows|Western Bulldogs,1993-06-13,1993,45353.0,44.0,45752.0,7.0,45353,147
1993-06-13|11|Sydney Swans|West Coast Eagles,1993-06-13,1993,45670.0,20.0,45724.0,4.0,45670,81
1993-06-14|11|Collingwood Magpies|Melbourne Demons,1993-06-14,1993,45690.0,35.0,45511.0,2.0,45690,122
1993-06-14|11|Essendon Bombers|Hawthorn Hawks,1993-06-14,1993,45478.0,30.0,45595.0,4.0,45595,121
1993-06-18|12|North Melbourne Kangaroos|West Coast Eagles,1993-06-18,1993,45711.0,25.0,45323.0,5.0,45408,104
1993-06-19|12|Adelaide Crows|Carlton Blues,1993-06-19,1993,45380.0,30.0,45385.0,2.0,45380,124
1993-06-19|12|Essendon Bombers|Melbourne Demons,1993-06-19,1993,45750.0,32.0,45852.0,2.0,45690,111
1993-06-19|12|Hawthorn Hawks|St Kilda Saints,1993-06-19,1993,45607.0,30.0,45607.0,7.0,45607,171
1993-06-19|12|Sydney Swans|Western Bulldogs,1993-06-19,1993,45636.0,43.0,45553.0,4.0,45351,137
1993-06-20|12|Brisbane Bears|Collingwood Magpies,1993-06-20,1993,45325.0,31.0,45845.0,4.0,45325,93
1993-06-20|12|Fitzroy Lions|Geelong Cats,1993-06-20,1993,45596.0,29.0,45695.0,3.0,45695,107
1993-06-25|13|Hawthorn Hawks|North Melbourne Kangaroos,1993-06-25,1993,45846.0,26.0,45408.0,5.0,45408,102
1993-06-26|13|Brisbane Bears|Western Bulldogs,1993-06-26,1993,45391.0,31.0,45351.0,3.0,45391,112
1993-06-26|13|Collingwood Magpies|West Coast Eagles,1993-06-26,1993,45702.0,24.0,45845.0,4.0,45702,91
1993-06-26|13|Essendon Bombers|Richmond Tigers,1993-06-26,1993,45352.0,28.0,46034.0,2.0,45352,92
1993-06-26|13|Fitzroy Lions|St Kilda Saints,1993-06-26,1993,45393.0,28.0,45679.0,8.0,45393,119
1993-06-27|13|Adelaide Crows|Geelong Cats,1993-06-27,1993,45353.0,33.0,45884.0,5.0,45884,147
1993-06-27|13|Melbourne Demons|Sydney Swans,1993-06-27,1993,45939.0,33.0,45451.0,3.0,45698,107
1993-07-02|14|Adelaide Crows|Sydney Swans,1993-07-02,1993,45636.0,27.0,45752.0,5.0,45636,116
1993-07-03|14|Brisbane Bears|Essendon Bombers,1993-07-03,1993,45750.0,36.0,45891.0,4.0,45750,123
1993-07-03|14|Fitzroy Lions|North Melbourne Kangaroos,1993-07-03,1993,45899.0,32.0,45695.0,7.0,45384,103
1993-07-03|14|Geelong Cats|Western Bulldogs,1993-07-03,1993,45596.0,40.0,45596.0,2.0,45596,124
1993-07-03|14|Melbourne Demons|St Kilda Saints,1993-07-03,1993,45393.0,30.0,45655.0,2.0,45682,124
1993-07-04|14|Carlton Blues|West Coast Eagles,1993-07-04,1993,45385.0,27.0,45702.0,3.0,45385,93
1993-07-04|14|Collingwood Magpies|Richmond Tigers,1993-07-04,1993,45755.0,37.0,45845.0,10.0,45755,180
1993-07-09|15|Essendon Bombers|North Melbourne Kangaroos,1993-07-09,1993,45683.0,34.0,45684.0,6.0,45852,130
1993-07-10|15|Brisbane Bears|Carlton Blues,1993-07-10,1993,45385.0,31.0,45961.0,6.0,45385,115
1993-07-10|15|Collingwood Magpies|Sydney Swans,1993-07-10,1993,45755.0,29.0,45845.0,4.0,45755,136
1993-07-10|15|Fitzroy Lions|Hawthorn Hawks,1993-07-10,1993,45622.0,24.0,45695.0,3.0,45622,122
1993-07-10|15|Geelong Cats|Melbourne Demons,1993-07-10,1993,45690.0,36.0,45690.0,4.0,45690,165
1993-07-11|15|Adelaide Crows|St Kilda Saints,1993-07-11,1993,45353.0,31.0,45752.0,7.0,45577,117
1993-07-11|15|Richmond Tigers|Western Bulldogs,1993-07-11,1993,45647.0,31.0,45650.0,2.0,45650,105
1993-07-16|16|Adelaide Crows|Richmond Tigers,1993-07-16,1993,45353.0,36.0,45752.0,13.0,45752,181
1993-07-17|16|Carlton Blues|Fitzroy Lions,1993-07-17,1993,45380.0,34.0,45879.0,10.0,45879,160
1993-07-17|16|Collingwood Magpies|Western Bulldogs,1993-07-17,1993,45672.0,33.0,45845.0,10.0,45845,154
1993-07-17|16|Geelong Cats|St Kilda Saints,1993-07-17,1993,45577.0,39.0,45778.0,6.0,45577,149
1993-07-17|16|Hawthorn Hawks|Melbourne Demons,1993-07-17,1993,45920.0,25.0,45607.0,4.0,45920,82
1993-07-18|16|Brisbane Bears|North Melbourne Kangaroos,1993-07-18,1993,45325.0,34.0,45684.0,8.0,45325,132
1993-07-18|16|Essendon Bombers|West Coast Eagles,1993-07-18,1993,45478.0,32.0,45595.0,2.0,45478,95
1993-07-23|17|North Melbourne Kangaroos|St Kilda Saints,1993-07-23,1993,45393.0,30.0,45684.0,6.0,45682,147
1993-07-24|17|Carlton Blues|Essendon Bombers,1993-07-24,1993,45852.0,23.0,45879.0,4.0,45852,108
1993-07-24|17|Collingwood Magpies|Geelong Cats,1993-07-24,1993,45867.0,29.0,45596.0,2.0,45867,118
1993-07-24|17|Melbourne Demons|Western Bulldogs,1993-07-24,1993,45672.0,35.0,45690.0,3.0,45690,129
1993-07-25|17|Adelaide Crows|West Coast Eagles,1993-07-25,1993,45711.0,31.0,45752.0,4.0,45711,120
1993-07-25|17|Brisbane Bears|Richmond Tigers,1993-07-25,1993,45661.0,29.0,45391.0,4.0,45391,100
1993-07-25|17|Hawthorn Hawks|Sydney Swans,1993-07-25,1993,45636.0,28.0,45607.0,8.0,45607,130
1993-07-30|18|Collingwood Magpies|Essendon Bombers,1993-07-30,1993,45978.0,31.0,45352.0,4.0,45978,110
1993-07-31|18|Carlton Blues|Hawthorn Hawks,1993-07-31,1993,45424.0,29.0,45424.0,4.0,45424,114
1993-07-31|18|Fitzroy Lions|Western Bulldogs,1993-07-31,1993,45384.0,28.0,45695.0,8.0,45553,118
1993-07-31|18|Geelong Cats|North Melbourne Kangaroos,1993-07-31,1993,45596.0,40.0,45906.0,5.0,45596,126
1993-07-31|18|Richmond Tigers|West Coast Eagles,1993-07-31,1993,45403.0,26.0,45724.0,3.0,45637,107
1993-08-01|18|Brisbane Bears|Melbourne Demons,1993-08-01,1993,45690.0,32.0,45325.0,2.0,45690,115
1993-08-01|18|St Kilda Saints|Sydney Swans,1993-08-01,1993,45636.0,27.0,45682.0,8.0,45682,182
1993-08-06|19|Essendon Bombers|Sydney Swans,1993-08-06,1993,45742.0,29.0,45352.0,3.0,45742,103
1993-08-07|19|Adelaide Crows|Fitzroy Lions,1993-08-07,1993,45384.0,33.0,45752.0,7.0,45384,105
1993-08-07|19|Carlton Blues|Richmond Tigers,1993-08-07,1993,45403.0,30.0,45537.0,3.0,45403,103
1993-08-07|19|Collingwood Magpies|St Kilda Saints,1993-08-07,1993,45393.0,28.0,45845.0,3.0,45393,105
1993-08-07|19|Geelong Cats|Hawthorn Hawks,1993-08-07,1993,45829.0,24.0,45906.0,4.0,45596,121
1993-08-08|19|Brisbane Bears|West Coast Eagles,1993-08-08,1993,45391.0,34.0,45724.0,5.0,45391,136
1993-08-13|20|Fitzroy Lions|Sydney Swans,1993-08-13,1993,45384.0,32.0,45695.0,4.0,45671,97
1993-08-14|20|Carlton Blues|St Kilda Saints,1993-08-14,1993,45577.0,34.0,45778.0,4.0,45682,94
1993-08-14|20|Essendon Bombers|Western Bulldogs,1993-08-14,1993,45742.0,33.0,45553.0,3.0,45672,127
1993-08-15|20|Adelaide Crows|Melbourne Demons,1993-08-15,1993,45690.0,30.0,45752.0,4.0,45752,109
1993-08-15|20|Hawthorn Hawks|West Coast Eagles,1993-08-15,1993,45622.0,32.0,45331.0,2.0,45622,106
1993-08-15|20|North Melbourne Kangaroos|Richmond Tigers,1993-08-15,1993,45661.0,35.0,45684.0,5.0,45862,118
1993-08-21|21|Adelaide Crows|Hawthorn Hawks,1993-08-21,1993,45622.0,31.0,45752.0,5.0,45622,111
1993-08-21|21|Brisbane Bears|Fitzroy Lions,1993-08-21,1993,45520.0,30.0,45695.0,7.0,45695,133
1993-08-21|21|Carlton Blues|Collingwood Magpies,1993-08-21,1993,45953.0,28.0,45473.0,3.0,45953,97
1993-08-21|21|Essendon Bombers|Geelong Cats,1993-08-21,1993,45742.0,31.0,45906.0,4.0,45906,129
1993-08-21|21|West Coast Eagles|Western Bulldogs,1993-08-21,1993,45702.0,29.0,45637.0,2.0,45711,106
1993-08-22|21|Melbourne Demons|Richmond Tigers,1993-08-22,1993,45939.0,34.0,45537.0,3.0,45698,143
1993-08-22|21|North Melbourne Kangaroos|Sydney Swans,1993-08-22,1993,45671.0,26.0,45408.0,5.0,45899,94
1993-08-27|22|Geelong Cats|West Coast Eagles,1993-08-27,1993,45711.0,29.0,45906.0,4.0,45906,119
1993-08-28|22|Carlton Blues|Sydney Swans,1993-08-28,1993,45385.0,30.0,45380.0,3.0,45380,140
1993-08-28|22|North Melbourne Kangaroos|Western Bulldogs,1993-08-28,1993,45672.0,26.0,45553.0,4.0,45408,134
1993-08-28|22|Richmond Tigers|St Kilda Saints,1993-08-28,1993,45577.0,32.0,45833.0,7.0,45833,125
1993-08-29|22|Adelaide Crows|Collingwood Magpies,1993-08-29,1993,45675.0,30.0,45752.0,5.0,45675,114
1993-08-29|22|Brisbane Bears|Hawthorn Hawks,1993-08-29,1993,45325.0,31.0,45450.0,2.0,45325,112
1993-08-29|22|Fitzroy Lions|Melbourne Demons,1993-08-29,1993,45939.0,37.0,45695.0,2.0,45939,129
1993-09-04|EF|North Melbourne Kangaroos|West Coast Eagles,1993-09-04,1993,45637.0,28.0,45840.0,4.0,45637,113
1993-09-04|QF|Carlton Blues|Essendon Bombers,1993-09-04,1993,45948.0,29.0,45852.0,4.0,45742,114
1993-09-05|EF|Adelaide Crows|Hawthorn Hawks,1993-09-05,1993,45675.0,31.0,45884.0,4.0,45884,109
1993-09-11|SF|Adelaide Crows|Carlton Blues,1993-09-11,1993,45380.0,27.0,45380.0,5.0,45380,122
1993-09-12|SF|Essendon Bombers|West Coast Eagles,1993-09-12,1993,45750.0,30.0,45852.0,4.0,45852,121
1993-09-18|PF|Adelaide Crows|Essendon Bombers,1993-09-18,1993,45478.0,29.0,45352.0,6.0,45852,117
1993-09-25|GF|Carlton Blues|Essendon Bombers,1993-09-25,1993,45683.0,33.0,45852.0,5.0,45683,126
1994-03-26|1|Collingwood Magpies|Fitzroy Lions,1994-03-26,1994,45386.0,24.0,45970.0,5.0,45970,95
1994-03-26|1|Essendon Bombers|West Coast Eagles,1994-03-26,1994,45637.0,31.0,45433.0,3.0,45742,115
1994-03-26|1|Hawthorn Hawks|St Kilda Saints,1994-03-26,1994,45577.0,29.0,45679.0,5.0,45450,102
1994-03-26|1|Richmond Tigers|Western Bulldogs,1994-03-26,1994,45370.0,23.0,45833.0,8.0,45833,109
1994-03-27|1|Adelaide Crows|Carlton Blues,1994-03-27,1994,45353.0,31.0,45752.0,13.0,45752,179
1994-03-27|1|Brisbane Bears|Sydney Swans,1994-03-27,1994,45520.0,25.0,45961.0,3.0,45520,90
1994-03-27|1|Geelong Cats|Melbourne Demons,1994-03-27,1994,45920.0,30.0,45698.0,5.0,45698,126
1994-04-02|2|Essendon Bombers|Fitzroy Lions,1994-04-02,1994,45379.0,37.0,45852.0,4.0,45379,150
1994-04-02|2|Hawthorn Hawks|Melbourne Demons,1994-04-02,1994,45939.0,29.0,45607.0,3.0,45698,115
1994-04-02|2|North Melbourne Kangaroos|St Kilda Saints,1994-04-02,1994,45393.0,30.0,45840.0,5.0,45408,119
1994-04-03|2|Adelaide Crows|West Coast Eagles,1994-04-03,1994,45353.0,30.0,45586.0,5.0,45616,105
1994-04-03|2|Brisbane Bears|Richmond Tigers,1994-04-03,1994,45520.0,33.0,45833.0,7.0,45520,123
1994-04-04|2|Carlton Blues|Collingwood Magpies,1994-04-04,1994,45385.0,36.0,45845.0,5.0,45385,124
1994-04-04|2|Geelong Cats|Western Bulldogs,1994-04-04,1994,45401.0,30.0,45829.0,4.0,45335,127
1994-04-08|3|Hawthorn Hawks|North Melbourne Kangaroos,1994-04-08,1994,45862.0,28.0,45408.0,7.0,45408,165
1994-04-09|3|Brisbane Bears|Fitzroy Lions,1994-04-09,1994,45520.0,28.0,45379.0,2.0,45379,98
1994-04-09|3|Essendon Bombers|St Kilda Saints,1994-04-09,1994,45478.0,22.0,45742.0,3.0,45595,94
1994-04-09|3|Richmond Tigers|West Coast Eagles,1994-04-09,1994,45616.0,27.0,45586.0,3.0,45616,103
1994-04-10|3|Adelaide Crows|Sydney Swans,1994-04-10,1994,45353.0,32.0,45830.0,5.0,45675,104
1994-04-10|3|Carlton Blues|Geelong Cats,1994-04-10,1994,45725.0,29.0,45373.0,2.0,45725,122
1994-04-10|3|Collingwood Magpies|Western Bulldogs,1994-04-10,1994,45401.0,28.0,45845.0,6.0,45401,104
1994-04-15|4|Richmond Tigers|Sydney Swans,1994-04-15,1994,45384.0,27.0,45833.0,4.0,45516,85
1994-04-16|4|Carlton Blues|Hawthorn Hawks,1994-04-16,1994,45380.0,42.0,45440.0,5.0,45597,133
1994-04-16|4|Essendon Bombers|Melbourne Demons,1994-04-16,1994,45511.0,29.0,45352.0,2.0,45511,97
1994-04-16|4|Fitzroy Lions|West Coast Eagles,1994-04-16,1994,45711.0,31.0,45586.0,4.0,45711,118
1994-04-16|4|North Melbourne Kangaroos|Western Bulldogs,1994-04-16,1994,45672.0,27.0,45408.0,6.0,45408,128
1994-04-17|4|Adelaide Crows|Geelong Cats,1994-04-17,1994,45353.0,34.0,45752.0,5.0,45353,110
1994-04-17|4|Brisbane Bears|St Kilda Saints,1994-04-17,1994,45325.0,24.0,45695.0,8.0,45695,121
1994-04-22|5|Brisbane Bears|Melbourne Demons,1994-04-22,1994,45512.0,39.0,45417.0,1.0,45511,131
1994-04-23|5|Collingwood Magpies|Essendon Bombers,1994-04-23,1994,45386.0,26.0,45845.0,7.0,45845,121
1994-04-23|5|Fitzroy Lions|Sydney Swans,1994-04-23,1994,45379.0,27.0,45379.0,4.0,45379,125
1994-04-23|5|Geelong Cats|North Melbourne Kangaroos,1994-04-23,1994,45899.0,25.0,45849.0,4.0,45335,91
1994-04-24|5|Adelaide Crows|Western Bulldogs,1994-04-24,1994,45672.0,33.0,45752.0,7.0,45672,118
1994-04-24|5|Hawthorn Hawks|West Coast Eagles,1994-04-24,1994,45616.0,25.0,45550.0,2.0,45616,107
1994-04-25|5|Richmond Tigers|St Kilda Saints,1994-04-25,1994,45384.0,32.0,45929.0,4.0,45537,122
1994-04-30|6|Adelaide Crows|Brisbane Bears,1994-04-30,1994,45830.0,30.0,45752.0,6.0,45830,105
1994-04-30|6|Carlton Blues|Sydney Swans,1994-04-30,1994,45385.0,35.0,45440.0,6.0,45385,124
1994-04-30|6|Collingwood Magpies|Melbourne Demons,1994-04-30,1994,45939.0,30.0,45860.0,3.0,45755,100
1994-04-30|6|North Melbourne Kangaroos|West Coast Eagles,1994-04-30,1994,45637.0,27.0,45408.0,5.0,45408,147
1994-05-07|7|Essendon Bombers|Hawthorn Hawks,1994-05-07,1994,45742.0,30.0,45852.0,3.0,45742,110
1994-05-07|7|Fitzroy Lions|Richmond Tigers,1994-05-07,1994,45384.0,36.0,45754.0,4.0,45384,108
1994-05-07|7|Melbourne Demons|North Melbourne Kangaroos,1994-05-07,1994,45939.0,28.0,45684.0,3.0,45846,102
1994-05-08|7|Brisbane Bears|Western Bulldogs,1994-05-08,1994,45661.0,33.0,45401.0,2.0,45553,115
1994-05-08|7|Carlton Blues|West Coast Eagles,1994-05-08,1994,45702.0,26.0,45586.0,3.0,45702,104
1994-05-08|7|Collingwood Magpies|Geelong Cats,1994-05-08,1994,45596.0,27.0,45596.0,3.0,45386,105
1994-05-08|7|St Kilda Saints|Sydney Swans,1994-05-08,1994,45636.0,26.0,45679.0,11.0,45679,141
1994-05-13|8|Carlton Blues|Richmond Tigers,1994-05-13,1994,45385.0,28.0,45537.0,3.0,45647,99
1994-05-14|8|Brisbane Bears|Hawthorn Hawks,1994-05-14,1994,45622.0,28.0,45450.0,2.0,45552,116
1994-05-14|8|Collingwood Magpies|St Kilda Saints,1994-05-14,1994,45391.0,31.0,45682.0,3.0,45391,117
1994-05-14|8|Fitzroy Lions|North Melbourne Kangaroos,1994-05-14,1994,45379.0,33.0,45684.0,3.0,45379,103
1994-05-15|8|Adelaide Crows|Essendon Bombers,1994-05-15,1994,45948.0,30.0,45752.0,6.0,45948,119
1994-05-15|8|Geelong Cats|Sydney Swans,1994-05-15,1994,45516.0,26.0,45971.0,3.0,45971,111
1994-05-15|8|Melbourne Demons|Western Bulldogs,1994-05-15,1994,45401.0,25.0,45698.0,5.0,45401,108
1994-05-20|9|Collingwood Magpies|North Melbourne Kangaroos,1994-05-20,1994,45899.0,29.0,45684.0,6.0,45684,121
1994-05-21|9|Carlton Blues|Essendon Bombers,1994-05-21,1994,45385.0,34.0,45595.0,3.0,45742,116
1994-05-21|9|Geelong Cats|Richmond Tigers,1994-05-21,1994,45596.0,35.0,45769.0,3.0,45801,122
1994-05-21|9|Melbourne Demons|Sydney Swans,1994-05-21,1994,45636.0,26.0,45671.0,4.0,45860,90
1994-05-21|9|West Coast Eagles|Western Bulldogs,1994-05-21,1994,45702.0,21.0,45711.0,4.0,45711,114
1994-05-22|9|Adelaide Crows|Hawthorn Hawks,1994-05-22,1994,45550.0,28.0,45607.0,2.0,45550,117
1994-05-22|9|Fitzroy Lions|St Kilda Saints,1994-05-22,1994,45577.0,29.0,45778.0,4.0,45577,114
1994-05-27|10|Sydney Swans|West Coast Eagles,1994-05-27,1994,45728.0,29.0,45670.0,3.0,45728,97
1994-05-28|10|Carlton Blues|Western Bulldogs,1994-05-28,1994,45401.0,20.0,45373.0,2.0,45672,90
1994-05-28|10|Collingwood Magpies|Hawthorn Hawks,1994-05-28,1994,45386.0,33.0,45845.0,5.0,45386,133
1994-05-28|10|Essendon Bombers|Geelong Cats,1994-05-28,1994,45352.0,34.0,45971.0,4.0,45352,147
1994-05-28|10|Melbourne Demons|St Kilda Saints,1994-05-28,1994,45511.0,25.0,45698.0,4.0,45860,144
1994-05-29|10|Adelaide Crows|Fitzroy Lions,1994-05-29,1994,45830.0,31.0,45752.0,5.0,45574,103
1994-05-29|10|Brisbane Bears|North Melbourne Kangaroos,1994-05-29,1994,45325.0,35.0,45325.0,2.0,45325,138
1994-06-04|11|Adelaide Crows|Collingwood Magpies,1994-06-04,1994,45391.0,29.0,45717.0,3.0,45391,99
1994-06-04|11|Brisbane Bears|Geelong Cats,1994-06-04,1994,45661.0,27.0,45695.0,3.0,45695,103
1994-06-04|11|Carlton Blues|Fitzroy Lions,1994-06-04,1994,45379.0,30.0,45986.0,3.0,45385,94
1994-06-04|11|Essendon Bombers|Richmond Tigers,1994-06-04,1994,45478.0,34.0,45908.0,6.0,45478,126
1994-06-05|11|Hawthorn Hawks|Western Bulldogs,1994-06-05,1994,45401.0,24.0,45553.0,3.0,45550,100
1994-06-05|11|Melbourne Demons|West Coast Eagles,1994-06-05,1994,45616.0,29.0,45670.0,5.0,45698,114
1994-06-05|11|North Melbourne Kangaroos|Sydney Swans,1994-06-05,1994,45636.0,34.0,45684.0,6.0,45636,131
1994-06-11|12|Adelaide Crows|North Melbourne Kangaroos,1994-06-11,1994,45862.0,26.0,45408.0,4.0,45862,117
1994-06-11|12|Carlton Blues|Melbourne Demons,1994-06-11,1994,45690.0,33.0,45698.0,4.0,45698,109
1994-06-11|12|Geelong Cats|St Kilda Saints,1994-06-11,1994,45393.0,27.0,45778.0,7.0,45778,117
1994-06-12|12|Brisbane Bears|West Coast Eagles,1994-06-12,1994,45661.0,31.0,45331.0,2.0,45670,90
1994-06-12|12|Hawthorn Hawks|Sydney Swans,1994-06-12,1994,45622.0,28.0,45622.0,3.0,45622,145
1994-06-13|12|Collingwood Magpies|Richmond Tigers,1994-06-13,1994,45384.0,28.0,45769.0,2.0,45755,104
1994-06-13|12|Essendon Bombers|Western Bulldogs,1994-06-13,1994,45401.0,30.0,45553.0,5.0,45401,118
1994-06-18|13|Carlton Blues|St Kilda Saints,1994-06-18,1994,45380.0,29.0,45778.0,3.0,45380,110
1994-06-18|13|Fitzroy Lions|Hawthorn Hawks,1994-06-18,1994,45379.0,32.0,45607.0,2.0,45379,107
1994-06-18|13|North Melbourne Kangaroos|Richmond Tigers,1994-06-18,1994,45647.0,34.0,45684.0,3.0,45714,87
1994-06-19|13|Adelaide Crows|Melbourne Demons,1994-06-19,1994,45511.0,25.0,45690.0,3.0,45827,123
1994-06-19|13|Brisbane Bears|Essendon Bombers,1994-06-19,1994,45520.0,29.0,45695.0,5.0,45695,114
1994-06-19|13|Collingwood Magpies|West Coast Eagles,1994-06-19,1994,45391.0,26.0,45586.0,6.0,45391,107
1994-06-19|13|Sydney Swans|Western Bulldogs,1994-06-19,1994,45957.0,31.0,45553.0,6.0,45553,127
1994-06-24|14|Carlton Blues|North Melbourne Kangaroos,1994-06-24,1994,45385.0,30.0,45320.0,4.0,45424,99
1994-06-25|14|Adelaide Crows|St Kilda Saints,1994-06-25,1994,45577.0,32.0,45508.0,3.0,45827,147
1994-06-25|14|Fitzroy Lions|Western Bulldogs,1994-06-25,1994,45672.0,27.0,45553.0,6.0,45553,133
1994-06-25|14|Geelong Cats|West Coast Eagles,1994-06-25,1994,45596.0,33.0,45637.0,2.0,45616,116
1994-06-25|14|Melbourne Demons|Richmond Tigers,1994-06-25,1994,45939.0,31.0,45847.0,3.0,45939,103
1994-06-26|14|Brisbane Bears|Collingwood Magpies,1994-06-26,1994,45325.0,34.0,45845.0,4.0,45391,120
1994-06-26|14|Essendon Bombers|Sydney Swans,1994-06-26,1994,46034.0,27.0,45460.0,8.0,46034,110
1994-07-01|15|St Kilda Saints|West Coast Eagles,1994-07-01,1994,45577.0,31.0,45586.0,3.0,45577,90
1994-07-02|15|Brisbane Bears|Carlton Blues,1994-07-02,1994,45385.0,34.0,45440.0,3.0,45385,112
1994-07-02|15|Essendon Bombers|North Melbourne Kangaroos,1994-07-02,1994,45478.0,24.0,45684.0,7.0,45684,123
1994-07-02|15|Fitzroy Lions|Melbourne Demons,1994-07-02,1994,45939.0,26.0,45754.0,2.0,46040,94
1994-07-02|15|Geelong Cats|Hawthorn Hawks,1994-07-02,1994,45622.0,35.0,45622.0,2.0,45622,166
1994-07-03|15|Adelaide Crows|Richmond Tigers,1994-07-03,1994,45621.0,29.0,45833.0,4.0,45621,104
1994-07-03|15|Collingwood Magpies|Sydney Swans,1994-07-03,1994,45636.0,24.0,45845.0,3.0,45386,97
1994-07-09|16|Collingwood Magpies|Fitzroy Lions,1994-07-09,1994,45953.0,27.0,45845.0,4.0,45386,108
1994-07-09|16|Geelong Cats|Melbourne Demons,1994-07-09,1994,45939.0,27.0,45803.0,4.0,45939,105
1994-07-09|16|Hawthorn Hawks|St Kilda Saints,1994-07-09,1994,45577.0,32.0,45778.0,4.0,45622,110
1994-07-09|16|Richmond Tigers|Western Bulldogs,1994-07-09,1994,45957.0,31.0,45833.0,4.0,45537,112
1994-07-10|16|Adelaide Crows|Carlton Blues,1994-07-10,1994,45353.0,24.0,45613.0,3.0,45654,89
1994-07-10|16|Brisbane Bears|Sydney Swans,1994-07-10,1994,45520.0,29.0,45636.0,4.0,45695,96
1994-07-10|16|Essendon Bombers|West Coast Eagles,1994-07-10,1994,45702.0,27.0,45460.0,3.0,45711,110
1994-07-16|17|Carlton Blues|Collingwood Magpies,1994-07-16,1994,45385.0,32.0,45380.0,2.0,45385,108
1994-07-16|17|Geelong Cats|Western Bulldogs,1994-07-16,1994,45401.0,24.0,45650.0,4.0,45722,88
1994-07-16|17|Hawthorn Hawks|Melbourne Demons,1994-07-16,1994,45511.0,30.0,45860.0,3.0,45698,111
1994-07-16|17|North Melbourne Kangaroos|St Kilda Saints,1994-07-16,1994,45393.0,26.0,45684.0,6.0,45320,97
1994-07-17|17|Adelaide Crows|West Coast Eagles,1994-07-17,1994,45637.0,21.0,45586.0,3.0,45827,111
1994-07-17|17|Brisbane Bears|Richmond Tigers,1994-07-17,1994,45661.0,28.0,45695.0,5.0,45695,114
1994-07-17|17|Essendon Bombers|Fitzroy Lions,1994-07-17,1994,45478.0,29.0,45981.0,4.0,45852,107
1994-07-22|18|Adelaide Crows|Sydney Swans,1994-07-22,1994,45636.0,37.0,45830.0,5.0,45636,151
1994-07-23|18|Collingwood Magpies|Western Bulldogs,1994-07-23,1994,45957.0,27.0,45553.0,3.0,45957,102
1994-07-23|18|Essendon Bombers|St Kilda Saints,1994-07-23,1994,45478.0,39.0,45679.0,6.0,45478,138
1994-07-23|18|Hawthorn Hawks|North Melbourne Kangaroos,1994-07-23,1994,45862.0,27.0,45684.0,3.0,45862,99
1994-07-24|18|Brisbane Bears|Fitzroy Lions,1994-07-24,1994,45520.0,24.0,45575.0,2.0,45325,74
1994-07-24|18|Carlton Blues|Geelong Cats,1994-07-24,1994,45654.0,23.0,45829.0,1.0,45654,90
1994-07-24|18|Richmond Tigers|West Coast Eagles,1994-07-24,1994,45702.0,31.0,45833.0,4.0,45702,102
1994-07-29|19|North Melbourne Kangaroos|Western Bulldogs,1994-07-29,1994,45899.0,33.0,45684.0,5.0,45729,105
1994-07-30|19|Brisbane Bears|St Kilda Saints,1994-07-30,1994,45661.0,34.0,45941.0,2.0,45661,123
1994-07-30|19|Carlton Blues|Hawthorn Hawks,1994-07-30,1994,45380.0,22.0,45607.0,3.0,45552,85
1994-07-30|19|Essendon Bombers|Melbourne Demons,1994-07-30,1994,45512.0,33.0,45698.0,8.0,45860,135
1994-07-31|19|Adelaide Crows|Geelong Cats,1994-07-31,1994,45596.0,39.0,45353.0,1.0,45596,136
1994-07-31|19|Fitzroy Lions|West Coast Eagles,1994-07-31,1994,45637.0,28.0,45670.0,3.0,45637,103
1994-07-31|19|Richmond Tigers|Sydney Swans,1994-07-31,1994,45384.0,30.0,45671.0,5.0,45671,115
1994-08-05|20|Collingwood Magpies|Essendon Bombers,1994-08-05,1994,45386.0,27.0,45717.0,4.0,45981,121
1994-08-06|20|Geelong Cats|North Melbourne Kangaroos,1994-08-06,1994,45596.0,30.0,45408.0,5.0,45596,105
1994-08-06|20|Hawthorn Hawks|West Coast Eagles,1994-08-06,1994,45622.0,28.0,45607.0,5.0,45622,104
1994-08-06|20|Richmond Tigers|St Kilda Saints,1994-08-06,1994,45577.0,31.0,45679.0,6.0,45647,100
1994-08-07|20|Adelaide Crows|Western Bulldogs,1994-08-07,1994,45957.0,30.0,45553.0,7.0,45827,120
1994-08-07|20|Brisbane Bears|Melbourne Demons,1994-08-07,1994,45860.0,21.0,45698.0,5.0,45698,106
1994-08-07|20|Fitzroy Lions|Sydney Swans,1994-08-07,1994,45379.0,32.0,45379.0,1.0,45379,135
1994-08-12|21|North Melbourne Kangaroos|West Coast Eagles,1994-08-12,1994,45616.0,29.0,45637.0,3.0,45616,110
1994-08-13|21|Collingwood Magpies|Melbourne Demons,1994-08-13,1994,45920.0,31.0,45717.0,4.0,45920,106
1994-08-13|21|Fitzroy Lions|Geelong Cats,1994-08-13,1994,45596.0,37.0,45829.0,2.0,45596,136
1994-08-13|21|St Kilda Saints|Western Bulldogs,1994-08-13,1994,45577.0,37.0,45679.0,5.0,45393,132
1994-08-14|21|Adelaide Crows|Brisbane Bears,1994-08-14,1994,45520.0,35.0,45669.0,4.0,45520,122
1994-08-14|21|Carlton Blues|Sydney Swans,1994-08-14,1994,45451.0,29.0,45516.0,3.0,45451,100
1994-08-14|21|Hawthorn Hawks|Richmond Tigers,1994-08-14,1994,45769.0,27.0,45718.0,5.0,45450,111
1994-08-19|22|Melbourne Demons|North Melbourne Kangaroos,1994-08-19,1994,45939.0,27.0,45698.0,3.0,45920,113
1994-08-20|22|Collingwood Magpies|Geelong Cats,1994-08-20,1994,45596.0,27.0,45391.0,4.0,45391,122
1994-08-20|22|Fitzroy Lions|Richmond Tigers,1994-08-20,1994,45403.0,27.0,45647.0,4.0,45403,91
1994-08-20|22|St Kilda Saints|Sydney Swans,1994-08-20,1994,45577.0,33.0,45679.0,9.0,45679,156
1994-08-21|22|Brisbane Bears|Western Bulldogs,1994-08-21,1994,45661.0,30.0,45553.0,5.0,45661,94
1994-08-21|22|Carlton Blues|West Coast Eagles,1994-08-21,1994,45380.0,29.0,45329.0,2.0,45380,101
1994-08-21|22|Essendon Bombers|Hawthorn Hawks,1994-08-21,1994,45478.0,34.0,45460.0,4.0,45478,117
1994-08-26|23|Fitzroy Lions|North Melbourne Kangaroos,1994-08-26,1994,45862.0,32.0,45408.0,5.0,45684,105
1994-08-27|23|Carlton Blues|Richmond Tigers,1994-08-27,1994,45380.0,30.0,45385.0,7.0,45380,104
1994-08-27|23|Collingwood Magpies|St Kilda Saints,1994-08-27,1994,45393.0,36.0,45679.0,8.0,45679,134
1994-08-27|23|Geelong Cats|Sydney Swans,1994-08-27,1994,45451.0,31.0,45671.0,4.0,45451,114
1994-08-27|23|Melbourne Demons|Western Bulldogs,1994-08-27,1994,45351.0,25.0,45698.0,5.0,45351,117
1994-08-28|23|Adelaide Crows|Essendon Bombers,1994-08-28,1994,45830.0,32.0,45752.0,5.0,45830,106
1994-08-28|23|Brisbane Bears|Hawthorn Hawks,1994-08-28,1994,45661.0,26.0,45607.0,3.0,45552,119
1994-09-02|24|Collingwood Magpies|North Melbourne Kangaroos,1994-09-02,1994,45386.0,26.0,45684.0,8.0,45684,105
1994-09-03|24|Adelaide Crows|Hawthorn Hawks,1994-09-03,1994,45830.0,36.0,45607.0,3.0,45830,122
1994-09-03|24|Carlton Blues|Essendon Bombers,1994-09-03,1994,45478.0,24.0,45352.0,2.0,45595,111
1994-09-03|24|Fitzroy Lions|St Kilda Saints,1994-09-03,1994,45393.0,31.0,45682.0,5.0,45393,132
1994-09-03|24|Geelong Cats|Richmond Tigers,1994-09-03,1994,45596.0,31.0,45383.0,3.0,45596,115
1994-09-04|24|Melbourne Demons|Sydney Swans,1994-09-04,1994,45920.0,29.0,45860.0,9.0,45698,124
1994-09-04|24|West Coast Eagles|Western Bulldogs,1994-09-04,1994,45702.0,25.0,45329.0,3.0,45670,95
1994-09-10|QF|Geelong Cats|Western Bulldogs,1994-09-10,1994,45672.0,22.0,45401.0,2.0,45335,85
1994-09-10|QF|Hawthorn Hawks|North Melbourne Kangaroos,1994-09-10,1994,45622.0,39.0,45408.0,4.0,45408,146
1994-09-11|QF|Carlton Blues|Melbourne Demons,1994-09-11,1994,45725.0,24.0,46040.0,5.0,45860,97
1994-09-11|QF|Collingwood Magpies|West Coast Eagles,1994-09-11,1994,45391.0,23.0,45386.0,5.0,45391,97
1994-09-17|SF|Carlton Blues|Geelong Cats,1994-09-17,1994,45801.0,31.0,45741.0,3.0,45801,100
1994-09-18|SF|Melbourne Demons|Western Bulldogs,1994-09-18,1994,45690.0,31.0,45698.0,10.0,45698,151
1994-09-24|PF|Geelong Cats|North Melbourne Kangaroos,1994-09-24,1994,45596.0,34.0,45408.0,6.0,45408,152
1994-09-24|PF|Melbourne Demons|West Coast Eagles,1994-09-24,1994,45702.0,29.0,45586.0,6.0,45702,102
1994-10-01|GF|Geelong Cats|West Coast Eagles,1994-10-01,1994,45637.0,23.0,45329.0,2.0,45637,100
1995-03-31|1|Adelaide Crows|North Melbourne Kangaroos,1995-03-31,1995,45437.0,28.0,45408.0,2.0,45437,96
1995-04-01|1|Brisbane Bears|Hawthorn Hawks,1995-04-01,1995,45718.0,30.0,45450.0,3.0,45450,126
1995-04-01|1|Essendon Bombers|Fitzroy Lions,1995-04-01,1995,45379.0,35.0,45352.0,4.0,45379,128
1995-04-01|1|Fremantle Dockers|Richmond Tigers,1995-04-01,1995,45403.0,27.0,45464.0,3.0,45403,96
1995-04-01|1|Geelong Cats|Melbourne Demons,1995-04-01,1995,45801.0,24.0,45698.0,3.0,45801,108
1995-04-02|1|Carlton Blues|Collingwood Magpies,1995-04-02,1995,45380.0,27.0,45832.0,4.0,45380,100
1995-04-02|1|St Kilda Saints|West Coast Eagles,1995-04-02,1995,45637.0,26.0,45586.0,5.0,45711,100
1995-04-02|1|Sydney Swans|Western Bulldogs,1995-04-02,1995,45849.0,27.0,45679.0,6.0,45672,109
1995-04-07|2|Essendon Bombers|Fremantle Dockers,1995-04-07,1995,45750.0,32.0,45595.0,3.0,45750,119
1995-04-08|2|Carlton Blues|Fitzroy Lions,1995-04-08,1995,45380.0,32.0,45795.0,2.0,45380,119
1995-04-08|2|Hawthorn Hawks|Western Bulldogs,1995-04-08,1995,45401.0,22.0,45571.0,4.0,45450,110
1995-04-08|2|Melbourne Demons|North Melbourne Kangaroos,1995-04-08,1995,45899.0,25.0,45684.0,6.0,45408,105
1995-04-09|2|Adelaide Crows|Brisbane Bears,1995-04-09,1995,45437.0,28.0,45737.0,3.0,45941,103
1995-04-09|2|Collingwood Magpies|West Coast Eagles,1995-04-09,1995,45386.0,27.0,45329.0,4.0,45386,104
1995-04-09|2|Geelong Cats|Sydney Swans,1995-04-09,1995,45801.0,31.0,45693.0,6.0,45801,110
1995-04-09|2|Richmond Tigers|St Kilda Saints,1995-04-09,1995,45403.0,28.0,45833.0,6.0,45403,101
1995-04-15|3|Carlton Blues|Western Bulldogs,1995-04-15,1995,45424.0,29.0,45823.0,3.0,45424,112
1995-04-15|3|Collingwood Magpies|Geelong Cats,1995-04-15,1995,45829.0,19.0,45845.0,6.0,45845,95
1995-04-15|3|Fitzroy Lions|Fremantle Dockers,1995-04-15,1995,45379.0,36.0,45311.0,3.0,45379,134
1995-04-15|3|North Melbourne Kangaroos|West Coast Eagles,1995-04-15,1995,45862.0,26.0,45724.0,3.0,45329,94
1995-04-16|3|Adelaide Crows|St Kilda Saints,1995-04-16,1995,45437.0,27.0,45717.0,1.0,45437,94
1995-04-16|3|Brisbane Bears|Sydney Swans,1995-04-16,1995,45520.0,27.0,45693.0,2.0,45325,98
1995-04-16|3|Hawthorn Hawks|Richmond Tigers,1995-04-16,1995,45384.0,26.0,45537.0,2.0,45833,96
1995-04-17|3|Essendon Bombers|Melbourne Demons,1995-04-17,1995,45750.0,30.0,45698.0,6.0,45317,112
1995-04-21|4|Fremantle Dockers|Geelong Cats,1995-04-21,1995,45639.0,26.0,45971.0,3.0,45639,100
1995-04-22|4|Fitzroy Lions|Sydney Swans,1995-04-22,1995,45418.0,21.0,45679.0,7.0,45542,87
1995-04-22|4|Hawthorn Hawks|St Kilda Saints,1995-04-22,1995,45450.0,25.0,45450.0,2.0,45552,104
1995-04-23|4|Adelaide Crows|West Coast Eagles,1995-04-23,1995,45437.0,31.0,45752.0,4.0,45437,117
1995-04-23|4|Brisbane Bears|Carlton Blues,1995-04-23,1995,45380.0,27.0,45319.0,2.0,45380,98
1995-04-23|4|Melbourne Demons|Western Bulldogs,1995-04-23,1995,45849.0,24.0,45662.0,5.0,45849,101
1995-04-24|4|North Melbourne Kangaroos|Richmond Tigers,1995-04-24,1995,45647.0,32.0,45464.0,6.0,45647,117
1995-04-25|4|Collingwood Magpies|Essendon Bombers,1995-04-25,1995,45391.0,30.0,45845.0,9.0,45845,126
1995-04-29|5|Brisbane Bears|Richmond Tigers,1995-04-29,1995,45520.0,35.0,45537.0,4.0,45520,115
1995-04-29|5|Fitzroy Lions|Geelong Cats,1995-04-29,1995,45379.0,30.0,45829.0,3.0,45801,107
1995-04-29|5|Fremantle Dockers|Western Bulldogs,1995-04-29,1995,45401.0,35.0,45553.0,3.0,45401,116
1995-04-29|5|Melbourne Demons|West Coast Eagles,1995-04-29,1995,45511.0,23.0,45329.0,5.0,45698,123
1995-04-30|5|Adelaide Crows|Sydney Swans,1995-04-30,1995,45451.0,23.0,45671.0,3.0,45636,134
1995-04-30|5|Carlton Blues|North Melbourne Kangaroos,1995-04-30,1995,45862.0,30.0,45795.0,3.0,45795,108
1995-04-30|5|Collingwood Magpies|Hawthorn Hawks,1995-04-30,1995,45622.0,29.0,45607.0,3.0,45600,109
1995-04-30|5|Essendon Bombers|St Kilda Saints,1995-04-30,1995,45393.0,38.0,45352.0,4.0,45742,135
1995-05-05|6|Adelaide Crows|Melbourne Demons,1995-05-05,1995,45437.0,28.0,45752.0,3.0,45437,108
1995-05-06|6|Carlton Blues|West Coast Eagles,1995-05-06,1995,45616.0,32.0,45329.0,4.0,45616,126
1995-05-06|6|Collingwood Magpies|Richmond Tigers,1995-05-06,1995,45403.0,32.0,45845.0,6.0,45384,127
1995-05-06|6|Fitzroy Lions|St Kilda Saints,1995-05-06,1995,45393.0,31.0,45778.0,4.0,45393,98
1995-05-06|6|Geelong Cats|Western Bulldogs,1995-05-06,1995,45887.0,29.0,45624.0,3.0,45801,101
1995-05-07|6|Brisbane Bears|Essendon Bombers,1995-05-07,1995,45683.0,40.0,45575.0,5.0,45683,138
1995-05-07|6|Fremantle Dockers|Sydney Swans,1995-05-07,1995,45423.0,20.0,45311.0,6.0,45311,112
1995-05-07|6|Hawthorn Hawks|North Melbourne Kangaroos,1995-05-07,1995,45450.0,28.0,45840.0,5.0,45408,135
1995-05-12|7|Adelaide Crows|Richmond Tigers,1995-05-12,1995,45647.0,38.0,45752.0,5.0,45647,124
1995-05-13|7|Carlton Blues|Essendon Bombers,1995-05-13,1995,45823.0,28.0,45317.0,4.0,45823,107
1995-05-13|7|Collingwood Magpies|Sydney Swans,1995-05-13,1995,45970.0,25.0,45845.0,4.0,45970,104
1995-05-13|7|Fitzroy Lions|North Melbourne Kangaroos,1995-05-13,1995,45408.0,33.0,45684.0,4.0,45408,150
1995-05-13|7|Geelong Cats|Hawthorn Hawks,1995-05-13,1995,45876.0,32.0,45383.0,2.0,45335,108
1995-05-13|7|St Kilda Saints|Western Bulldogs,1995-05-13,1995,45577.0,36.0,45508.0,4.0,45682,110
1995-05-14|7|Brisbane Bears|Melbourne Demons,1995-05-14,1995,45520.0,33.0,45698.0,3.0,45520,143
1995-05-14|7|Fremantle Dockers|West Coast Eagles,1995-05-14,1995,45637.0,22.0,45586.0,5.0,45586,129
1995-05-19|8|Carlton Blues|Sydney Swans,1995-05-19,1995,45671.0,28.0,45679.0,8.0,45679,118
1995-05-20|8|Adelaide Crows|Fitzroy Lions,1995-05-20,1995,45379.0,22.0,45752.0,3.0,45379,104
1995-05-20|8|Collingwood Magpies|Fremantle Dockers,1995-05-20,1995,45391.0,28.0,45845.0,6.0,45391,122
1995-05-20|8|Geelong Cats|Richmond Tigers,1995-05-20,1995,45596.0,30.0,45833.0,5.0,45801,115
1995-05-20|8|Hawthorn Hawks|Melbourne Demons,1995-05-20,1995,45939.0,30.0,45698.0,5.0,45939,106
1995-05-20|8|North Melbourne Kangaroos|Western Bulldogs,1995-05-20,1995,45899.0,32.0,45320.0,3.0,45899,121
1995-05-21|8|Brisbane Bears|St Kilda Saints,1995-05-21,1995,45577.0,30.0,45682.0,7.0,45961,118
1995-05-21|8|Essendon Bombers|West Coast Eagles,1995-05-21,1995,45711.0,28.0,45595.0,4.0,45711,116
1995-05-26|9|Geelong Cats|North Melbourne Kangaroos,1995-05-26,1995,45596.0,30.0,45383.0,3.0,45593,118
1995-05-27|9|Adelaide Crows|Hawthorn Hawks,1995-05-27,1995,45437.0,30.0,45574.0,2.0,45622,109
1995-05-27|9|Carlton Blues|St Kilda Saints,1995-05-27,1995,45577.0,27.0,45682.0,5.0,45393,99
1995-05-27|9|Essendon Bombers|Western Bulldogs,1995-05-27,1995,45352.0,30.0,45742.0,3.0,45742,124
1995-05-27|9|Fitzroy Lions|West Coast Eagles,1995-05-27,1995,45616.0,25.0,45329.0,3.0,45616,91
1995-05-28|9|Brisbane Bears|Fremantle Dockers,1995-05-28,1995,45941.0,22.0,45482.0,4.0,45482,90
1995-05-28|9|Collingwood Magpies|Melbourne Demons,1995-05-28,1995,45690.0,32.0,45845.0,5.0,45690,132
1995-05-28|9|Richmond Tigers|Sydney Swans,1995-05-28,1995,45647.0,24.0,45464.0,4.0,45464,88
1995-06-02|10|Essendon Bombers|North Melbourne Kangaroos,1995-06-02,1995,45862.0,28.0,45408.0,7.0,45408,143
1995-06-03|10|Adelaide Crows|Geelong Cats,1995-06-03,1995,45876.0,29.0,45383.0,4.0,45829,119
1995-06-03|10|Collingwood Magpies|Fitzroy Lions,1995-06-03,1995,45379.0,36.0,45970.0,4.0,45379,117
1995-06-03|10|Fremantle Dockers|St Kilda Saints,1995-06-03,1995,45577.0,26.0,45704.0,5.0,45704,111
1995-06-03|10|Melbourne Demons|Sydney Swans,1995-06-03,1995,45512.0,25.0,45698.0,7.0,45679,103
1995-06-04|10|Brisbane Bears|West Coast Eagles,1995-06-04,1995,45616.0,30.0,45711.0,5.0,45711,105
1995-06-04|10|Carlton Blues|Hawthorn Hawks,1995-06-04,1995,45424.0,28.0,45795.0,5.0,45424,110
1995-06-04|10|Richmond Tigers|Western Bulldogs,1995-06-04,1995,45384.0,36.0,45384.0,2.0,45384,121
1995-06-09|11|Collingwood Magpies|St Kilda Saints,1995-06-09,1995,45577.0,28.0,45682.0,6.0,45832,122
1995-06-10|11|Adelaide Crows|Western Bulldogs,1995-06-10,1995,45437.0,34.0,45415.0,3.0,45401,88
1995-06-10|11|Essendon Bombers|Geelong Cats,1995-06-10,1995,45801.0,25.0,45780.0,4.0,45780,106
1995-06-10|11|Richmond Tigers|West Coast Eagles,1995-06-10,1995,45637.0,32.0,45329.0,4.0,45329,111
1995-06-11|11|Brisbane Bears|Fitzroy Lions,1995-06-11,1995,45520.0,39.0,45865.0,5.0,45520,136
1995-06-11|11|Fremantle Dockers|North Melbourne Kangaroos,1995-06-11,1995,45408.0,26.0,45323.0,6.0,45408,155
1995-06-12|11|Carlton Blues|Melbourne Demons,1995-06-12,1995,45654.0,29.0,45698.0,6.0,45654,116
1995-06-12|11|Hawthorn Hawks|Sydney Swans,1995-06-12,1995,45622.0,28.0,45570.0,2.0,45622,116
1995-06-23|12|Essendon Bombers|Hawthorn Hawks,1995-06-23,1995,45750.0,26.0,45852.0,4.0,45334,95
1995-06-24|12|Adelaide Crows|Fremantle Dockers,1995-06-24,1995,45774.0,22.0,45830.0,4.0,45613,85
1995-06-24|12|Carlton Blues|Geelong Cats,1995-06-24,1995,45380.0,31.0,45795.0,4.0,45380,112
1995-06-24|12|Collingwood Magpies|Western Bulldogs,1995-06-24,1995,45957.0,31.0,45845.0,4.0,45672,107
1995-06-24|12|Fitzroy Lions|Richmond Tigers,1995-06-24,1995,45384.0,30.0,45769.0,5.0,45439,117
1995-06-25|12|Brisbane Bears|North Melbourne Kangaroos,1995-06-25,1995,45520.0,32.0,45961.0,5.0,45520,107
1995-06-25|12|Melbourne Demons|St Kilda Saints,1995-06-25,1995,45939.0,36.0,45682.0,3.0,45577,87
1995-06-25|12|Sydney Swans|West Coast Eagles,1995-06-25,1995,45636.0,24.0,45679.0,5.0,45928,101
1995-06-30|13|Adelaide Crows|Collingwood Magpies,1995-06-30,1995,45391.0,29.0,45845.0,10.0,45845,158
1995-07-01|13|Brisbane Bears|Western Bulldogs,1995-07-01,1995,45520.0,29.0,45351.0,2.0,45325,109
1995-07-01|13|Geelong Cats|West Coast Eagles,1995-07-01,1995,45801.0,33.0,45593.0,1.0,45801,123
1995-07-01|13|Melbourne Demons|Richmond Tigers,1995-07-01,1995,45512.0,33.0,45698.0,5.0,45512,108
1995-07-01|13|North Melbourne Kangaroos|St Kilda Saints,1995-07-01,1995,45899.0,29.0,45408.0,4.0,45393,105
1995-07-02|13|Carlton Blues|Fremantle Dockers,1995-07-02,1995,45400.0,27.0,45795.0,2.0,45400,103
1995-07-02|13|Essendon Bombers|Sydney Swans,1995-07-02,1995,45451.0,32.0,45679.0,6.0,45451,141
1995-07-02|13|Fitzroy Lions|Hawthorn Hawks,1995-07-02,1995,45622.0,30.0,45379.0,5.0,45607,123
1995-07-07|14|Collingwood Magpies|North Melbourne Kangaroos,1995-07-07,1995,45862.0,25.0,45684.0,7.0,45408,128
1995-07-08|14|Adelaide Crows|Essendon Bombers,1995-07-08,1995,45478.0,31.0,45852.0,8.0,45852,107
1995-07-08|14|Brisbane Bears|Geelong Cats,1995-07-08,1995,45596.0,28.0,45829.0,3.0,45829,107
1995-07-08|14|Hawthorn Hawks|West Coast Eagles,1995-07-08,1995,45622.0,34.0,45329.0,2.0,45622,130
1995-07-09|14|Carlton Blues|Richmond Tigers,1995-07-09,1995,45654.0,34.0,45795.0,4.0,45654,134
1995-07-09|14|Fitzroy Lions|Western Bulldogs,1995-07-09,1995,45379.0,38.0,45553.0,7.0,45553,121
1995-07-09|14|Fremantle Dockers|Melbourne Demons,1995-07-09,1995,45690.0,37.0,45698.0,4.0,45690,136
1995-07-09|14|St Kilda Saints|Sydney Swans,1995-07-09,1995,45577.0,31.0,45679.0,5.0,45508,128
1995-07-14|15|Essendon Bombers|Richmond Tigers,1995-07-14,1995,45384.0,26.0,45595.0,5.0,45595,150
1995-07-15|15|Adelaide Crows|Carlton Blues,1995-07-15,1995,45380.0,31.0,45830.0,5.0,45654,97
1995-07-15|15|Fitzroy Lions|Melbourne Demons,1995-07-15,1995,45379.0,30.0,45698.0,6.0,45770,142
1995-07-15|15|Fremantle Dockers|Hawthorn Hawks,1995-07-15,1995,45622.0,39.0,45607.0,4.0,45622,175
1995-07-15|15|North Melbourne Kangaroos|Sydney Swans,1995-07-15,1995,45451.0,32.0,45679.0,5.0,45671,126
1995-07-16|15|Brisbane Bears|Collingwood Magpies,1995-07-16,1995,45391.0,29.0,45845.0,6.0,45391,120
1995-07-16|15|Geelong Cats|St Kilda Saints,1995-07-16,1995,45909.0,28.0,45682.0,5.0,45682,111
1995-07-16|15|West Coast Eagles|Western Bulldogs,1995-07-16,1995,45672.0,37.0,45711.0,3.0,45672,104
1995-07-21|16|Adelaide Crows|North Melbourne Kangaroos,1995-07-21,1995,45840.0,24.0,45574.0,2.0,45862,90
1995-07-22|16|Essendon Bombers|Fitzroy Lions,1995-07-22,1995,45683.0,34.0,45595.0,4.0,45683,116
1995-07-22|16|Geelong Cats|Melbourne Demons,1995-07-22,1995,45939.0,29.0,45383.0,4.0,45596,100
1995-07-22|16|St Kilda Saints|West Coast Eagles,1995-07-22,1995,45393.0,34.0,45329.0,4.0,45393,127
1995-07-22|16|Sydney Swans|Western Bulldogs,1995-07-22,1995,45451.0,30.0,45679.0,5.0,45957,93
1995-07-23|16|Brisbane Bears|Hawthorn Hawks,1995-07-23,1995,45661.0,29.0,45607.0,3.0,45575,110
1995-07-23|16|Carlton Blues|Collingwood Magpies,1995-07-23,1995,45380.0,26.0,45792.0,2.0,45386,103
1995-07-23|16|Fremantle Dockers|Richmond Tigers,1995-07-23,1995,45400.0,34.0,45647.0,2.0,45403,139
1995-07-28|17|Melbourne Demons|North Melbourne Kangaroos,1995-07-28,1995,45939.0,26.0,45698.0,7.0,45698,119
1995-07-29|17|Essendon Bombers|Fremantle Dockers,1995-07-29,1995,45400.0,32.0,45595.0,5.0,45400,123
1995-07-29|17|Geelong Cats|Sydney Swans,1995-07-29,1995,45596.0,28.0,45679.0,4.0,45801,117
1995-07-29|17|Hawthorn Hawks|Western Bulldogs,1995-07-29,1995,45401.0,23.0,45553.0,1.0,45672,89
1995-07-29|17|Richmond Tigers|St Kilda Saints,1995-07-29,1995,45393.0,28.0,45682.0,5.0,45682,114
1995-07-30|17|Adelaide Crows|Brisbane Bears,1995-07-30,1995,45520.0,28.0,45737.0,4.0,45520,98
1995-07-30|17|Carlton Blues|Fitzroy Lions,1995-07-30,1995,45823.0,44.0,45754.0,3.0,45654,141
1995-07-30|17|Collingwood Magpies|West Coast Eagles,1995-07-30,1995,45391.0,31.0,45670.0,6.0,45670,123
1995-08-04|18|Hawthorn Hawks|Richmond Tigers,1995-08-04,1995,45622.0,27.0,45847.0,4.0,45647,104
1995-08-05|18|Adelaide Crows|St Kilda Saints,1995-08-05,1995,45437.0,30.0,45682.0,3.0,45884,122
1995-08-05|18|Essendon Bombers|Melbourne Demons,1995-08-05,1995,45478.0,23.0,45317.0,4.0,45317,112
1995-08-05|18|North Melbourne Kangaroos|West Coast Eagles,1995-08-05,1995,45862.0,35.0,45320.0,4.0,45862,136
1995-08-06|18|Brisbane Bears|Sydney Swans,1995-08-06,1995,45451.0,31.0,45679.0,6.0,45451,127
1995-08-06|18|Carlton Blues|Western Bulldogs,1995-08-06,1995,45401.0,31.0,45385.0,2.0,45401,110
1995-08-06|18|Collingwood Magpies|Geelong Cats,1995-08-06,1995,45386.0,23.0,45845.0,4.0,45386,88
1995-08-06|18|Fitzroy Lions|Fremantle Dockers,1995-08-06,1995,45379.0,30.0,45482.0,2.0,45482,89
1995-08-11|19|North Melbourne Kangaroos|Richmond Tigers,1995-08-11,1995,45384.0,34.0,45320.0,5.0,45408,145
1995-08-12|19|Collingwood Magpies|Essendon Bombers,1995-08-12,1995,45948.0,26.0,45845.0,8.0,45845,121
1995-08-12|19|Fremantle Dockers|Geelong Cats,1995-08-12,1995,45596.0,29.0,45423.0,4.0,45596,93
1995-08-12|19|Hawthorn Hawks|St Kilda Saints,1995-08-12,1995,45393.0,25.0,45682.0,6.0,45682,107
1995-08-12|19|Melbourne Demons|Western Bulldogs,1995-08-12,1995,45957.0,30.0,45571.0,2.0,45980,107
1995-08-13|19|Adelaide Crows|West Coast Eagles,1995-08-13,1995,45711.0,32.0,45329.0,4.0,45711,126
1995-08-13|19|Brisbane Bears|Carlton Blues,1995-08-13,1995,45385.0,33.0,45795.0,4.0,45385,115
1995-08-13|19|Fitzroy Lions|Sydney Swans,1995-08-13,1995,45636.0,39.0,45679.0,16.0,45679,194
1995-08-18|20|Collingwood Magpies|Hawthorn Hawks,1995-08-18,1995,45622.0,23.0,45845.0,4.0,45622,89
1995-08-19|20|Adelaide Crows|Sydney Swans,1995-08-19,1995,45671.0,30.0,45679.0,6.0,45671,109
1995-08-19|20|Carlton Blues|North Melbourne Kangaroos,1995-08-19,1995,45380.0,32.0,45840.0,5.0,45385,107
1995-08-19|20|Essendon Bombers|St Kilda Saints,1995-08-19,1995,45478.0,29.0,45682.0,6.0,45683,109
1995-08-19|20|Fitzroy Lions|Geelong Cats,1995-08-19,1995,45876.0,27.0,45383.0,4.0,45722,100
1995-08-19|20|Melbourne Demons|West Coast Eagles,1995-08-19,1995,45511.0,29.0,45544.0,5.0,45511,104
1995-08-20|20|Brisbane Bears|Richmond Tigers,1995-08-20,1995,45520.0,30.0,45961.0,7.0,45961,128
1995-08-20|20|Fremantle Dockers|Western Bulldogs,1995-08-20,1995,45957.0,29.0,45330.0,4.0,45639,98
1995-08-25|21|Adelaide Crows|Melbourne Demons,1995-08-25,1995,45675.0,26.0,45752.0,6.0,45770,101
1995-08-26|21|Brisbane Bears|Essendon Bombers,1995-08-26,1995,45665.0,31.0,45595.0,3.0,45665,108
1995-08-26|21|Collingwood Magpies|Richmond Tigers,1995-08-26,1995,45403.0,28.0,45464.0,3.0,45970,111
1995-08-26|21|Fitzroy Lions|St Kilda Saints,1995-08-26,1995,45577.0,26.0,45682.0,5.0,45682,118
1995-08-26|21|Geelong Cats|Western Bulldogs,1995-08-26,1995,45672.0,34.0,45553.0,3.0,45672,128
1995-08-26|21|Hawthorn Hawks|North Melbourne Kangaroos,1995-08-26,1995,45899.0,33.0,45684.0,5.0,45899,117
1995-08-27|21|Carlton Blues|West Coast Eagles,1995-08-27,1995,45711.0,26.0,45724.0,4.0,45711,90
1995-08-27|21|Fremantle Dockers|Sydney Swans,1995-08-27,1995,45636.0,26.0,45679.0,7.0,45679,111
1995-09-01|22|Brisbane Bears|Melbourne Demons,1995-09-01,1995,45520.0,29.0,45698.0,4.0,45941,112
1995-09-02|22|Adelaide Crows|Richmond Tigers,1995-09-02,1995,45830.0,25.0,45752.0,7.0,45752,117
1995-09-02|22|Carlton Blues|Essendon Bombers,1995-09-02,1995,45380.0,25.0,45795.0,3.0,45424,97
1995-09-02|22|Fitzroy Lions|North Melbourne Kangaroos,1995-09-02,1995,45862.0,32.0,45684.0,4.0,45862,124
1995-09-02|22|Geelong Cats|Hawthorn Hawks,1995-09-02,1995,45434.0,35.0,45829.0,6.0,45434,127
1995-09-02|22|St Kilda Saints|Western Bulldogs,1995-09-02,1995,45577.0,40.0,45508.0,6.0,45508,134
1995-09-03|22|Collingwood Magpies|Sydney Swans,1995-09-03,1995,45391.0,28.0,45679.0,7.0,45970,112
1995-09-03|22|Fremantle Dockers|West Coast Eagles,1995-09-03,1995,45639.0,32.0,45586.0,5.0,45637,107
1995-09-08|QF|North Melbourne Kangaroos|Richmond Tigers,1995-09-08,1995,45403.0,29.0,45408.0,5.0,45408,130
1995-09-09|QF|Essendon Bombers|West Coast Eagles,1995-09-09,1995,45702.0,32.0,45742.0,4.0,45742,128
1995-09-09|QF|Geelong Cats|Western Bulldogs,1995-09-09,1995,45687.0,30.0,45383.0,5.0,45687,112
1995-09-10|QF|Brisbane Bears|Carlton Blues,1995-09-10,1995,45661.0,34.0,45654.0,3.0,45385,122
1995-09-16|SF|Essendon Bombers|Richmond Tigers,1995-09-16,1995,45478.0,24.0,45647.0,3.0,45847,106
1995-09-17|SF|North Melbourne Kangaroos|West Coast Eagles,1995-09-17,1995,45862.0,27.0,45323.0,4.0,45729,114
1995-09-23|PF|Carlton Blues|North Melbourne Kangaroos,1995-09-23,1995,45823.0,29.0,45795.0,4.0,45823,115
1995-09-23|PF|Geelong Cats|Richmond Tigers,1995-09-23,1995,45801.0,28.0,45335.0,2.0,45335,139
1995-09-30|GF|Carlton Blues|Geelong Cats,1995-09-30,1995,45654.0,31.0,45795.0,4.0,45654,111
1996-03-29|1|Geelong Cats|Melbourne Demons,1996-03-29,1996,45801.0,33.0,45730.0,3.0,45829,119
1996-03-30|1|Brisbane Bears|Western Bulldogs,1996-03-30,1996,45941.0,33.0,45575.0,5.0,45941,119
1996-03-30|1|Essendon Bombers|Richmond Tigers,1996-03-30,1996,45750.0,30.0,45460.0,6.0,45833,123
1996-03-30|1|Fitzroy Lions|Hawthorn Hawks,1996-03-30,1996,45450.0,27.0,45570.0,2.0,45450,110
1996-03-30|1|North Melbourne Kangaroos|St Kilda Saints,1996-03-30,1996,45899.0,33.0,45346.0,4.0,45729,110
1996-03-31|1|Adelaide Crows|Sydney Swans,1996-03-31,1996,45621.0,32.0,45413.0,4.0,45621,121
1996-03-31|1|Carlton Blues|Collingwood Magpies,1996-03-31,1996,45823.0,22.0,45795.0,4.0,45766,98
1996-03-31|1|Fremantle Dockers|West Coast Eagles,1996-03-31,1996,45694.0,33.0,45544.0,2.0,45694,116
1996-04-06|2|Adelaide Crows|Fitzroy Lions,1996-04-06,1996,45652.0,31.0,45622.0,8.0,45622,110
1996-04-06|2|Brisbane Bears|West Coast Eagles,1996-04-06,1996,45616.0,28.0,45329.0,5.0,45520,105
1996-04-06|2|Geelong Cats|St Kilda Saints,1996-04-06,1996,45577.0,34.0,45682.0,9.0,45682,130
1996-04-06|2|Hawthorn Hawks|Richmond Tigers,1996-04-06,1996,45743.0,26.0,45833.0,3.0,45926,90
1996-04-06|2|North Melbourne Kangaroos|Western Bulldogs,1996-04-06,1996,45846.0,24.0,45408.0,6.0,45408,116
1996-04-07|2|Carlton Blues|Essendon Bombers,1996-04-07,1996,45742.0,31.0,45795.0,5.0,45742,114
1996-04-07|2|Fremantle Dockers|Sydney Swans,1996-04-07,1996,45636.0,27.0,45679.0,4.0,45751,99
1996-04-08|2|Collingwood Magpies|Melbourne Demons,1996-04-08,1996,45391.0,21.0,45845.0,7.0,45845,103
1996-04-12|3|Adelaide Crows|Geelong Cats,1996-04-12,1996,45353.0,32.0,45353.0,3.0,45353,126
1996-04-13|3|Brisbane Bears|Richmond Tigers,1996-04-13,1996,45661.0,35.0,45370.0,4.0,45384,114
1996-04-13|3|Fitzroy Lions|Western Bulldogs,1996-04-13,1996,45672.0,30.0,45754.0,4.0,45672,109
1996-04-13|3|Hawthorn Hawks|North Melbourne Kangaroos,1996-04-13,1996,45899.0,31.0,45408.0,4.0,45840,113
1996-04-14|3|Carlton Blues|Fremantle Dockers,1996-04-14,1996,45380.0,31.0,45704.0,4.0,45380,124
1996-04-14|3|Collingwood Magpies|Sydney Swans,1996-04-14,1996,45391.0,28.0,45679.0,8.0,45679,125
1996-04-14|3|Essendon Bombers|West Coast Eagles,1996-04-14,1996,45750.0,32.0,45742.0,3.0,45595,108
1996-04-14|3|Melbourne Demons|St Kilda Saints,1996-04-14,1996,45393.0,26.0,45393.0,2.0,45393,101
1996-04-19|4|Brisbane Bears|North Melbourne Kangaroos,1996-04-19,1996,45661.0,29.0,45669.0,6.0,45665,113
1996-04-20|4|Adelaide Crows|Essendon Bombers,1996-04-20,1996,45621.0,33.0,45413.0,3.0,45621,136
1996-04-20|4|Carlton Blues|Melbourne Demons,1996-04-20,1996,45939.0,25.0,45770.0,2.0,45939,85
1996-04-20|4|Collingwood Magpies|Fremantle Dockers,1996-04-20,1996,45391.0,29.0,45845.0,3.0,45391,105
1996-04-20|4|Fitzroy Lions|St Kilda Saints,1996-04-20,1996,45351.0,30.0,45682.0,8.0,45682,151
1996-04-20|4|Hawthorn Hawks|Western Bulldogs,1996-04-20,1996,45672.0,22.0,45467.0,2.0,45600,85
1996-04-21|4|Geelong Cats|West Coast Eagles,1996-04-21,1996,45876.0,29.0,45829.0,4.0,45829,107
1996-04-21|4|Richmond Tigers|Sydney Swans,1996-04-21,1996,45815.0,27.0,45679.0,6.0,45679,111
1996-04-25|5|Collingwood Magpies|Essendon Bombers,1996-04-25,1996,45742.0,26.0,45845.0,6.0,45970,116
1996-04-26|5|Fremantle Dockers|Melbourne Demons,1996-04-26,1996,45751.0,35.0,45311.0,4.0,45751,128
1996-04-27|5|Adelaide Crows|North Melbourne Kangaroos,1996-04-27,1996,45675.0,32.0,45408.0,5.0,45729,123
1996-04-27|5|Carlton Blues|West Coast Eagles,1996-04-27,1996,45654.0,35.0,45963.0,3.0,45654,152
1996-04-27|5|Geelong Cats|Richmond Tigers,1996-04-27,1996,45403.0,29.0,45833.0,4.0,45596,97
1996-04-27|5|Hawthorn Hawks|Sydney Swans,1996-04-27,1996,45451.0,31.0,45778.0,6.0,45451,109
1996-04-28|5|Brisbane Bears|Fitzroy Lions,1996-04-28,1996,45379.0,32.0,45332.0,3.0,45520,118
1996-04-28|5|St Kilda Saints|Western Bulldogs,1996-04-28,1996,45393.0,30.0,45682.0,8.0,45682,143
1996-05-03|6|Essendon Bombers|Sydney Swans,1996-05-03,1996,45595.0,30.0,45679.0,8.0,45679,122
1996-05-03|6|Geelong Cats|North Melbourne Kangaroos,1996-05-03,1996,45801.0,33.0,45565.0,3.0,45408,117
1996-05-04|6|Adelaide Crows|Collingwood Magpies,1996-05-04,1996,45970.0,30.0,45752.0,8.0,45391,117
1996-05-04|6|Fitzroy Lions|Richmond Tigers,1996-05-04,1996,45384.0,39.0,45833.0,7.0,45537,134
1996-05-04|6|Hawthorn Hawks|St Kilda Saints,1996-05-04,1996,45577.0,30.0,45682.0,6.0,45450,104
1996-05-04|6|Melbourne Demons|West Coast Eagles,1996-05-04,1996,45711.0,28.0,45712.0,5.0,45489,129
1996-05-05|6|Brisbane Bears|Fremantle Dockers,1996-05-05,1996,45661.0,37.0,45397.0,3.0,45704,136
1996-05-05|6|Carlton Blues|Western Bulldogs,1996-05-05,1996,45380.0,24.0,45795.0,3.0,45380,117
1996-05-08|7|Essendon Bombers|Geelong Cats,1996-05-08,1996,45750.0,34.0,45352.0,9.0,45750,119
1996-05-10|7|Collingwood Magpies|St Kilda Saints,1996-05-10,1996,45577.0,32.0,45682.0,7.0,45682,152
1996-05-11|7|Brisbane Bears|Hawthorn Hawks,1996-05-11,1996,45316.0,24.0,45695.0,6.0,45695,111
1996-05-11|7|Carlton Blues|Fitzroy Lions,1996-05-11,1996,45823.0,36.0,45385.0,3.0,45823,119
1996-05-11|7|Melbourne Demons|Sydney Swans,1996-05-11,1996,45636.0,23.0,45679.0,6.0,45895,96
1996-05-12|7|Adelaide Crows|Fremantle Dockers,1996-05-12,1996,45373.0,26.0,45622.0,6.0,45805,110
1996-05-12|7|North Melbourne Kangaroos|West Coast Eagles,1996-05-12,1996,45702.0,27.0,45329.0,6.0,45329,121
1996-05-12|7|Richmond Tigers|Western Bulldogs,1996-05-12,1996,45384.0,33.0,45743.0,5.0,45384,104
1996-05-17|8|Brisbane Bears|Collingwood Magpies,1996-05-17,1996,45665.0,31.0,45695.0,5.0,45665,123
1996-05-17|8|Carlton Blues|Geelong Cats,1996-05-17,1996,45380.0,33.0,45705.0,4.0,45654,147
1996-05-18|8|Fitzroy Lions|Fremantle Dockers,1996-05-18,1996,45803.0,26.0,45740.0,6.0,45986,117
1996-05-18|8|Hawthorn Hawks|Melbourne Demons,1996-05-18,1996,45926.0,25.0,45698.0,3.0,45926,92
1996-05-18|8|North Melbourne Kangaroos|Richmond Tigers,1996-05-18,1996,45729.0,24.0,45346.0,3.0,45729,115
1996-05-18|8|Sydney Swans|West Coast Eagles,1996-05-18,1996,45636.0,38.0,45329.0,4.0,45637,129
1996-05-19|8|Adelaide Crows|St Kilda Saints,1996-05-19,1996,45437.0,35.0,45508.0,4.0,45437,106
1996-05-19|8|Essendon Bombers|Western Bulldogs,1996-05-19,1996,45595.0,30.0,45460.0,8.0,45595,134
1996-05-24|9|Fitzroy Lions|North Melbourne Kangaroos,1996-05-24,1996,45480.0,27.0,45408.0,6.0,45408,129
1996-05-25|9|Adelaide Crows|Western Bulldogs,1996-05-25,1996,45957.0,39.0,45752.0,7.0,45957,120
1996-05-25|9|Essendon Bombers|Melbourne Demons,1996-05-25,1996,45750.0,28.0,45698.0,5.0,45742,121
1996-05-25|9|Hawthorn Hawks|West Coast Eagles,1996-05-25,1996,45450.0,32.0,45329.0,3.0,45450,124
1996-05-26|9|Brisbane Bears|Sydney Swans,1996-05-26,1996,45554.0,31.0,45679.0,11.0,45679,137
1996-05-26|9|Carlton Blues|St Kilda Saints,1996-05-26,1996,45577.0,33.0,45508.0,4.0,45393,117
1996-05-26|9|Fremantle Dockers|Richmond Tigers,1996-05-26,1996,45639.0,31.0,45611.0,4.0,45330,109
1996-05-27|9|Collingwood Magpies|Geelong Cats,1996-05-27,1996,45596.0,29.0,45845.0,6.0,45829,95
1996-06-07|10|North Melbourne Kangaroos|Western Bulldogs,1996-06-07,1996,45672.0,29.0,45463.0,2.0,45672,109
1996-06-08|10|Brisbane Bears|Geelong Cats,1996-06-08,1996,45661.0,31.0,45394.0,3.0,45941,97
1996-06-08|10|Carlton Blues|Richmond Tigers,1996-06-08,1996,45403.0,33.0,45833.0,6.0,45833,128
1996-06-08|10|Essendon Bombers|St Kilda Saints,1996-06-08,1996,45393.0,29.0,45682.0,3.0,45393,107
1996-06-08|10|Fitzroy Lions|Sydney Swans,1996-06-08,1996,45480.0,33.0,45679.0,9.0,45679,124
1996-06-09|10|Adelaide Crows|West Coast Eagles,1996-06-09,1996,45702.0,28.0,45622.0,3.0,45622,149
1996-06-09|10|Fremantle Dockers|Hawthorn Hawks,1996-06-09,1996,45926.0,27.0,45422.0,2.0,45422,101
1996-06-10|10|Collingwood Magpies|Melbourne Demons,1996-06-10,1996,45511.0,26.0,45770.0,4.0,45770,107
1996-06-15|11|Adelaide Crows|Hawthorn Hawks,1996-06-15,1996,45830.0,28.0,45752.0,4.0,45843,98
1996-06-15|11|Brisbane Bears|Carlton Blues,1996-06-15,1996,45941.0,27.0,45695.0,2.0,45661,98
1996-06-15|11|Geelong Cats|Western Bulldogs,1996-06-15,1996,45486.0,27.0,45741.0,4.0,45741,110
1996-06-15|11|North Melbourne Kangaroos|Sydney Swans,1996-06-15,1996,45554.0,27.0,45679.0,10.0,45679,139
1996-06-15|11|Richmond Tigers|St Kilda Saints,1996-06-15,1996,45384.0,30.0,45464.0,5.0,45464,129
1996-06-16|11|Collingwood Magpies|West Coast Eagles,1996-06-16,1996,45963.0,26.0,45670.0,3.0,45963,136
1996-06-16|11|Essendon Bombers|Fremantle Dockers,1996-06-16,1996,45490.0,26.0,45971.0,5.0,45595,110
1996-06-16|11|Fitzroy Lions|Melbourne Demons,1996-06-16,1996,45920.0,30.0,45983.0,5.0,45983,118
1996-06-21|12|Adelaide Crows|Richmond Tigers,1996-06-21,1996,45384.0,32.0,45833.0,5.0,45384,106
1996-06-22|12|Brisbane Bears|Melbourne Demons,1996-06-22,1996,45920.0,37.0,45737.0,6.0,45920,137
1996-06-22|12|Carlton Blues|Collingwood Magpies,1996-06-22,1996,45404.0,30.0,45970.0,6.0,45718,108
1996-06-22|12|Fitzroy Lions|Hawthorn Hawks,1996-06-22,1996,45803.0,28.0,45600.0,6.0,45600,139
1996-06-22|12|Fremantle Dockers|Geelong Cats,1996-06-22,1996,45400.0,24.0,45423.0,4.0,45751,101
1996-06-23|12|Essendon Bombers|North Melbourne Kangaroos,1996-06-23,1996,45908.0,28.0,45433.0,4.0,45742,97
1996-06-23|12|St Kilda Saints|West Coast Eagles,1996-06-23,1996,45577.0,28.0,45682.0,6.0,45393,131
1996-06-23|12|Sydney Swans|Western Bulldogs,1996-06-23,1996,45451.0,29.0,45679.0,4.0,45553,114
1996-06-28|13|Collingwood Magpies|Richmond Tigers,1996-06-28,1996,45384.0,31.0,45833.0,5.0,45391,110
1996-06-29|13|Brisbane Bears|St Kilda Saints,1996-06-29,1996,45577.0,38.0,45682.0,9.0,45682,156
1996-06-29|13|Carlton Blues|Sydney Swans,1996-06-29,1996,45654.0,34.0,45778.0,6.0,45636,136
1996-06-29|13|Essendon Bombers|Hawthorn Hawks,1996-06-29,1996,45490.0,33.0,45595.0,6.0,45595,149
1996-06-29|13|Fitzroy Lions|Geelong Cats,1996-06-29,1996,45829.0,29.0,45565.0,4.0,45596,142
1996-06-29|13|Fremantle Dockers|North Melbourne Kangaroos,1996-06-29,1996,45846.0,29.0,45323.0,2.0,45846,98
1996-06-30|13|Adelaide Crows|Melbourne Demons,1996-06-30,1996,45690.0,25.0,45770.0,6.0,45770,128
1996-06-30|13|West Coast Eagles|Western Bulldogs,1996-06-30,1996,45702.0,31.0,45963.0,4.0,45702,117
1996-07-05|14|Carlton Blues|North Melbourne Kangaroos,1996-07-05,1996,45862.0,33.0,45323.0,3.0,45846,123
1996-07-06|14|Adelaide Crows|Brisbane Bears,1996-07-06,1996,45520.0,30.0,45622.0,5.0,45675,108
1996-07-06|14|Collingwood Magpies|Hawthorn Hawks,1996-07-06,1996,45391.0,29.0,45845.0,3.0,45391,120
1996-07-06|14|Essendon Bombers|Fitzroy Lions,1996-07-06,1996,45478.0,34.0,45317.0,3.0,45478,118
1996-07-06|14|Richmond Tigers|West Coast Eagles,1996-07-06,1996,45637.0,22.0,45445.0,2.0,45637,91
1996-07-07|14|Fremantle Dockers|St Kilda Saints,1996-07-07,1996,45577.0,35.0,45482.0,3.0,45577,116
1996-07-07|14|Geelong Cats|Sydney Swans,1996-07-07,1996,45434.0,29.0,45679.0,6.0,45434,107
1996-07-07|14|Melbourne Demons|Western Bulldogs,1996-07-07,1996,45672.0,23.0,45770.0,8.0,45770,111
1996-07-12|15|Fitzroy Lions|West Coast Eagles,1996-07-12,1996,45637.0,34.0,45331.0,2.0,45637,114
1996-07-13|15|Adelaide Crows|Carlton Blues,1996-07-13,1996,45593.0,35.0,45593.0,3.0,45593,143
1996-07-13|15|Collingwood Magpies|North Melbourne Kangaroos,1996-07-13,1996,45391.0,31.0,45845.0,8.0,45845,118
1996-07-13|15|Geelong Cats|Hawthorn Hawks,1996-07-13,1996,45450.0,30.0,45600.0,2.0,45852,101
1996-07-13|15|St Kilda Saints|Sydney Swans,1996-07-13,1996,45577.0,31.0,45679.0,6.0,45389,111
1996-07-14|15|Brisbane Bears|Essendon Bombers,1996-07-14,1996,45520.0,31.0,45961.0,4.0,45595,102
1996-07-14|15|Fremantle Dockers|Western Bulldogs,1996-07-14,1996,45849.0,28.0,45571.0,5.0,45467,114
1996-07-14|15|Melbourne Demons|Richmond Tigers,1996-07-14,1996,45815.0,24.0,45770.0,7.0,45833,112
1996-07-19|16|North Melbourne Kangaroos|St Kilda Saints,1996-07-19,1996,45899.0,32.0,45408.0,5.0,45408,131
1996-07-20|16|Brisbane Bears|Western Bulldogs,1996-07-20,1996,45665.0,26.0,45316.0,2.0,45665,100
1996-07-20|16|Carlton Blues|Hawthorn Hawks,1996-07-20,1996,45823.0,29.0,45607.0,4.0,45823,97
1996-07-20|16|Essendon Bombers|Richmond Tigers,1996-07-20,1996,45743.0,29.0,45833.0,5.0,45433,122
1996-07-20|16|Geelong Cats|Melbourne Demons,1996-07-20,1996,45829.0,24.0,45730.0,3.0,45640,88
1996-07-21|16|Adelaide Crows|Sydney Swans,1996-07-21,1996,45622.0,30.0,45783.0,4.0,45884,114
1996-07-21|16|Collingwood Magpies|Fitzroy Lions,1996-07-21,1996,45803.0,31.0,45845.0,4.0,45803,107
1996-07-21|16|Fremantle Dockers|West Coast Eagles,1996-07-21,1996,45400.0,27.0,45761.0,3.0,45702,102
1996-07-26|17|Melbourne Demons|North Melbourne Kangaroos,1996-07-26,1996,45899.0,34.0,45408.0,11.0,45408,210
1996-07-27|17|Brisbane Bears|West Coast Eagles,1996-07-27,1996,45520.0,35.0,45316.0,6.0,45520,132
1996-07-27|17|Carlton Blues|Essendon Bombers,1996-07-27,1996,45823.0,32.0,45317.0,3.0,45823,101
1996-07-27|17|Geelong Cats|St Kilda Saints,1996-07-27,1996,45596.0,30.0,45682.0,7.0,45682,157
1996-07-27|17|Hawthorn Hawks|Richmond Tigers,1996-07-27,1996,45450.0,28.0,45833.0,7.0,45833,145
1996-07-28|17|Adelaide Crows|Fitzroy Lions,1996-07-28,1996,45353.0,35.0,45752.0,5.0,45843,131
1996-07-28|17|Collingwood Magpies|Western Bulldogs,1996-07-28,1996,45391.0,32.0,45804.0,4.0,45624,128
1996-07-28|17|Fremantle Dockers|Sydney Swans,1996-07-28,1996,45636.0,30.0,45962.0,4.0,45636,109
1996-08-02|18|Hawthorn Hawks|North Melbourne Kangaroos,1996-08-02,1996,45914.0,33.0,45408.0,7.0,45408,141
1996-08-03|18|Adelaide Crows|Geelong Cats,1996-08-03,1996,45622.0,30.0,45752.0,4.0,45876,124
1996-08-03|18|Carlton Blues|Fremantle Dockers,1996-08-03,1996,45922.0,29.0,45404.0,7.0,45404,150
1996-08-03|18|Collingwood Magpies|St Kilda Saints,1996-08-03,1996,45577.0,33.0,45577.0,3.0,45393,114
1996-08-04|18|Brisbane Bears|Richmond Tigers,1996-08-04,1996,45520.0,27.0,45575.0,3.0,45575,94
1996-08-04|18|Essendon Bombers|West Coast Eagles,1996-08-04,1996,45963.0,28.0,45433.0,3.0,45963,133
1996-08-04|18|Fitzroy Lions|Western Bulldogs,1996-08-04,1996,45379.0,29.0,45571.0,2.0,45650,111
1996-08-04|18|Melbourne Demons|Sydney Swans,1996-08-04,1996,45939.0,32.0,45679.0,5.0,45636,132
1996-08-09|19|Collingwood Magpies|Fremantle Dockers,1996-08-09,1996,45391.0,36.0,45397.0,4.0,45391,143
1996-08-10|19|Adelaide Crows|Essendon Bombers,1996-08-10,1996,45750.0,32.0,45752.0,8.0,45677,162
1996-08-10|19|Carlton Blues|Melbourne Demons,1996-08-10,1996,45939.0,30.0,45770.0,8.0,45770,99
1996-08-10|19|Fitzroy Lions|St Kilda Saints,1996-08-10,1996,45803.0,37.0,44969.0,3.0,45803,118
1996-08-10|19|Geelong Cats|West Coast Eagles,1996-08-10,1996,45565.0,28.0,45394.0,2.0,45565,126
1996-08-10|19|Hawthorn Hawks|Western Bulldogs,1996-08-10,1996,45852.0,25.0,45450.0,2.0,45852,124
1996-08-11|19|Brisbane Bears|North Melbourne Kangaroos,1996-08-11,1996,45941.0,28.0,45669.0,4.0,45520,128
1996-08-11|19|Richmond Tigers|Sydney Swans,1996-08-11,1996,45451.0,29.0,45679.0,12.0,45679,167
1996-08-16|20|Fremantle Dockers|Melbourne Demons,1996-08-16,1996,45511.0,33.0,45611.0,3.0,45920,122
1996-08-17|20|Adelaide Crows|North Melbourne Kangaroos,1996-08-17,1996,45353.0,26.0,45323.0,2.0,45675,87
1996-08-17|20|Brisbane Bears|Fitzroy Lions,1996-08-17,1996,45520.0,27.0,45316.0,5.0,45316,128
1996-08-17|20|Geelong Cats|Richmond Tigers,1996-08-17,1996,45743.0,35.0,45811.0,5.0,45811,128
1996-08-17|20|Hawthorn Hawks|Sydney Swans,1996-08-17,1996,45636.0,27.0,45679.0,4.0,45636,112
1996-08-18|20|Carlton Blues|West Coast Eagles,1996-08-18,1996,45380.0,32.0,45445.0,4.0,45380,100
1996-08-18|20|Collingwood Magpies|Essendon Bombers,1996-08-18,1996,46244.0,28.0,45845.0,4.0,46244,98
1996-08-18|20|St Kilda Saints|Western Bulldogs,1996-08-18,1996,45887.0,29.0,45401.0,2.0,45887,127
1996-08-23|21|Geelong Cats|North Melbourne Kangaroos,1996-08-23,1996,45596.0,36.0,45434.0,2.0,45596,114
1996-08-24|21|Brisbane Bears|Fremantle Dockers,1996-08-24,1996,45774.0,32.0,45737.0,3.0,45575,121
1996-08-24|21|Carlton Blues|Western Bulldogs,1996-08-24,1996,45823.0,32.0,45571.0,3.0,45823,136
1996-08-24|21|Essendon Bombers|Sydney Swans,1996-08-24,1996,45595.0,28.0,45679.0,4.0,45595,129
1996-08-24|21|Hawthorn Hawks|St Kilda Saints,1996-08-24,1996,45393.0,25.0,45682.0,2.0,45393,101
1996-08-25|21|Adelaide Crows|Collingwood Magpies,1996-08-25,1996,45391.0,28.0,45752.0,6.0,45970,111
1996-08-25|21|Fitzroy Lions|Richmond Tigers,1996-08-25,1996,45384.0,37.0,45833.0,7.0,45833,183
1996-08-25|21|Melbourne Demons|West Coast Eagles,1996-08-25,1996,45939.0,33.0,45509.0,5.0,45859,121
1996-08-30|22|Essendon Bombers|Western Bulldogs,1996-08-30,1996,45595.0,30.0,45742.0,4.0,45467,121
1996-08-31|22|Adelaide Crows|St Kilda Saints,1996-08-31,1996,45577.0,38.0,45508.0,7.0,45508,152
1996-08-31|22|Brisbane Bears|Collingwood Magpies,1996-08-31,1996,45520.0,32.0,45953.0,4.0,45865,109
1996-08-31|22|Carlton Blues|Geelong Cats,1996-08-31,1996,45869.0,32.0,45766.0,5.0,45869,120
1996-08-31|22|Hawthorn Hawks|Melbourne Demons,1996-08-31,1996,45939.0,25.0,45770.0,6.0,45600,125
1996-08-31|22|Sydney Swans|West Coast Eagles,1996-08-31,1996,45451.0,26.0,45542.0,2.0,45451,98
1996-09-01|22|Fitzroy Lions|Fremantle Dockers,1996-09-01,1996,45400.0,29.0,45611.0,4.0,45400,128
1996-09-01|22|North Melbourne Kangaroos|Richmond Tigers,1996-09-01,1996,45346.0,30.0,45833.0,6.0,45408,130
1996-09-06|QF|Brisbane Bears|Essendon Bombers,1996-09-06,1996,45520.0,31.0,45669.0,4.0,45520,110
1996-09-07|QF|Carlton Blues|West Coast Eagles,1996-09-07,1996,45654.0,31.0,45445.0,3.0,45654,124
1996-09-07|QF|Hawthorn Hawks|Sydney Swans,1996-09-07,1996,45926.0,34.0,45778.0,5.0,45926,110
1996-09-08|QF|Geelong Cats|North Melbourne Kangaroos,1996-09-08,1996,45596.0,30.0,45320.0,7.0,45596,125
1996-09-14|SF|Brisbane Bears|Carlton Blues,1996-09-14,1996,45325.0,34.0,45695.0,7.0,45325,151
1996-09-14|SF|Essendon Bombers|West Coast Eagles,1996-09-14,1996,45352.0,37.0,45317.0,5.0,45352,131
1996-09-21|PF|Brisbane Bears|North Melbourne Kangaroos,1996-09-21,1996,45661.0,26.0,45408.0,3.0,45408,125
1996-09-21|PF|Essendon Bombers|Sydney Swans,1996-09-21,1996,45636.0,26.0,45451.0,3.0,45636,116
1996-09-28|GF|North Melbourne Kangaroos|Sydney Swans,1996-09-28,1996,45451.0,35.0,45679.0,6.0,45451,115
1997-03-27|1|Melbourne Demons|North Melbourne Kangaroos,1997-03-27,1997,45668.0,19.0,45509.0,3.0,45899,79
1997-03-29|1|Collingwood Magpies|Port Adelaide Power,1997-03-29,1997,45970.0,30.0,45845.0,6.0,45970,130
1997-03-29|1|Fremantle Dockers|Western Bulldogs,1997-03-29,1997,45957.0,25.0,45971.0,3.0,45971,106
1997-03-29|1|Hawthorn Hawks|St Kilda Saints,1997-03-29,1997,45577.0,32.0,45600.0,4.0,45393,101
1997-03-29|1|Sydney Swans|West Coast Eagles,1997-03-29,1997,45636.0,33.0,45445.0,3.0,45711,134
1997-03-30|1|Adelaide Crows|Brisbane Lions,1997-03-30,1997,45830.0,36.0,45752.0,7.0,45830,114
1997-03-30|1|Geelong Cats|Richmond Tigers,1997-03-30,1997,45377.0,22.0,45464.0,5.0,45434,109
1997-03-31|1|Carlton Blues|Essendon Bombers,1997-03-31,1997,45595.0,25.0,45349.0,4.0,45595,134
1997-04-04|2|Collingwood Magpies|Melbourne Demons,1997-04-04,1997,45391.0,28.0,45845.0,10.0,45845,139
1997-04-05|2|Adelaide Crows|Richmond Tigers,1997-04-05,1997,45403.0,35.0,45833.0,6.0,45833,140
1997-04-05|2|Geelong Cats|West Coast Eagles,1997-04-05,1997,45434.0,25.0,45829.0,6.0,45829,129
1997-04-05|2|Sydney Swans|Western Bulldogs,1997-04-05,1997,45451.0,32.0,45401.0,3.0,45451,100
1997-04-06|2|Brisbane Lions|St Kilda Saints,1997-04-06,1997,45393.0,30.0,45633.0,5.0,45393,97
1997-04-06|2|Essendon Bombers|Port Adelaide Power,1997-04-06,1997,45694.0,35.0,45317.0,3.0,45694,124
1997-04-06|2|Fremantle Dockers|Hawthorn Hawks,1997-04-06,1997,45570.0,37.0,45330.0,3.0,45570,137
1997-04-07|2|Carlton Blues|North Melbourne Kangaroos,1997-04-07,1997,45380.0,30.0,45320.0,3.0,45380,120
1997-04-11|3|Melbourne Demons|Sydney Swans,1997-04-11,1997,45690.0,31.0,45770.0,3.0,45636,111
1997-04-12|3|Collingwood Magpies|St Kilda Saints,1997-04-12,1997,45577.0,34.0,45508.0,6.0,45508,133
1997-04-12|3|Geelong Cats|Port Adelaide Power,1997-04-12,1997,45484.0,26.0,45460.0,5.0,45484,114
1997-04-12|3|Richmond Tigers|Western Bulldogs,1997-04-12,1997,45403.0,33.0,45833.0,6.0,45403,133
1997-04-13|3|Adelaide Crows|Carlton Blues,1997-04-13,1997,45380.0,33.0,45567.0,3.0,45380,100
1997-04-13|3|Brisbane Lions|Hawthorn Hawks,1997-04-13,1997,45570.0,29.0,45754.0,3.0,45667,117
1997-04-13|3|Essendon Bombers|North Melbourne Kangaroos,1997-04-13,1997,45750.0,27.0,45433.0,4.0,45729,114
1997-04-13|3|Fremantle Dockers|West Coast Eagles,1997-04-13,1997,45711.0,28.0,45712.0,4.0,45711,112
1997-04-18|4|Melbourne Demons|Western Bulldogs,1997-04-18,1997,45957.0,28.0,45770.0,7.0,45467,113
1997-04-19|4|Carlton Blues|Collingwood Magpies,1997-04-19,1997,45654.0,32.0,45845.0,4.0,45654,112
1997-04-19|4|Fremantle Dockers|Richmond Tigers,1997-04-19,1997,45403.0,34.0,45377.0,2.0,45403,118
1997-04-19|4|Hawthorn Hawks|West Coast Eagles,1997-04-19,1997,45926.0,37.0,45712.0,4.0,45926,135
1997-04-19|4|St Kilda Saints|Sydney Swans,1997-04-19,1997,45451.0,35.0,45778.0,5.0,45451,104
1997-04-20|4|Adelaide Crows|Port Adelaide Power,1997-04-20,1997,45830.0,30.0,45752.0,7.0,45972,120
1997-04-20|4|Brisbane Lions|North Melbourne Kangaroos,1997-04-20,1997,45665.0,24.0,45669.0,5.0,45665,99
1997-04-20|4|Essendon Bombers|Geelong Cats,1997-04-20,1997,45750.0,30.0,45677.0,3.0,45730,112
1997-04-25|5|Collingwood Magpies|Essendon Bombers,1997-04-25,1997,45391.0,21.0,45315.0,2.0,45780,96
1997-04-25|5|Fremantle Dockers|St Kilda Saints,1997-04-25,1997,45577.0,31.0,45952.0,4.0,45682,120
1997-04-26|5|Adelaide Crows|Western Bulldogs,1997-04-26,1997,45830.0,33.0,45752.0,8.0,45413,127
1997-04-26|5|Hawthorn Hawks|Sydney Swans,1997-04-26,1997,45451.0,30.0,45636.0,4.0,45671,122
1997-04-26|5|Melbourne Demons|West Coast Eagles,1997-04-26,1997,45711.0,29.0,45770.0,6.0,45711,103
1997-04-27|5|Brisbane Lions|Port Adelaide Power,1997-04-27,1997,45325.0,29.0,45460.0,5.0,45325,108
1997-04-27|5|Carlton Blues|Geelong Cats,1997-04-27,1997,45640.0,33.0,45394.0,3.0,45823,118
1997-04-27|5|North Melbourne Kangaroos|Richmond Tigers,1997-04-27,1997,45803.0,25.0,45740.0,5.0,45803,109
1997-05-02|6|West Coast Eagles|Western Bulldogs,1997-05-02,1997,45887.0,29.0,45712.0,3.0,45887,105
1997-05-03|6|Adelaide Crows|Collingwood Magpies,1997-05-03,1997,45391.0,35.0,45752.0,5.0,45391,126
1997-05-03|6|Brisbane Lions|Essendon Bombers,1997-05-03,1997,45750.0,30.0,45669.0,3.0,45692,112
1997-05-03|6|Fremantle Dockers|Geelong Cats,1997-05-03,1997,45829.0,26.0,45394.0,6.0,45829,111
1997-05-03|6|Hawthorn Hawks|North Melbourne Kangaroos,1997-05-03,1997,45570.0,24.0,45862.0,4.0,45729,109
1997-05-04|6|Carlton Blues|Sydney Swans,1997-05-04,1997,45451.0,34.0,45778.0,5.0,45451,126
1997-05-04|6|Melbourne Demons|St Kilda Saints,1997-05-04,1997,45389.0,29.0,45682.0,5.0,45682,130
1997-05-04|6|Port Adelaide Power|Richmond Tigers,1997-05-04,1997,45403.0,31.0,45460.0,4.0,45694,115
1997-05-09|7|Collingwood Magpies|North Melbourne Kangaroos,1997-05-09,1997,45899.0,32.0,45740.0,4.0,45395,124
1997-05-10|7|Carlton Blues|Richmond Tigers,1997-05-10,1997,45380.0,34.0,45593.0,2.0,45380,112
1997-05-10|7|Fremantle Dockers|Melbourne Demons,1997-05-10,1997,45922.0,31.0,45311.0,3.0,45922,116
1997-05-10|7|Geelong Cats|Sydney Swans,1997-05-10,1997,45640.0,28.0,45714.0,3.0,45722,115
1997-05-10|7|Hawthorn Hawks|Western Bulldogs,1997-05-10,1997,45926.0,30.0,45454.0,3.0,45553,120
1997-05-10|7|Port Adelaide Power|St Kilda Saints,1997-05-10,1997,45577.0,38.0,45682.0,5.0,45393,125
1997-05-11|7|Adelaide Crows|Essendon Bombers,1997-05-11,1997,45830.0,35.0,45677.0,5.0,45622,115
1997-05-11|7|Brisbane Lions|West Coast Eagles,1997-05-11,1997,45520.0,32.0,45544.0,5.0,45670,121
1997-05-16|8|Collingwood Magpies|Western Bulldogs,1997-05-16,1997,45391.0,34.0,45845.0,5.0,45391,131
1997-05-17|8|Adelaide Crows|Sydney Swans,1997-05-17,1997,45636.0,37.0,45622.0,4.0,45622,143
1997-05-17|8|Geelong Cats|Melbourne Demons,1997-05-17,1997,45876.0,35.0,45509.0,3.0,45876,117
1997-05-17|8|North Melbourne Kangaroos|Port Adelaide Power,1997-05-17,1997,45899.0,32.0,45877.0,6.0,45372,131
1997-05-18|8|Brisbane Lions|Fremantle Dockers,1997-05-18,1997,45661.0,32.0,45381.0,4.0,45665,106
1997-05-18|8|Carlton Blues|Hawthorn Hawks,1997-05-18,1997,45687.0,33.0,45706.0,3.0,45706,130
1997-05-18|8|Essendon Bombers|St Kilda Saints,1997-05-18,1997,45750.0,29.0,45508.0,4.0,45982,113
1997-05-19|8|Richmond Tigers|West Coast Eagles,1997-05-19,1997,45403.0,33.0,45377.0,4.0,45586,119
1997-05-23|9|Melbourne Demons|Port Adelaide Power,1997-05-23,1997,45484.0,27.0,45460.0,4.0,45484,93
1997-05-24|9|Adelaide Crows|Hawthorn Hawks,1997-05-24,1997,45830.0,32.0,45657.0,5.0,45852,112
1997-05-24|9|Carlton Blues|Fremantle Dockers,1997-05-24,1997,45971.0,29.0,45706.0,3.0,45971,116
1997-05-24|9|Collingwood Magpies|Sydney Swans,1997-05-24,1997,45451.0,31.0,45679.0,3.0,45407,117
1997-05-25|9|Brisbane Lions|Geelong Cats,1997-05-25,1997,45941.0,30.0,45381.0,6.0,45697,123
1997-05-25|9|Essendon Bombers|West Coast Eagles,1997-05-25,1997,45595.0,29.0,45514.0,4.0,45595,116
1997-05-25|9|North Melbourne Kangaroos|Western Bulldogs,1997-05-25,1997,45957.0,27.0,45607.0,4.0,45607,114
1997-05-25|9|Richmond Tigers|St Kilda Saints,1997-05-25,1997,45393.0,35.0,45588.0,5.0,45393,115
1997-05-30|10|Carlton Blues|Port Adelaide Power,1997-05-30,1997,45380.0,28.0,45385.0,2.0,45766,102
1997-05-31|10|Collingwood Magpies|Hawthorn Hawks,1997-05-31,1997,45457.0,27.0,45600.0,5.0,45600,137
1997-05-31|10|Geelong Cats|St Kilda Saints,1997-05-31,1997,45801.0,32.0,45394.0,4.0,45434,118
1997-05-31|10|Melbourne Demons|Richmond Tigers,1997-05-31,1997,45939.0,28.0,45509.0,4.0,45939,105
1997-05-31|10|North Melbourne Kangaroos|West Coast Eagles,1997-05-31,1997,45637.0,23.0,45867.0,4.0,45899,107
1997-06-01|10|Brisbane Lions|Sydney Swans,1997-06-01,1997,45661.0,35.0,45671.0,4.0,45671,125
1997-06-01|10|Essendon Bombers|Western Bulldogs,1997-06-01,1997,45849.0,31.0,45677.0,6.0,45677,130
1997-06-02|10|Adelaide Crows|Fremantle Dockers,1997-06-02,1997,45830.0,34.0,45843.0,5.0,45971,120
1997-06-06|11|Collingwood Magpies|Richmond Tigers,1997-06-06,1997,45403.0,32.0,45833.0,5.0,45833,117
1997-06-07|11|Essendon Bombers|Hawthorn Hawks,1997-06-07,1997,45687.0,32.0,45677.0,5.0,45600,112
1997-06-07|11|Geelong Cats|Western Bulldogs,1997-06-07,1997,45640.0,36.0,45596.0,3.0,45640,131
1997-06-07|11|Port Adelaide Power|Sydney Swans,1997-06-07,1997,45451.0,30.0,45460.0,3.0,45441,100
1997-06-08|11|Adelaide Crows|Melbourne Demons,1997-06-08,1997,45939.0,32.0,45752.0,3.0,45939,110
1997-06-08|11|St Kilda Saints|West Coast Eagles,1997-06-08,1997,45577.0,35.0,45588.0,4.0,45577,106
1997-06-09|11|Brisbane Lions|Carlton Blues,1997-06-09,1997,45380.0,39.0,45654.0,2.0,45380,123
1997-06-09|11|Fremantle Dockers|North Melbourne Kangaroos,1997-06-09,1997,45846.0,29.0,45877.0,4.0,45846,116
1997-06-13|12|Richmond Tigers|Sydney Swans,1997-06-13,1997,45573.0,30.0,45671.0,5.0,45573,117
1997-06-14|12|Collingwood Magpies|West Coast Eagles,1997-06-14,1997,45970.0,37.0,45544.0,4.0,45970,115
1997-06-14|12|Geelong Cats|Hawthorn Hawks,1997-06-14,1997,45914.0,24.0,45600.0,3.0,45600,90
1997-06-14|12|Port Adelaide Power|Western Bulldogs,1997-06-14,1997,45957.0,33.0,45460.0,5.0,45957,104
1997-06-15|12|Adelaide Crows|North Melbourne Kangaroos,1997-06-15,1997,45846.0,31.0,45752.0,6.0,45899,114
1997-06-15|12|Brisbane Lions|Melbourne Demons,1997-06-15,1997,45939.0,28.0,45754.0,7.0,45754,110
1997-06-15|12|Carlton Blues|St Kilda Saints,1997-06-15,1997,45393.0,32.0,45682.0,4.0,45682,138
1997-06-15|12|Essendon Bombers|Fremantle Dockers,1997-06-15,1997,45478.0,37.0,45611.0,5.0,45478,112
1997-06-27|13|Carlton Blues|West Coast Eagles,1997-06-27,1997,45380.0,36.0,45879.0,6.0,45380,137
1997-06-28|13|Adelaide Crows|Geelong Cats,1997-06-28,1997,45696.0,27.0,45696.0,3.0,45696,116
1997-06-28|13|Brisbane Lions|Collingwood Magpies,1997-06-28,1997,45661.0,35.0,45754.0,6.0,45520,116
1997-06-28|13|Essendon Bombers|Richmond Tigers,1997-06-28,1997,45478.0,28.0,45406.0,3.0,45759,114
1997-06-28|13|Fremantle Dockers|Port Adelaide Power,1997-06-28,1997,45972.0,32.0,45460.0,3.0,45972,118
1997-06-28|13|St Kilda Saints|Western Bulldogs,1997-06-28,1997,45553.0,30.0,45607.0,4.0,45553,133
1997-06-29|13|Hawthorn Hawks|Melbourne Demons,1997-06-29,1997,45914.0,31.0,45422.0,2.0,45719,115
1997-06-29|13|North Melbourne Kangaroos|Sydney Swans,1997-06-29,1997,45899.0,26.0,45324.0,4.0,45324,106
1997-07-04|14|Adelaide Crows|West Coast Eagles,1997-07-04,1997,45622.0,32.0,45752.0,4.0,45622,113
1997-07-05|14|Carlton Blues|Western Bulldogs,1997-07-05,1997,45553.0,27.0,45440.0,4.0,45553,135
1997-07-05|14|Collingwood Magpies|Geelong Cats,1997-07-05,1997,45696.0,29.0,45391.0,3.0,45696,119
1997-07-05|14|Fremantle Dockers|Sydney Swans,1997-07-05,1997,45451.0,34.0,45611.0,2.0,45636,108
1997-07-05|14|North Melbourne Kangaroos|St Kilda Saints,1997-07-05,1997,45389.0,34.0,45588.0,9.0,45588,138
1997-07-06|14|Brisbane Lions|Richmond Tigers,1997-07-06,1997,45665.0,27.0,45833.0,4.0,45665,112
1997-07-06|14|Essendon Bombers|Melbourne Demons,1997-07-06,1997,45750.0,31.0,45677.0,8.0,45677,125
1997-07-06|14|Hawthorn Hawks|Port Adelaide Power,1997-07-06,1997,45978.0,33.0,45687.0,6.0,45948,132
1997-07-11|15|Geelong Cats|North Melbourne Kangaroos,1997-07-11,1997,45696.0,25.0,45408.0,3.0,45801,102
1997-07-12|15|Adelaide Crows|St Kilda Saints,1997-07-12,1997,45577.0,43.0,45353.0,2.0,45577,140
1997-07-12|15|Brisbane Lions|Western Bulldogs,1997-07-12,1997,45520.0,34.0,45737.0,5.0,45957,119
1997-07-12|15|Carlton Blues|Melbourne Demons,1997-07-12,1997,45690.0,34.0,45879.0,5.0,45690,119
1997-07-12|15|Collingwood Magpies|Fremantle Dockers,1997-07-12,1997,45391.0,43.0,45845.0,9.0,45391,158
1997-07-13|15|Essendon Bombers|Sydney Swans,1997-07-13,1997,45750.0,35.0,45677.0,4.0,45671,138
1997-07-13|15|Hawthorn Hawks|Richmond Tigers,1997-07-13,1997,45384.0,28.0,45573.0,4.0,45384,103
1997-07-13|15|Port Adelaide Power|West Coast Eagles,1997-07-13,1997,45637.0,34.0,45460.0,3.0,45637,118
1997-07-18|16|Adelaide Crows|Brisbane Lions,1997-07-18,1997,45941.0,38.0,45752.0,6.0,45941,136
1997-07-19|16|Carlton Blues|Essendon Bombers,1997-07-19,1997,45823.0,30.0,45879.0,6.0,45823,126
1997-07-19|16|Collingwood Magpies|Port Adelaide Power,1997-07-19,1997,45970.0,24.0,45460.0,4.0,45970,110
1997-07-19|16|Geelong Cats|Richmond Tigers,1997-07-19,1997,45640.0,29.0,45565.0,5.0,45565,123
1997-07-19|16|Hawthorn Hawks|St Kilda Saints,1997-07-19,1997,45577.0,40.0,45508.0,4.0,45508,124
1997-07-19|16|Sydney Swans|West Coast Eagles,1997-07-19,1997,45451.0,38.0,45407.0,5.0,45407,131
1997-07-20|16|Fremantle Dockers|Western Bulldogs,1997-07-20,1997,45639.0,26.0,45611.0,4.0,45704,127
1997-07-20|16|Melbourne Demons|North Melbourne Kangaroos,1997-07-20,1997,45840.0,26.0,45346.0,3.0,45840,99
1997-07-25|17|Essendon Bombers|Port Adelaide Power,1997-07-25,1997,46244.0,27.0,45460.0,7.0,45460,130
1997-07-26|17|Adelaide Crows|Richmond Tigers,1997-07-26,1997,45353.0,32.0,45622.0,7.0,45622,128
1997-07-26|17|Carlton Blues|North Melbourne Kangaroos,1997-07-26,1997,45654.0,29.0,45320.0,5.0,45654,90
1997-07-26|17|Fremantle Dockers|Hawthorn Hawks,1997-07-26,1997,45639.0,24.0,45825.0,5.0,45852,103
1997-07-26|17|Sydney Swans|Western Bulldogs,1997-07-26,1997,45957.0,26.0,45679.0,8.0,45671,118
1997-07-27|17|Brisbane Lions|St Kilda Saints,1997-07-27,1997,45909.0,27.0,45381.0,3.0,45508,113
1997-07-27|17|Collingwood Magpies|Melbourne Demons,1997-07-27,1997,45939.0,23.0,45845.0,6.0,45844,116
1997-07-27|17|Geelong Cats|West Coast Eagles,1997-07-27,1997,45596.0,30.0,45394.0,4.0,45670,122
1997-08-01|18|Essendon Bombers|North Melbourne Kangaroos,1997-08-01,1997,45862.0,25.0,45692.0,3.0,45750,97
1997-08-02|18|Brisbane Lions|Hawthorn Hawks,1997-08-02,1997,45450.0,30.0,45381.0,7.0,45666,115
1997-08-02|18|Geelong Cats|Port Adelaide Power,1997-08-02,1997,45829.0,42.0,45889.0,5.0,45829,168
1997-08-02|18|Melbourne Demons|Sydney Swans,1997-08-02,1997,45636.0,34.0,45679.0,6.0,45636,118
1997-08-02|18|Richmond Tigers|Western Bulldogs,1997-08-02,1997,45403.0,40.0,45553.0,4.0,45403,144
1997-08-03|18|Adelaide Crows|Carlton Blues,1997-08-03,1997,45380.0,40.0,45752.0,5.0,45380,135
1997-08-03|18|Collingwood Magpies|St Kilda Saints,1997-08-03,1997,45391.0,36.0,45943.0,4.0,45391,149
1997-08-03|18|Fremantle Dockers|West Coast Eagles,1997-08-03,1997,45711.0,29.0,45611.0,3.0,45670,122
1997-08-08|19|Brisbane Lions|North Melbourne Kangaroos,1997-08-08,1997,45346.0,29.0,45877.0,3.0,45684,134
1997-08-09|19|Carlton Blues|Collingwood Magpies,1997-08-09,1997,45823.0,31.0,45654.0,6.0,45654,132
1997-08-09|19|Fremantle Dockers|Richmond Tigers,1997-08-09,1997,45482.0,30.0,45952.0,4.0,45537,120
1997-08-09|19|Hawthorn Hawks|West Coast Eagles,1997-08-09,1997,45859.0,26.0,45544.0,5.0,45586,106
1997-08-09|19|Melbourne Demons|Western Bulldogs,1997-08-09,1997,45939.0,33.0,45509.0,4.0,45939,100
1997-08-10|19|Adelaide Crows|Port Adelaide Power,1997-08-10,1997,45948.0,27.0,45460.0,3.0,45437,92
1997-08-10|19|Essendon Bombers|Geelong Cats,1997-08-10,1997,45696.0,25.0,45406.0,3.0,45876,103
1997-08-10|19|St Kilda Saints|Sydney Swans,1997-08-10,1997,45577.0,35.0,45336.0,4.0,45577,130
1997-08-15|20|Melbourne Demons|West Coast Eagles,1997-08-15,1997,45939.0,32.0,45544.0,5.0,45637,98
1997-08-16|20|Brisbane Lions|Port Adelaide Power,1997-08-16,1997,45972.0,23.0,45460.0,4.0,45633,97
1997-08-16|20|Carlton Blues|Geelong Cats,1997-08-16,1997,45380.0,29.0,45335.0,3.0,45380,108
1997-08-16|20|Collingwood Magpies|Essendon Bombers,1997-08-16,1997,45455.0,28.0,45845.0,5.0,45677,129
1997-08-16|20|Fremantle Dockers|St Kilda Saints,1997-08-16,1997,45393.0,31.0,45508.0,3.0,45400,117
1997-08-17|20|Adelaide Crows|Western Bulldogs,1997-08-17,1997,45849.0,26.0,45440.0,2.0,45849,124
1997-08-17|20|Hawthorn Hawks|Sydney Swans,1997-08-17,1997,45636.0,36.0,45600.0,4.0,45636,151
1997-08-17|20|North Melbourne Kangaroos|Richmond Tigers,1997-08-17,1997,45811.0,25.0,45320.0,3.0,45862,93
1997-08-22|21|Melbourne Demons|St Kilda Saints,1997-08-22,1997,45452.0,27.0,45588.0,7.0,45393,143
1997-08-23|21|Brisbane Lions|Essendon Bombers,1997-08-23,1997,45406.0,28.0,45677.0,5.0,45406,106
1997-08-23|21|Carlton Blues|Sydney Swans,1997-08-23,1997,45823.0,36.0,45795.0,5.0,45823,118
1997-08-23|21|Hawthorn Hawks|North Melbourne Kangaroos,1997-08-23,1997,45881.0,31.0,45320.0,4.0,45881,121
1997-08-23|21|West Coast Eagles|Western Bulldogs,1997-08-23,1997,45849.0,28.0,45553.0,3.0,45887,102
1997-08-24|21|Fremantle Dockers|Geelong Cats,1997-08-24,1997,45801.0,29.0,45311.0,3.0,45829,132
1997-08-24|21|Port Adelaide Power|Richmond Tigers,1997-08-24,1997,45384.0,40.0,45833.0,5.0,45384,140
1997-08-25|21|Adelaide Crows|Collingwood Magpies,1997-08-25,1997,45391.0,28.0,45845.0,3.0,45391,99
1997-08-29|22|Brisbane Lions|West Coast Eagles,1997-08-29,1997,45859.0,33.0,45544.0,3.0,45586,119
1997-08-30|22|Carlton Blues|Richmond Tigers,1997-08-30,1997,45647.0,27.0,45654.0,4.0,45847,118
1997-08-30|22|Fremantle Dockers|Melbourne Demons,1997-08-30,1997,45939.0,28.0,45509.0,6.0,45983,106
1997-08-30|22|Geelong Cats|Sydney Swans,1997-08-30,1997,45596.0,28.0,45679.0,5.0,45876,104
1997-08-30|22|Hawthorn Hawks|Western Bulldogs,1997-08-30,1997,45553.0,25.0,45440.0,7.0,45852,111
1997-08-31|22|Adelaide Crows|Essendon Bombers,1997-08-31,1997,45478.0,25.0,45621.0,6.0,45621,102
1997-08-31|22|Collingwood Magpies|North Melbourne Kangaroos,1997-08-31,1997,45970.0,27.0,45845.0,4.0,45455,103
1997-08-31|22|Port Adelaide Power|St Kilda Saints,1997-08-31,1997,45577.0,40.0,45588.0,5.0,45591,120
1997-09-06|QF|Sydney Swans|Western Bulldogs,1997-09-06,1997,45401.0,28.0,45440.0,4.0,45553,105
1997-09-07|QF|Adelaide Crows|West Coast Eagles,1997-09-07,1997,45353.0,31.0,45752.0,3.0,45574,108
1997-09-07|QF|Brisbane Lions|St Kilda Saints,1997-09-07,1997,45577.0,33.0,45316.0,4.0,45682,151
1997-09-07|QF|Geelong Cats|North Melbourne Kangaroos,1997-09-07,1997,45801.0,30.0,45408.0,7.0,45408,133
1997-09-13|SF|Adelaide Crows|Geelong Cats,1997-09-13,1997,45640.0,28.0,45373.0,3.0,45596,105
1997-09-13|SF|North Melbourne Kangaroos|West Coast Eagles,1997-09-13,1997,45346.0,29.0,45729.0,4.0,45729,107
1997-09-19|PF|North Melbourne Kangaroos|St Kilda Saints,1997-09-19,1997,45577.0,34.0,45588.0,7.0,45577,117
1997-09-20|PF|Adelaide Crows|Western Bulldogs,1997-09-20,1997,45957.0,33.0,45440.0,6.0,45574,112
1997-09-27|GF|Adelaide Crows|St Kilda Saints,1997-09-27,1997,45577.0,36.0,45622.0,6.0,45622,131
1998-03-27|1|North Melbourne Kangaroos|West Coast Eagles,1998-03-27,1998,45899.0,33.0,45877.0,5.0,45899,140
1998-03-28|1|Adelaide Crows|Carlton Blues,1998-03-28,1998,45823.0,29.0,45654.0,3.0,45654,124
1998-03-28|1|Brisbane Lions|Western Bulldogs,1998-03-28,1998,45957.0,33.0,45607.0,3.0,45607,109
1998-03-28|1|Collingwood Magpies|Hawthorn Hawks,1998-03-28,1998,45391.0,30.0,45845.0,4.0,45391,142
1998-03-28|1|Geelong Cats|St Kilda Saints,1998-03-28,1998,45829.0,26.0,45682.0,4.0,45854,94
1998-03-29|1|Essendon Bombers|Richmond Tigers,1998-03-29,1998,45647.0,34.0,45352.0,4.0,45647,149
1998-03-29|1|Fremantle Dockers|Melbourne Demons,1998-03-29,1998,45774.0,26.0,45952.0,5.0,45860,91
1998-03-29|1|Port Adelaide Power|Sydney Swans,1998-03-29,1998,45636.0,26.0,45516.0,5.0,45636,101
1998-04-03|2|Collingwood Magpies|West Coast Eagles,1998-04-03,1998,45728.0,30.0,45329.0,4.0,45711,108
1998-04-04|2|Brisbane Lions|Sydney Swans,1998-04-04,1998,45325.0,28.0,45636.0,3.0,45636,116
1998-04-04|2|Geelong Cats|Richmond Tigers,1998-04-04,1998,45647.0,27.0,45743.0,4.0,45743,108
1998-04-04|2|Hawthorn Hawks|Port Adelaide Power,1998-04-04,1998,45914.0,28.0,45460.0,7.0,45552,122
1998-04-04|2|Melbourne Demons|North Melbourne Kangaroos,1998-04-04,1998,45512.0,29.0,45311.0,3.0,45408,115
1998-04-05|2|Adelaide Crows|Fremantle Dockers,1998-04-05,1998,45353.0,30.0,45733.0,6.0,45827,128
1998-04-05|2|Carlton Blues|Western Bulldogs,1998-04-05,1998,45957.0,26.0,45440.0,6.0,45553,103
1998-04-05|2|Essendon Bombers|St Kilda Saints,1998-04-05,1998,45759.0,25.0,45759.0,6.0,45759,143
1998-04-11|3|Collingwood Magpies|Western Bulldogs,1998-04-11,1998,45849.0,29.0,45887.0,3.0,45486,106
1998-04-11|3|Hawthorn Hawks|Richmond Tigers,1998-04-11,1998,45403.0,27.0,45598.0,5.0,45573,126
1998-04-11|3|North Melbourne Kangaroos|Port Adelaide Power,1998-04-11,1998,45694.0,31.0,45576.0,5.0,45576,116
1998-04-12|3|Adelaide Crows|St Kilda Saints,1998-04-12,1998,45577.0,31.0,45393.0,2.0,45577,126
1998-04-12|3|Fremantle Dockers|West Coast Eagles,1998-04-12,1998,45520.0,26.0,45430.0,5.0,45544,108
1998-04-12|3|Geelong Cats|Sydney Swans,1998-04-12,1998,45451.0,32.0,45336.0,3.0,45451,111
1998-04-13|3|Brisbane Lions|Melbourne Demons,1998-04-13,1998,45983.0,23.0,45888.0,4.0,45983,101
1998-04-13|3|Carlton Blues|Essendon Bombers,1998-04-13,1998,45369.0,25.0,45795.0,4.0,45369,101
1998-04-17|4|Collingwood Magpies|Richmond Tigers,1998-04-17,1998,45391.0,40.0,45464.0,5.0,45391,136
1998-04-18|4|Geelong Cats|Western Bulldogs,1998-04-18,1998,45624.0,29.0,45553.0,3.0,45624,120
1998-04-18|4|Hawthorn Hawks|St Kilda Saints,1998-04-18,1998,45577.0,34.0,45508.0,4.0,45508,118
1998-04-18|4|Sydney Swans|West Coast Eagles,1998-04-18,1998,45451.0,35.0,45679.0,7.0,45862,160
1998-04-19|4|Adelaide Crows|Port Adelaide Power,1998-04-19,1998,45694.0,25.0,45618.0,2.0,45643,108
1998-04-19|4|Brisbane Lions|North Melbourne Kangaroos,1998-04-19,1998,45941.0,31.0,45729.0,5.0,45554,129
1998-04-19|4|Carlton Blues|Melbourne Demons,1998-04-19,1998,45512.0,25.0,45860.0,3.0,45654,96
1998-04-19|4|Essendon Bombers|Fremantle Dockers,1998-04-19,1998,45520.0,29.0,45692.0,6.0,45488,109
1998-04-24|5|Richmond Tigers|West Coast Eagles,1998-04-24,1998,45403.0,29.0,45743.0,3.0,45403,121
1998-04-25|5|Brisbane Lions|Hawthorn Hawks,1998-04-25,1998,45450.0,30.0,45669.0,5.0,45914,107
1998-04-25|5|Collingwood Magpies|Essendon Bombers,1998-04-25,1998,45391.0,26.0,45845.0,7.0,45845,129
1998-04-25|5|Fremantle Dockers|North Melbourne Kangaroos,1998-04-25,1998,45971.0,27.0,45554.0,4.0,45971,112
1998-04-26|5|Adelaide Crows|Geelong Cats,1998-04-26,1998,45876.0,31.0,45621.0,3.0,45827,131
1998-04-26|5|Carlton Blues|St Kilda Saints,1998-04-26,1998,45577.0,40.0,45751.0,4.0,45577,135
1998-04-26|5|Melbourne Demons|Port Adelaide Power,1998-04-26,1998,45939.0,33.0,45962.0,4.0,45962,142
1998-04-26|5|Sydney Swans|Western Bulldogs,1998-04-26,1998,45451.0,31.0,45679.0,4.0,45636,96
1998-05-01|6|Brisbane Lions|Richmond Tigers,1998-05-01,1998,45575.0,29.0,45377.0,2.0,45961,113
1998-05-02|6|Carlton Blues|Collingwood Magpies,1998-05-02,1998,45391.0,27.0,45845.0,4.0,45391,101
1998-05-02|6|Essendon Bombers|Western Bulldogs,1998-05-02,1998,45309.0,25.0,45692.0,4.0,45692,127
1998-05-02|6|Fremantle Dockers|Port Adelaide Power,1998-05-02,1998,45400.0,29.0,45430.0,2.0,45397,120
1998-05-02|6|Geelong Cats|Hawthorn Hawks,1998-05-02,1998,45801.0,32.0,45394.0,3.0,45335,122
1998-05-03|6|Adelaide Crows|North Melbourne Kangaroos,1998-05-03,1998,45899.0,29.0,45622.0,4.0,45827,131
1998-05-03|6|Melbourne Demons|Sydney Swans,1998-05-03,1998,45451.0,33.0,45698.0,3.0,45975,119
1998-05-03|6|St Kilda Saints|West Coast Eagles,1998-05-03,1998,45577.0,34.0,45508.0,6.0,45508,117
1998-05-08|7|Collingwood Magpies|Sydney Swans,1998-05-08,1998,45391.0,28.0,45679.0,10.0,45679,127
1998-05-08|7|Fremantle Dockers|Hawthorn Hawks,1998-05-08,1998,45914.0,30.0,45487.0,3.0,45914,115
1998-05-09|7|Brisbane Lions|St Kilda Saints,1998-05-09,1998,45577.0,37.0,45754.0,6.0,45575,142
1998-05-09|7|Carlton Blues|Port Adelaide Power,1998-05-09,1998,45904.0,29.0,45925.0,8.0,45925,161
1998-05-09|7|Essendon Bombers|Geelong Cats,1998-05-09,1998,45750.0,29.0,45889.0,3.0,45406,121
1998-05-10|7|Adelaide Crows|West Coast Eagles,1998-05-10,1998,45830.0,31.0,45500.0,4.0,45827,126
1998-05-10|7|Melbourne Demons|Richmond Tigers,1998-05-10,1998,45403.0,34.0,45833.0,3.0,45403,124
1998-05-10|7|North Melbourne Kangaroos|Western Bulldogs,1998-05-10,1998,45849.0,36.0,45408.0,4.0,45849,131
1998-05-15|8|Brisbane Lions|Essendon Bombers,1998-05-15,1998,45941.0,30.0,45317.0,4.0,45569,131
1998-05-16|8|Fremantle Dockers|Geelong Cats,1998-05-16,1998,45774.0,33.0,45696.0,3.0,45741,126
1998-05-16|8|North Melbourne Kangaroos|Sydney Swans,1998-05-16,1998,45899.0,31.0,45408.0,4.0,45895,128
1998-05-16|8|Port Adelaide Power|St Kilda Saints,1998-05-16,1998,45577.0,35.0,45751.0,3.0,45577,122
1998-05-17|8|Adelaide Crows|Richmond Tigers,1998-05-17,1998,45437.0,27.0,45621.0,6.0,45437,118
1998-05-17|8|Carlton Blues|West Coast Eagles,1998-05-17,1998,45637.0,28.0,45795.0,5.0,45567,104
1998-05-17|8|Collingwood Magpies|Melbourne Demons,1998-05-17,1998,45391.0,31.0,45629.0,4.0,45391,117
1998-05-17|8|Hawthorn Hawks|Western Bulldogs,1998-05-17,1998,45887.0,29.0,45309.0,4.0,45980,120
1998-05-22|9|Fremantle Dockers|St Kilda Saints,1998-05-22,1998,45577.0,39.0,45917.0,4.0,45577,139
1998-05-23|9|Adelaide Crows|Brisbane Lions,1998-05-23,1998,45665.0,35.0,45622.0,4.0,45665,114
1998-05-23|9|Carlton Blues|North Melbourne Kangaroos,1998-05-23,1998,45823.0,33.0,45684.0,4.0,45823,105
1998-05-23|9|Essendon Bombers|Melbourne Demons,1998-05-23,1998,45750.0,31.0,45352.0,3.0,45818,120
1998-05-23|9|Geelong Cats|West Coast Eagles,1998-05-23,1998,45445.0,23.0,45514.0,2.0,45906,95
1998-05-23|9|Richmond Tigers|Western Bulldogs,1998-05-23,1998,45403.0,28.0,45833.0,4.0,45849,101
1998-05-24|9|Collingwood Magpies|Port Adelaide Power,1998-05-24,1998,45391.0,39.0,45460.0,5.0,45391,155
1998-05-24|9|Hawthorn Hawks|Sydney Swans,1998-05-24,1998,45862.0,30.0,45679.0,11.0,45679,168
1998-05-29|10|West Coast Eagles|Western Bulldogs,1998-05-29,1998,45957.0,28.0,45607.0,5.0,45544,99
1998-05-30|10|Brisbane Lions|Carlton Blues,1998-05-30,1998,45404.0,35.0,45404.0,3.0,45404,143
1998-05-30|10|Essendon Bombers|Hawthorn Hawks,1998-05-30,1998,45406.0,30.0,45692.0,3.0,45450,127
1998-05-30|10|Port Adelaide Power|Richmond Tigers,1998-05-30,1998,45403.0,41.0,45833.0,4.0,45464,136
1998-05-30|10|St Kilda Saints|Sydney Swans,1998-05-30,1998,45577.0,38.0,45909.0,6.0,45909,127
1998-05-31|10|Adelaide Crows|Melbourne Demons,1998-05-31,1998,45618.0,37.0,45622.0,3.0,45975,128
1998-05-31|10|Collingwood Magpies|Fremantle Dockers,1998-05-31,1998,45391.0,36.0,45845.0,11.0,45845,149
1998-05-31|10|Geelong Cats|North Melbourne Kangaroos,1998-05-31,1998,45596.0,29.0,45408.0,4.0,45596,124
1998-06-05|11|Essendon Bombers|Sydney Swans,1998-06-05,1998,45451.0,28.0,45636.0,5.0,45692,117
1998-06-06|11|Carlton Blues|Geelong Cats,1998-06-06,1998,45434.0,37.0,45730.0,3.0,45434,139
1998-06-06|11|Hawthorn Hawks|Melbourne Demons,1998-06-06,1998,45687.0,31.0,45509.0,4.0,45600,118
1998-06-06|11|Port Adelaide Power|West Coast Eagles,1998-06-06,1998,45680.0,26.0,45460.0,3.0,45658,109
1998-06-07|11|Adelaide Crows|Western Bulldogs,1998-06-07,1998,45650.0,29.0,45650.0,5.0,45650,138
1998-06-07|11|Brisbane Lions|Fremantle Dockers,1998-06-07,1998,45568.0,29.0,45400.0,3.0,45488,104
1998-06-08|11|Collingwood Magpies|North Melbourne Kangaroos,1998-06-08,1998,45455.0,27.0,45408.0,4.0,45408,123
1998-06-08|11|Richmond Tigers|St Kilda Saints,1998-06-08,1998,45393.0,34.0,45833.0,4.0,45508,131
1998-06-12|12|Hawthorn Hawks|West Coast Eagles,1998-06-12,1998,45926.0,35.0,45487.0,6.0,45926,118
1998-06-13|12|Adelaide Crows|Essendon Bombers,1998-06-13,1998,45618.0,30.0,45683.0,3.0,45843,108
1998-06-13|12|Carlton Blues|Sydney Swans,1998-06-13,1998,45404.0,30.0,45795.0,5.0,45567,127
1998-06-13|12|Geelong Cats|Melbourne Demons,1998-06-13,1998,45434.0,25.0,45394.0,4.0,45829,109
1998-06-14|12|Brisbane Lions|Port Adelaide Power,1998-06-14,1998,45762.0,27.0,45762.0,4.0,45762,123
1998-06-14|12|Collingwood Magpies|St Kilda Saints,1998-06-14,1998,45391.0,43.0,45682.0,5.0,45391,142
1998-06-14|12|Fremantle Dockers|Western Bulldogs,1998-06-14,1998,45849.0,32.0,45887.0,5.0,45887,116
1998-06-14|12|North Melbourne Kangaroos|Richmond Tigers,1998-06-14,1998,45847.0,32.0,45833.0,4.0,45847,118
1998-06-19|13|Essendon Bombers|West Coast Eagles,1998-06-19,1998,45445.0,30.0,45711.0,7.0,45711,125
1998-06-20|13|Adelaide Crows|Collingwood Magpies,1998-06-20,1998,45391.0,32.0,45373.0,5.0,45391,116
1998-06-20|13|Brisbane Lions|Geelong Cats,1998-06-20,1998,45961.0,28.0,45669.0,4.0,45865,111
1998-06-20|13|Hawthorn Hawks|North Melbourne Kangaroos,1998-06-20,1998,45899.0,26.0,45408.0,4.0,45852,149
1998-06-20|13|Port Adelaide Power|Western Bulldogs,1998-06-20,1998,45484.0,31.0,45460.0,3.0,45484,121
1998-06-21|13|Carlton Blues|Fremantle Dockers,1998-06-21,1998,45538.0,30.0,45965.0,3.0,45319,109
1998-06-21|13|Melbourne Demons|St Kilda Saints,1998-06-21,1998,45577.0,29.0,45588.0,5.0,45508,133
1998-06-21|13|Richmond Tigers|Sydney Swans,1998-06-21,1998,45451.0,31.0,45833.0,5.0,45451,125
1998-06-26|14|Essendon Bombers|North Melbourne Kangaroos,1998-06-26,1998,46034.0,26.0,45576.0,5.0,45692,119
1998-06-27|14|Carlton Blues|Hawthorn Hawks,1998-06-27,1998,45380.0,32.0,45795.0,6.0,45795,117
1998-06-27|14|Fremantle Dockers|Richmond Tigers,1998-06-27,1998,45403.0,32.0,45833.0,7.0,45403,118
1998-06-27|14|Geelong Cats|Port Adelaide Power,1998-06-27,1998,45596.0,28.0,45394.0,4.0,45643,115
1998-06-27|14|St Kilda Saints|Western Bulldogs,1998-06-27,1998,45577.0,34.0,45440.0,3.0,45553,138
1998-06-28|14|Adelaide Crows|Sydney Swans,1998-06-28,1998,45618.0,32.0,45451.0,3.0,45830,126
1998-06-28|14|Brisbane Lions|Collingwood Magpies,1998-06-28,1998,45665.0,37.0,45391.0,4.0,45665,142
1998-06-28|14|Melbourne Demons|West Coast Eagles,1998-06-28,1998,45983.0,32.0,45841.0,4.0,45512,117
1998-07-03|15|Carlton Blues|Richmond Tigers,1998-07-03,1998,45464.0,31.0,45806.0,5.0,45464,133
1998-07-04|15|Brisbane Lions|West Coast Eagles,1998-07-04,1998,45637.0,28.0,45381.0,2.0,45761,95
1998-07-04|15|Essendon Bombers|Port Adelaide Power,1998-07-04,1998,45750.0,32.0,45925.0,4.0,46034,110
1998-07-04|15|Melbourne Demons|Western Bulldogs,1998-07-04,1998,45624.0,28.0,45553.0,3.0,45624,120
1998-07-04|15|North Melbourne Kangaroos|St Kilda Saints,1998-07-04,1998,45393.0,28.0,45408.0,6.0,45408,147
1998-07-05|15|Adelaide Crows|Hawthorn Hawks,1998-07-05,1998,45827.0,31.0,45600.0,2.0,45827,141
1998-07-05|15|Collingwood Magpies|Geelong Cats,1998-07-05,1998,45640.0,32.0,45565.0,3.0,45640,112
1998-07-05|15|Fremantle Dockers|Sydney Swans,1998-07-05,1998,45451.0,25.0,45679.0,6.0,45922,94
1998-07-17|16|Adelaide Crows|Carlton Blues,1998-07-17,1998,45380.0,37.0,45965.0,4.0,45385,125
1998-07-18|16|Brisbane Lions|Western Bulldogs,1998-07-18,1998,45865.0,34.0,45553.0,4.0,45756,156
1998-07-18|16|Collingwood Magpies|Hawthorn Hawks,1998-07-18,1998,45926.0,30.0,45845.0,5.0,45845,135
1998-07-18|16|Fremantle Dockers|Melbourne Demons,1998-07-18,1998,45512.0,31.0,45698.0,4.0,45922,119
1998-07-18|16|Geelong Cats|St Kilda Saints,1998-07-18,1998,45577.0,35.0,45508.0,4.0,45508,145
1998-07-19|16|Essendon Bombers|Richmond Tigers,1998-07-19,1998,45352.0,29.0,45833.0,5.0,45833,122
1998-07-19|16|North Melbourne Kangaroos|West Coast Eagles,1998-07-19,1998,45445.0,30.0,45408.0,5.0,45408,123
1998-07-19|16|Port Adelaide Power|Sydney Swans,1998-07-19,1998,45862.0,30.0,45679.0,12.0,45679,150
1998-07-24|17|Adelaide Crows|Fremantle Dockers,1998-07-24,1998,45830.0,32.0,45622.0,8.0,45622,116
1998-07-25|17|Carlton Blues|Western Bulldogs,1998-07-25,1998,45385.0,34.0,45965.0,8.0,45965,139
1998-07-25|17|Collingwood Magpies|West Coast Eagles,1998-07-25,1998,45970.0,29.0,45331.0,3.0,45457,119
1998-07-25|17|Hawthorn Hawks|Port Adelaide Power,1998-07-25,1998,45926.0,25.0,45600.0,5.0,45852,117
1998-07-25|17|Melbourne Demons|North Melbourne Kangaroos,1998-07-25,1998,45899.0,28.0,45408.0,8.0,45408,168
1998-07-26|17|Brisbane Lions|Sydney Swans,1998-07-26,1998,45451.0,31.0,45679.0,7.0,45862,111
1998-07-26|17|Essendon Bombers|St Kilda Saints,1998-07-26,1998,45577.0,33.0,45677.0,4.0,45750,128
1998-07-26|17|Geelong Cats|Richmond Tigers,1998-07-26,1998,45403.0,31.0,45506.0,3.0,45357,125
1998-07-31|18|Collingwood Magpies|Western Bulldogs,1998-07-31,1998,45624.0,26.0,45650.0,4.0,45624,112
1998-08-01|18|Adelaide Crows|St Kilda Saints,1998-08-01,1998,45577.0,32.0,45588.0,4.0,45437,132
1998-08-01|18|Brisbane Lions|Melbourne Demons,1998-08-01,1998,45920.0,28.0,45509.0,6.0,45865,120
1998-08-01|18|Geelong Cats|Sydney Swans,1998-08-01,1998,45862.0,33.0,45679.0,9.0,45862,122
1998-08-01|18|North Melbourne Kangaroos|Port Adelaide Power,1998-08-01,1998,45840.0,28.0,45680.0,4.0,45840,123
1998-08-02|18|Carlton Blues|Essendon Bombers,1998-08-02,1998,45385.0,31.0,45677.0,6.0,45319,107
1998-08-02|18|Fremantle Dockers|West Coast Eagles,1998-08-02,1998,45761.0,25.0,45670.0,4.0,45329,105
1998-08-02|18|Hawthorn Hawks|Richmond Tigers,1998-08-02,1998,45687.0,32.0,45487.0,3.0,45852,132
1998-08-07|19|Brisbane Lions|North Melbourne Kangaroos,1998-08-07,1998,45865.0,34.0,45666.0,5.0,45865,104
1998-08-08|19|Carlton Blues|Melbourne Demons,1998-08-08,1998,45385.0,32.0,45860.0,6.0,45860,119
1998-08-08|19|Essendon Bombers|Fremantle Dockers,1998-08-08,1998,45490.0,23.0,45677.0,5.0,45677,114
1998-08-08|19|Geelong Cats|Western Bulldogs,1998-08-08,1998,45650.0,26.0,45607.0,4.0,45650,113
1998-08-08|19|Hawthorn Hawks|St Kilda Saints,1998-08-08,1998,45577.0,36.0,45687.0,6.0,45508,144
1998-08-09|19|Adelaide Crows|Port Adelaide Power,1998-08-09,1998,45830.0,34.0,45937.0,7.0,45937,139
1998-08-09|19|Collingwood Magpies|Richmond Tigers,1998-08-09,1998,45384.0,35.0,45806.0,4.0,45384,136
1998-08-09|19|Sydney Swans|West Coast Eagles,1998-08-09,1998,45451.0,32.0,45382.0,2.0,45451,103
1998-08-14|20|Fremantle Dockers|North Melbourne Kangaroos,1998-08-14,1998,45346.0,31.0,45408.0,8.0,45408,157
1998-08-15|20|Adelaide Crows|Geelong Cats,1998-08-15,1998,45830.0,30.0,45752.0,6.0,45830,123
1998-08-15|20|Brisbane Lions|Hawthorn Hawks,1998-08-15,1998,45450.0,30.0,45422.0,4.0,45450,103
1998-08-15|20|Collingwood Magpies|Essendon Bombers,1998-08-15,1998,45391.0,31.0,45595.0,4.0,45595,133
1998-08-15|20|Sydney Swans|Western Bulldogs,1998-08-15,1998,45957.0,34.0,45679.0,7.0,45553,99
1998-08-16|20|Carlton Blues|St Kilda Saints,1998-08-16,1998,45385.0,42.0,45879.0,5.0,45385,137
1998-08-16|20|Melbourne Demons|Port Adelaide Power,1998-08-16,1998,45939.0,30.0,45860.0,4.0,45939,125
1998-08-16|20|Richmond Tigers|West Coast Eagles,1998-08-16,1998,45647.0,31.0,45514.0,3.0,45907,104
1998-08-21|21|Essendon Bombers|Western Bulldogs,1998-08-21,1998,45756.0,23.0,45677.0,6.0,45553,95
1998-08-22|21|Adelaide Crows|North Melbourne Kangaroos,1998-08-22,1998,45346.0,28.0,45408.0,5.0,45408,130
1998-08-22|21|Brisbane Lions|Richmond Tigers,1998-08-22,1998,45464.0,33.0,45617.0,5.0,45464,123
1998-08-22|21|St Kilda Saints|West Coast Eagles,1998-08-22,1998,45445.0,35.0,45389.0,3.0,45445,116
1998-08-23|21|Carlton Blues|Collingwood Magpies,1998-08-23,1998,45385.0,32.0,45404.0,5.0,45965,131
1998-08-23|21|Fremantle Dockers|Port Adelaide Power,1998-08-23,1998,45529.0,27.0,45925.0,6.0,45397,105
1998-08-23|21|Geelong Cats|Hawthorn Hawks,1998-08-23,1998,45596.0,31.0,45487.0,4.0,45852,117
1998-08-24|21|Melbourne Demons|Sydney Swans,1998-08-24,1998,45511.0,26.0,45509.0,4.0,45783,104
1998-08-28|22|North Melbourne Kangaroos|Western Bulldogs,1998-08-28,1998,45849.0,30.0,45408.0,4.0,45553,116
1998-08-29|22|Adelaide Crows|West Coast Eagles,1998-08-29,1998,45830.0,33.0,45752.0,4.0,45830,120
1998-08-29|22|Brisbane Lions|St Kilda Saints,1998-08-29,1998,45577.0,33.0,45381.0,4.0,45508,115
1998-08-29|22|Essendon Bombers|Geelong Cats,1998-08-29,1998,45595.0,32.0,45677.0,6.0,45595,137
1998-08-29|22|Fremantle Dockers|Hawthorn Hawks,1998-08-29,1998,45400.0,35.0,45687.0,6.0,45400,136
1998-08-30|22|Carlton Blues|Port Adelaide Power,1998-08-30,1998,45404.0,33.0,45392.0,3.0,45404,130
1998-08-30|22|Collingwood Magpies|Sydney Swans,1998-08-30,1998,45391.0,36.0,45679.0,5.0,45391,127
1998-08-30|22|Melbourne Demons|Richmond Tigers,1998-08-30,1998,45377.0,30.0,45509.0,5.0,45770,128
1998-09-04|QF|Essendon Bombers|North Melbourne Kangaroos,1998-09-04,1998,45346.0,35.0,45408.0,5.0,45408,130
1998-09-05|QF|Adelaide Crows|Melbourne Demons,1998-09-05,1998,45622.0,28.0,45509.0,6.0,45962,95
1998-09-05|QF|St Kilda Saints|Sydney Swans,1998-09-05,1998,45671.0,32.0,45783.0,4.0,45671,121
1998-09-06|QF|West Coast Eagles|Western Bulldogs,1998-09-06,1998,45849.0,27.0,45553.0,4.0,45553,109
1998-09-12|SF|Adelaide Crows|Sydney Swans,1998-09-12,1998,45862.0,25.0,45937.0,6.0,45671,105
1998-09-12|SF|Melbourne Demons|St Kilda Saints,1998-09-12,1998,45393.0,26.0,45509.0,4.0,45393,114
1998-09-18|PF|Melbourne Demons|North Melbourne Kangaroos,1998-09-18,1998,45346.0,29.0,45554.0,4.0,45729,106
1998-09-19|PF|Adelaide Crows|Western Bulldogs,1998-09-19,1998,45957.0,35.0,45733.0,7.0,45843,124
1998-09-26|GF|Adelaide Crows|North Melbourne Kangaroos,1998-09-26,1998,45733.0,30.0,45622.0,5.0,45346,103
1999-03-25|1|Carlton Blues|Essendon Bombers,1999-03-25,1999,45766.0,33.0,45404.0,4.0,45766,115
1999-03-26|1|Geelong Cats|North Melbourne Kangaroos,1999-03-26,1999,45596.0,28.0,45408.0,4.0,45596,115
1999-03-27|1|Adelaide Crows|Western Bulldogs,1999-03-27,1999,45542.0,28.0,45607.0,4.0,45542,96
1999-03-27|1|Brisbane Lions|St Kilda Saints,1999-03-27,1999,45379.0,29.0,45961.0,5.0,45379,133
1999-03-27|1|Melbourne Demons|Richmond Tigers,1999-03-27,1999,45511.0,23.0,45509.0,6.0,45847,94
1999-03-28|1|Collingwood Magpies|Hawthorn Hawks,1999-03-28,1999,45391.0,26.0,45422.0,3.0,45600,104
1999-03-28|1|Fremantle Dockers|West Coast Eagles,1999-03-28,1999,45835.0,27.0,45460.0,4.0,45538,89
1999-03-28|1|Port Adelaide Power|Sydney Swans,1999-03-28,1999,45451.0,28.0,45859.0,5.0,45451,113
1999-04-01|2|Essendon Bombers|North Melbourne Kangaroos,1999-04-01,1999,45899.0,25.0,45317.0,4.0,45683,122
1999-04-03|2|Adelaide Crows|Hawthorn Hawks,1999-04-03,1999,45830.0,29.0,45622.0,2.0,45805,127
1999-04-03|2|Brisbane Lions|West Coast Eagles,1999-04-03,1999,45661.0,29.0,45544.0,5.0,45544,116
1999-04-03|2|Geelong Cats|Western Bulldogs,1999-04-03,1999,45957.0,31.0,45309.0,7.0,45309,119
1999-04-03|2|Richmond Tigers|Sydney Swans,1999-04-03,1999,45464.0,33.0,45833.0,4.0,45833,116
1999-04-04|2|Fremantle Dockers|Port Adelaide Power,1999-04-04,1999,45694.0,34.0,45752.0,6.0,45694,124
1999-04-04|2|Melbourne Demons|St Kilda Saints,1999-04-04,1999,45577.0,32.0,45751.0,5.0,45682,137
1999-04-05|2|Carlton Blues|Collingwood Magpies,1999-04-05,1999,45380.0,31.0,45965.0,3.0,45960,120
1999-04-09|3|North Melbourne Kangaroos|Richmond Tigers,1999-04-09,1999,45403.0,30.0,45788.0,4.0,45403,105
1999-04-10|3|Brisbane Lions|Port Adelaide Power,1999-04-10,1999,45661.0,26.0,45859.0,3.0,45859,94
1999-04-10|3|Essendon Bombers|Sydney Swans,1999-04-10,1999,45363.0,30.0,45677.0,13.0,45677,198
1999-04-10|3|Fremantle Dockers|Hawthorn Hawks,1999-04-10,1999,45667.0,34.0,45422.0,3.0,45667,132
1999-04-10|3|Geelong Cats|Melbourne Demons,1999-04-10,1999,45596.0,30.0,45642.0,3.0,45511,126
1999-04-11|3|Adelaide Crows|St Kilda Saints,1999-04-11,1999,45618.0,26.0,45622.0,3.0,45503,111
1999-04-11|3|Carlton Blues|Western Bulldogs,1999-04-11,1999,45766.0,27.0,45607.0,4.0,45342,101
1999-04-11|3|Collingwood Magpies|West Coast Eagles,1999-04-11,1999,45445.0,29.0,45460.0,7.0,45460,104
1999-04-16|4|Hawthorn Hawks|Melbourne Demons,1999-04-16,1999,45450.0,30.0,45422.0,4.0,45450,120
1999-04-17|4|Adelaide Crows|Brisbane Lions,1999-04-17,1999,45325.0,31.0,45622.0,4.0,45737,117
1999-04-17|4|Carlton Blues|Fremantle Dockers,1999-04-17,1999,45404.0,35.0,45952.0,4.0,45404,125
1999-04-17|4|Collingwood Magpies|Richmond Tigers,1999-04-17,1999,45464.0,28.0,45598.0,4.0,45847,101
1999-04-17|4|North Melbourne Kangaroos|Sydney Swans,1999-04-17,1999,45451.0,37.0,45408.0,2.0,45346,118
1999-04-17|4|St Kilda Saints|Western Bulldogs,1999-04-17,1999,45917.0,29.0,45588.0,4.0,45624,99
1999-04-18|4|Essendon Bombers|West Coast Eagles,1999-04-18,1999,45589.0,25.0,45460.0,4.0,45974,91
1999-04-18|4|Geelong Cats|Port Adelaide Power,1999-04-18,1999,45948.0,26.0,45372.0,2.0,45801,109
1999-04-23|5|Richmond Tigers|Western Bulldogs,1999-04-23,1999,45957.0,32.0,45440.0,5.0,45486,114
1999-04-24|5|Carlton Blues|Geelong Cats,1999-04-24,1999,45823.0,32.0,45758.0,4.0,45748,132
1999-04-24|5|Hawthorn Hawks|West Coast Eagles,1999-04-24,1999,45450.0,35.0,45460.0,6.0,45450,116
1999-04-24|5|Melbourne Demons|Port Adelaide Power,1999-04-24,1999,45668.0,27.0,45770.0,6.0,45528,100
1999-04-24|5|North Melbourne Kangaroos|St Kilda Saints,1999-04-24,1999,45577.0,35.0,45588.0,4.0,45346,122
1999-04-25|5|Adelaide Crows|Sydney Swans,1999-04-25,1999,45636.0,33.0,45902.0,6.0,45622,129
1999-04-25|5|Brisbane Lions|Fremantle Dockers,1999-04-25,1999,45325.0,27.0,45754.0,5.0,45379,101
1999-04-25|5|Collingwood Magpies|Essendon Bombers,1999-04-25,1999,45742.0,29.0,45677.0,6.0,45742,120
1999-04-30|6|Carlton Blues|St Kilda Saints,1999-04-30,1999,45577.0,36.0,45879.0,3.0,45393,136
1999-05-01|6|Brisbane Lions|Melbourne Demons,1999-05-01,1999,45316.0,28.0,45341.0,3.0,45591,130
1999-05-01|6|Essendon Bombers|Richmond Tigers,1999-05-01,1999,45377.0,27.0,45833.0,4.0,45589,105
1999-05-01|6|Geelong Cats|Hawthorn Hawks,1999-05-01,1999,45829.0,29.0,45758.0,4.0,45829,111
1999-05-01|6|West Coast Eagles|Western Bulldogs,1999-05-01,1999,45445.0,32.0,45712.0,5.0,45712,111
1999-05-02|6|Adelaide Crows|Port Adelaide Power,1999-05-02,1999,45353.0,30.0,45843.0,5.0,45353,106
1999-05-02|6|Collingwood Magpies|North Melbourne Kangaroos,1999-05-02,1999,45395.0,30.0,45311.0,3.0,45395,121
1999-05-02|6|Fremantle Dockers|Sydney Swans,1999-05-02,1999,45451.0,31.0,45752.0,6.0,45451,101
1999-05-07|7|Carlton Blues|Richmond Tigers,1999-05-07,1999,45404.0,26.0,45664.0,5.0,45833,122
1999-05-08|7|Brisbane Lions|Collingwood Magpies,1999-05-08,1999,45395.0,30.0,45532.0,3.0,45665,110
1999-05-08|7|Essendon Bombers|Melbourne Demons,1999-05-08,1999,45750.0,28.0,45677.0,7.0,45939,101
1999-05-08|7|Port Adelaide Power|Western Bulldogs,1999-05-08,1999,45812.0,23.0,45925.0,4.0,45812,117
1999-05-08|7|St Kilda Saints|West Coast Eagles,1999-05-08,1999,45577.0,34.0,45563.0,3.0,45682,122
1999-05-09|7|Adelaide Crows|North Melbourne Kangaroos,1999-05-09,1999,45554.0,30.0,45877.0,6.0,45554,104
1999-05-09|7|Fremantle Dockers|Geelong Cats,1999-05-09,1999,45596.0,30.0,45752.0,6.0,45734,109
1999-05-09|7|Hawthorn Hawks|Sydney Swans,1999-05-09,1999,45450.0,33.0,45679.0,5.0,45450,105
1999-05-14|8|Essendon Bombers|St Kilda Saints,1999-05-14,1999,45577.0,32.0,45563.0,5.0,45563,102
1999-05-15|8|Carlton Blues|Port Adelaide Power,1999-05-15,1999,45823.0,35.0,45925.0,3.0,45925,122
1999-05-15|8|Collingwood Magpies|Fremantle Dockers,1999-05-15,1999,45391.0,26.0,45752.0,6.0,45391,111
1999-05-15|8|Hawthorn Hawks|North Melbourne Kangaroos,1999-05-15,1999,45881.0,33.0,45408.0,7.0,45881,122
1999-05-15|8|Melbourne Demons|Western Bulldogs,1999-05-15,1999,45624.0,28.0,45440.0,3.0,45957,104
1999-05-16|8|Adelaide Crows|West Coast Eagles,1999-05-16,1999,45835.0,36.0,45460.0,7.0,45835,125
1999-05-16|8|Brisbane Lions|Richmond Tigers,1999-05-16,1999,45865.0,25.0,45833.0,6.0,45833,128
1999-05-16|8|Geelong Cats|Sydney Swans,1999-05-16,1999,45801.0,27.0,45679.0,6.0,45854,104
1999-05-21|9|Collingwood Magpies|Western Bulldogs,1999-05-21,1999,45391.0,38.0,45607.0,5.0,45391,135
1999-05-22|9|Adelaide Crows|Richmond Tigers,1999-05-22,1999,45464.0,36.0,45403.0,3.0,45464,109
1999-05-22|9|Carlton Blues|Melbourne Demons,1999-05-22,1999,45380.0,24.0,45795.0,3.0,45319,109
1999-05-22|9|Essendon Bombers|Hawthorn Hawks,1999-05-22,1999,45818.0,28.0,45677.0,5.0,45759,115
1999-05-22|9|Fremantle Dockers|North Melbourne Kangaroos,1999-05-22,1999,45346.0,32.0,45554.0,5.0,45346,142
1999-05-23|9|Brisbane Lions|Geelong Cats,1999-05-23,1999,45865.0,35.0,45737.0,5.0,45865,153
1999-05-23|9|Port Adelaide Power|St Kilda Saints,1999-05-23,1999,45982.0,28.0,45563.0,4.0,45529,116
1999-05-23|9|Sydney Swans|West Coast Eagles,1999-05-23,1999,45862.0,34.0,45460.0,5.0,45711,137
1999-06-04|10|Adelaide Crows|Essendon Bombers,1999-06-04,1999,45750.0,31.0,45406.0,6.0,45406,100
1999-06-04|10|Fremantle Dockers|Melbourne Demons,1999-06-04,1999,45330.0,31.0,45752.0,10.0,45330,138
1999-06-05|10|Brisbane Lions|Western Bulldogs,1999-06-05,1999,45957.0,29.0,45359.0,2.0,45486,88
1999-06-05|10|Geelong Cats|St Kilda Saints,1999-06-05,1999,45917.0,30.0,45394.0,4.0,45508,125
1999-06-05|10|Hawthorn Hawks|Richmond Tigers,1999-06-05,1999,45833.0,29.0,45422.0,3.0,45833,146
1999-06-06|10|Carlton Blues|West Coast Eagles,1999-06-06,1999,45382.0,30.0,45460.0,8.0,45319,112
1999-06-06|10|Collingwood Magpies|Sydney Swans,1999-06-06,1999,45391.0,32.0,45679.0,9.0,45679,115
1999-06-06|10|North Melbourne Kangaroos|Port Adelaide Power,1999-06-06,1999,45392.0,33.0,45644.0,6.0,45392,110
1999-06-11|11|Essendon Bombers|Geelong Cats,1999-06-11,1999,45324.0,29.0,45677.0,5.0,45758,121
1999-06-12|11|Brisbane Lions|Carlton Blues,1999-06-12,1999,45654.0,25.0,45695.0,4.0,45654,119
1999-06-12|11|Port Adelaide Power|Richmond Tigers,1999-06-12,1999,45658.0,25.0,45403.0,1.0,45658,127
1999-06-12|11|St Kilda Saints|Sydney Swans,1999-06-12,1999,45577.0,36.0,45548.0,3.0,45548,135
1999-06-13|11|Adelaide Crows|Fremantle Dockers,1999-06-13,1999,45520.0,33.0,45599.0,4.0,45774,128
1999-06-13|11|Hawthorn Hawks|Western Bulldogs,1999-06-13,1999,45450.0,31.0,45553.0,3.0,45667,108
1999-06-14|11|Collingwood Magpies|Melbourne Demons,1999-06-14,1999,45662.0,27.0,45662.0,4.0,45662,125
1999-06-14|11|North Melbourne Kangaroos|West Coast Eagles,1999-06-14,1999,45554.0,30.0,45311.0,4.0,45554,123
1999-06-18|12|Geelong Cats|Richmond Tigers,1999-06-18,1999,45464.0,26.0,45833.0,6.0,45833,132
1999-06-19|12|Adelaide Crows|Collingwood Magpies,1999-06-19,1999,45662.0,33.0,45622.0,5.0,45733,134
1999-06-19|12|Brisbane Lions|Essendon Bombers,1999-06-19,1999,45750.0,25.0,45417.0,3.0,45417,107
1999-06-19|12|Fremantle Dockers|Western Bulldogs,1999-06-19,1999,45520.0,31.0,45952.0,5.0,45756,110
1999-06-19|12|Hawthorn Hawks|St Kilda Saints,1999-06-19,1999,45577.0,32.0,45600.0,5.0,45600,117
1999-06-20|12|Carlton Blues|Sydney Swans,1999-06-20,1999,45404.0,30.0,45714.0,3.0,45636,113
1999-06-20|12|Melbourne Demons|North Melbourne Kangaroos,1999-06-20,1999,45668.0,34.0,45408.0,4.0,45408,123
1999-06-20|12|Port Adelaide Power|West Coast Eagles,1999-06-20,1999,45711.0,30.0,45460.0,4.0,45711,117
1999-06-25|13|Essendon Bombers|Western Bulldogs,1999-06-25,1999,45553.0,26.0,45887.0,5.0,45553,109
1999-06-26|13|Carlton Blues|North Melbourne Kangaroos,1999-06-26,1999,45823.0,33.0,45965.0,4.0,45899,118
1999-06-26|13|Collingwood Magpies|St Kilda Saints,1999-06-26,1999,45391.0,33.0,45386.0,4.0,45391,133
1999-06-26|13|Geelong Cats|West Coast Eagles,1999-06-26,1999,45876.0,28.0,45394.0,5.0,45394,113
1999-06-26|13|Hawthorn Hawks|Port Adelaide Power,1999-06-26,1999,45914.0,24.0,45433.0,3.0,45904,95
1999-06-27|13|Adelaide Crows|Melbourne Demons,1999-06-27,1999,45668.0,30.0,45622.0,9.0,45622,118
1999-06-27|13|Brisbane Lions|Sydney Swans,1999-06-27,1999,45862.0,29.0,45679.0,4.0,45862,122
1999-06-27|13|Fremantle Dockers|Richmond Tigers,1999-06-27,1999,45403.0,33.0,45833.0,6.0,45833,153
1999-07-02|14|Collingwood Magpies|Port Adelaide Power,1999-07-02,1999,45391.0,39.0,45532.0,4.0,45391,160
1999-07-03|14|Brisbane Lions|North Melbourne Kangaroos,1999-07-03,1999,45359.0,31.0,45729.0,4.0,45729,135
1999-07-03|14|Melbourne Demons|West Coast Eagles,1999-07-03,1999,45382.0,31.0,45460.0,4.0,45382,112
1999-07-03|14|Richmond Tigers|St Kilda Saints,1999-07-03,1999,45917.0,26.0,45563.0,6.0,45377,106
1999-07-04|14|Adelaide Crows|Geelong Cats,1999-07-04,1999,45618.0,34.0,45622.0,6.0,45675,126
1999-07-04|14|Carlton Blues|Hawthorn Hawks,1999-07-04,1999,45450.0,33.0,45965.0,4.0,45965,117
1999-07-04|14|Essendon Bombers|Fremantle Dockers,1999-07-04,1999,45520.0,29.0,45317.0,3.0,45734,120
1999-07-04|14|Sydney Swans|Western Bulldogs,1999-07-04,1999,45624.0,31.0,45553.0,3.0,45624,111
1999-07-09|15|Richmond Tigers|West Coast Eagles,1999-07-09,1999,45403.0,41.0,45833.0,6.0,45403,136
1999-07-10|15|Adelaide Crows|Carlton Blues,1999-07-10,1999,45766.0,37.0,45795.0,5.0,45766,133
1999-07-10|15|Brisbane Lions|Hawthorn Hawks,1999-07-10,1999,45450.0,38.0,45453.0,4.0,45450,141
1999-07-10|15|Collingwood Magpies|Geelong Cats,1999-07-10,1999,45391.0,37.0,45845.0,7.0,45324,150
1999-07-10|15|Fremantle Dockers|St Kilda Saints,1999-07-10,1999,45917.0,33.0,45752.0,5.0,45917,113
1999-07-10|15|Melbourne Demons|Sydney Swans,1999-07-10,1999,45451.0,31.0,45315.0,4.0,45901,162
1999-07-11|15|Essendon Bombers|Port Adelaide Power,1999-07-11,1999,45528.0,28.0,45534.0,3.0,45925,95
1999-07-11|15|North Melbourne Kangaroos|Western Bulldogs,1999-07-11,1999,45309.0,29.0,45553.0,6.0,45624,123
1999-07-16|16|Melbourne Demons|Richmond Tigers,1999-07-16,1999,45403.0,25.0,45833.0,7.0,45403,109
1999-07-17|16|Adelaide Crows|Western Bulldogs,1999-07-17,1999,45957.0,26.0,45440.0,5.0,45622,90
1999-07-17|16|Brisbane Lions|St Kilda Saints,1999-07-17,1999,45359.0,28.0,45563.0,3.0,45359,121
1999-07-17|16|Geelong Cats|North Melbourne Kangaroos,1999-07-17,1999,45346.0,33.0,45408.0,9.0,45408,139
1999-07-18|16|Carlton Blues|Essendon Bombers,1999-07-18,1999,45766.0,30.0,45404.0,4.0,45742,126
1999-07-18|16|Collingwood Magpies|Hawthorn Hawks,1999-07-18,1999,45391.0,43.0,45687.0,4.0,45391,161
1999-07-18|16|Fremantle Dockers|West Coast Eagles,1999-07-18,1999,45520.0,39.0,45752.0,6.0,45520,133
1999-07-18|16|Port Adelaide Power|Sydney Swans,1999-07-18,1999,45862.0,27.0,45679.0,4.0,45862,104
1999-07-23|17|Melbourne Demons|St Kilda Saints,1999-07-23,1999,45917.0,28.0,45508.0,5.0,45508,110
1999-07-24|17|Essendon Bombers|North Melbourne Kangaroos,1999-07-24,1999,45346.0,27.0,45408.0,10.0,45408,161
1999-07-24|17|Fremantle Dockers|Port Adelaide Power,1999-07-24,1999,45520.0,28.0,45481.0,3.0,45392,115
1999-07-24|17|Geelong Cats|Western Bulldogs,1999-07-24,1999,45957.0,33.0,45440.0,3.0,45957,108
1999-07-24|17|Richmond Tigers|Sydney Swans,1999-07-24,1999,45451.0,34.0,45679.0,6.0,45862,113
1999-07-25|17|Adelaide Crows|Hawthorn Hawks,1999-07-25,1999,45450.0,41.0,45501.0,4.0,45450,150
1999-07-25|17|Brisbane Lions|West Coast Eagles,1999-07-25,1999,45325.0,39.0,45754.0,5.0,45325,136
1999-07-25|17|Carlton Blues|Collingwood Magpies,1999-07-25,1999,45654.0,34.0,45342.0,8.0,45342,150
1999-07-30|18|North Melbourne Kangaroos|Richmond Tigers,1999-07-30,1999,45403.0,31.0,45320.0,3.0,45403,112
1999-07-31|18|Adelaide Crows|St Kilda Saints,1999-07-31,1999,45627.0,29.0,45396.0,4.0,45396,116
1999-07-31|18|Collingwood Magpies|West Coast Eagles,1999-07-31,1999,45835.0,31.0,45460.0,7.0,45835,115
1999-07-31|18|Essendon Bombers|Sydney Swans,1999-07-31,1999,45862.0,33.0,45352.0,4.0,45862,103
1999-07-31|18|Geelong Cats|Melbourne Demons,1999-07-31,1999,45949.0,29.0,45770.0,6.0,45975,105
1999-08-01|18|Brisbane Lions|Port Adelaide Power,1999-08-01,1999,45325.0,29.0,45417.0,3.0,45865,121
1999-08-01|18|Carlton Blues|Western Bulldogs,1999-08-01,1999,45624.0,26.0,45440.0,6.0,45319,133
1999-08-01|18|Fremantle Dockers|Hawthorn Hawks,1999-08-01,1999,45450.0,41.0,45600.0,3.0,45926,133
1999-08-06|19|Essendon Bombers|West Coast Eagles,1999-08-06,1999,45750.0,33.0,45317.0,4.0,45317,124
1999-08-07|19|Carlton Blues|Fremantle Dockers,1999-08-07,1999,45520.0,33.0,45965.0,4.0,45766,159
1999-08-07|19|Collingwood Magpies|Richmond Tigers,1999-08-07,1999,45403.0,37.0,45844.0,4.0,45391,135
1999-08-07|19|Geelong Cats|Port Adelaide Power,1999-08-07,1999,45324.0,26.0,45741.0,3.0,45889,113
1999-08-07|19|North Melbourne Kangaroos|Sydney Swans,1999-08-07,1999,45451.0,36.0,45408.0,4.0,45451,111
1999-08-08|19|Adelaide Crows|Brisbane Lions,1999-08-08,1999,45325.0,32.0,45737.0,4.0,45813,110
1999-08-08|19|Hawthorn Hawks|Melbourne Demons,1999-08-08,1999,45511.0,33.0,45687.0,6.0,45962,130
1999-08-08|19|St Kilda Saints|Western Bulldogs,1999-08-08,1999,45577.0,45.0,45542.0,4.0,45577,178
1999-08-13|20|Collingwood Magpies|Essendon Bombers,1999-08-13,1999,45391.0,37.0,45532.0,3.0,45391,136
1999-08-14|20|Hawthorn Hawks|West Coast Eagles,1999-08-14,1999,45450.0,32.0,45460.0,4.0,45450,115
1999-08-14|20|Melbourne Demons|Port Adelaide Power,1999-08-14,1999,45834.0,30.0,45423.0,2.0,45834,111
1999-08-14|20|North Melbourne Kangaroos|St Kilda Saints,1999-08-14,1999,45393.0,37.0,45408.0,5.0,45408,134
1999-08-14|20|Richmond Tigers|Western Bulldogs,1999-08-14,1999,45403.0,31.0,45607.0,4.0,45403,115
1999-08-15|20|Adelaide Crows|Sydney Swans,1999-08-15,1999,45451.0,33.0,45679.0,8.0,45862,142
1999-08-15|20|Brisbane Lions|Fremantle Dockers,1999-08-15,1999,45325.0,30.0,45754.0,5.0,45325,119
1999-08-15|20|Carlton Blues|Geelong Cats,1999-08-15,1999,45766.0,29.0,45319.0,3.0,45319,143
1999-08-20|21|Essendon Bombers|Richmond Tigers,1999-08-20,1999,45377.0,28.0,45677.0,6.0,45677,122
1999-08-21|21|Brisbane Lions|Melbourne Demons,1999-08-21,1999,45511.0,28.0,45775.0,6.0,45975,106
1999-08-21|21|Carlton Blues|St Kilda Saints,1999-08-21,1999,45385.0,37.0,45567.0,3.0,45385,127
1999-08-21|21|Fremantle Dockers|Sydney Swans,1999-08-21,1999,45451.0,32.0,45679.0,5.0,45679,112
1999-08-21|21|Geelong Cats|Hawthorn Hawks,1999-08-21,1999,45450.0,28.0,45600.0,5.0,45450,124
1999-08-22|21|Adelaide Crows|Port Adelaide Power,1999-08-22,1999,45529.0,31.0,45433.0,4.0,45437,121
1999-08-22|21|Collingwood Magpies|North Melbourne Kangaroos,1999-08-22,1999,45346.0,23.0,45956.0,4.0,45970,100
1999-08-22|21|West Coast Eagles|Western Bulldogs,1999-08-22,1999,45445.0,32.0,45460.0,6.0,45445,121
1999-08-27|22|Carlton Blues|Richmond Tigers,1999-08-27,1999,45380.0,30.0,45965.0,4.0,45319,121
1999-08-28|22|Brisbane Lions|Collingwood Magpies,1999-08-28,1999,45391.0,28.0,45695.0,4.0,45391,98
1999-08-28|22|Essendon Bombers|Melbourne Demons,1999-08-28,1999,45531.0,27.0,45317.0,4.0,45317,104
1999-08-28|22|Port Adelaide Power|Western Bulldogs,1999-08-28,1999,45887.0,33.0,45607.0,5.0,45887,129
1999-08-28|22|St Kilda Saints|West Coast Eagles,1999-08-28,1999,45917.0,36.0,45588.0,4.0,45577,117
1999-08-29|22|Adelaide Crows|North Melbourne Kangaroos,1999-08-29,1999,45353.0,32.0,45408.0,4.0,45353,123
1999-08-29|22|Fremantle Dockers|Geelong Cats,1999-08-29,1999,45599.0,25.0,45599.0,3.0,45330,112
1999-08-29|22|Hawthorn Hawks|Sydney Swans,1999-08-29,1999,45862.0,33.0,45919.0,6.0,45600,132
1999-09-03|QF|West Coast Eagles|Western Bulldogs,1999-09-03,1999,45616.0,28.0,45460.0,4.0,45467,113
1999-09-04|QF|Brisbane Lions|Carlton Blues,1999-09-04,1999,45404.0,31.0,45695.0,4.0,45325,127
1999-09-04|QF|North Melbourne Kangaroos|Port Adelaide Power,1999-09-04,1999,45899.0,34.0,45408.0,6.0,45408,143
1999-09-05|QF|Essendon Bombers|Sydney Swans,1999-09-05,1999,45750.0,30.0,45677.0,5.0,45677,106
1999-09-11|SF|Brisbane Lions|Western Bulldogs,1999-09-11,1999,45316.0,27.0,45553.0,4.0,45316,122
1999-09-11|SF|Carlton Blues|West Coast Eagles,1999-09-11,1999,45823.0,29.0,45460.0,3.0,45965,120
1999-09-17|PF|Brisbane Lions|North Melbourne Kangaroos,1999-09-17,1999,45325.0,31.0,45408.0,3.0,45729,127
1999-09-18|PF|Carlton Blues|Essendon Bombers,1999-09-18,1999,45654.0,29.0,45677.0,5.0,45654,129
1999-09-25|GF|Carlton Blues|North Melbourne Kangaroos,1999-09-25,1999,45346.0,31.0,45346.0,4.0,45346,133
2000-03-08|1|Melbourne Demons|Richmond Tigers,2000-03-08,2000,45403.0,29.0,45598.0,3.0,45962,104
2000-03-09|1|Essendon Bombers|Port Adelaide Power,2000-03-09,2000,45529.0,33.0,45677.0,7.0,45529,106
2000-03-10|1|North Melbourne Kangaroos|West Coast Eagles,2000-03-10,2000,45445.0,33.0,45712.0,6.0,45711,136
2000-03-11|1|Adelaide Crows|Western Bulldogs,2000-03-11,2000,45309.0,33.0,45553.0,5.0,45553,130
2000-03-11|1|Fremantle Dockers|Geelong Cats,2000-03-11,2000,45520.0,33.0,45752.0,5.0,45520,108
2000-03-12|1|St Kilda Saints|Sydney Swans,2000-03-12,2000,45783.0,31.0,45751.0,5.0,45783,153
2000-03-13|1|Brisbane Lions|Carlton Blues,2000-03-13,2000,45404.0,36.0,45664.0,5.0,45380,119
2000-03-13|1|Collingwood Magpies|Hawthorn Hawks,2000-03-13,2000,45391.0,31.0,45600.0,6.0,45391,147
2000-03-16|2|Essendon Bombers|Richmond Tigers,2000-03-16,2000,45377.0,29.0,45677.0,7.0,45677,131
2000-03-17|2|Melbourne Demons|North Melbourne Kangaroos,2000-03-17,2000,45346.0,35.0,45440.0,6.0,45346,119
2000-03-18|2|Fremantle Dockers|Port Adelaide Power,2000-03-18,2000,45694.0,29.0,45752.0,4.0,45694,105
2000-03-18|2|Geelong Cats|St Kilda Saints,2000-03-18,2000,45596.0,26.0,45508.0,9.0,45508,159
2000-03-19|2|Adelaide Crows|Collingwood Magpies,2000-03-19,2000,45391.0,31.0,45845.0,5.0,45391,127
2000-03-19|2|Brisbane Lions|Western Bulldogs,2000-03-19,2000,45359.0,26.0,45381.0,7.0,45381,109
2000-03-19|2|Carlton Blues|Hawthorn Hawks,2000-03-19,2000,45404.0,36.0,45600.0,6.0,45404,155
2000-03-19|2|Sydney Swans|West Coast Eagles,2000-03-19,2000,45862.0,35.0,45544.0,2.0,45862,153
2000-03-24|3|North Melbourne Kangaroos|Richmond Tigers,2000-03-24,2000,45594.0,30.0,45833.0,4.0,45833,124
2000-03-25|3|Adelaide Crows|Geelong Cats,2000-03-25,2000,45830.0,32.0,45394.0,4.0,45642,107
2000-03-25|3|Brisbane Lions|Hawthorn Hawks,2000-03-25,2000,45450.0,29.0,45332.0,4.0,45570,103
2000-03-25|3|St Kilda Saints|West Coast Eagles,2000-03-25,2000,45577.0,33.0,45508.0,7.0,45682,118
2000-03-26|3|Carlton Blues|Collingwood Magpies,2000-03-26,2000,45391.0,34.0,45845.0,6.0,45965,142
2000-03-26|3|Essendon Bombers|Fremantle Dockers,2000-03-26,2000,45520.0,28.0,45752.0,5.0,45441,114
2000-03-26|3|Melbourne Demons|Sydney Swans,2000-03-26,2000,45975.0,31.0,46097.0,4.0,45862,119
2000-03-26|3|Port Adelaide Power|Western Bulldogs,2000-03-26,2000,45957.0,31.0,45553.0,7.0,45553,115
2000-03-31|4|Geelong Cats|North Melbourne Kangaroos,2000-03-31,2000,45876.0,35.0,45576.0,3.0,45876,133
2000-04-01|4|Adelaide Crows|West Coast Eagles,2000-04-01,2000,45353.0,33.0,45460.0,14.0,45460,181
2000-04-01|4|Carlton Blues|Western Bulldogs,2000-04-01,2000,45404.0,29.0,45337.0,5.0,45404,105
2000-04-01|4|Collingwood Magpies|Sydney Swans,2000-04-01,2000,45862.0,32.0,45895.0,4.0,45970,130
2000-04-01|4|Essendon Bombers|Hawthorn Hawks,2000-04-01,2000,45450.0,31.0,45692.0,5.0,45595,134
2000-04-02|4|Brisbane Lions|Port Adelaide Power,2000-04-02,2000,45359.0,35.0,45392.0,5.0,45359,129
2000-04-02|4|Fremantle Dockers|Richmond Tigers,2000-04-02,2000,45520.0,26.0,45752.0,7.0,45752,132
2000-04-02|4|Melbourne Demons|St Kilda Saints,2000-04-02,2000,45577.0,36.0,45509.0,5.0,45975,115
2000-04-07|5|Collingwood Magpies|Western Bulldogs,2000-04-07,2000,45957.0,29.0,45463.0,4.0,45391,123
2000-04-08|5|Adelaide Crows|Brisbane Lions,2000-04-08,2000,45830.0,29.0,45695.0,5.0,45941,110
2000-04-08|5|Carlton Blues|Essendon Bombers,2000-04-08,2000,45654.0,33.0,45965.0,4.0,45965,161
2000-04-08|5|Fremantle Dockers|Melbourne Demons,2000-04-08,2000,45975.0,33.0,45752.0,5.0,45975,120
2000-04-09|5|Geelong Cats|West Coast Eagles,2000-04-09,2000,45445.0,28.0,45741.0,6.0,45741,114
2000-04-09|5|Hawthorn Hawks|Port Adelaide Power,2000-04-09,2000,45450.0,29.0,45453.0,6.0,45552,121
2000-04-09|5|North Melbourne Kangaroos|Sydney Swans,2000-04-09,2000,45346.0,35.0,45554.0,4.0,45408,137
2000-04-09|5|Richmond Tigers|St Kilda Saints,2000-04-09,2000,45377.0,34.0,45508.0,5.0,45377,131
2000-04-14|6|Essendon Bombers|Western Bulldogs,2000-04-14,2000,45957.0,29.0,45692.0,6.0,45467,120
2000-04-15|6|Brisbane Lions|St Kilda Saints,2000-04-15,2000,45982.0,28.0,45381.0,3.0,45508,101
2000-04-15|6|Carlton Blues|Port Adelaide Power,2000-04-15,2000,45404.0,45.0,45823.0,6.0,45823,150
2000-04-15|6|Collingwood Magpies|North Melbourne Kangaroos,2000-04-15,2000,45391.0,30.0,45408.0,4.0,45408,142
2000-04-15|6|Fremantle Dockers|West Coast Eagles,2000-04-15,2000,45382.0,27.0,45460.0,10.0,45460,132
2000-04-16|6|Adelaide Crows|Hawthorn Hawks,2000-04-16,2000,45549.0,30.0,45622.0,5.0,45622,112
2000-04-16|6|Geelong Cats|Melbourne Demons,2000-04-16,2000,45975.0,28.0,45509.0,4.0,45975,116
2000-04-16|6|Richmond Tigers|Sydney Swans,2000-04-16,2000,45635.0,25.0,45548.0,5.0,45693,102
2000-04-22|7|Geelong Cats|Sydney Swans,2000-04-22,2000,45862.0,31.0,45329.0,4.0,45862,132
2000-04-22|7|Hawthorn Hawks|Western Bulldogs,2000-04-22,2000,45849.0,30.0,45919.0,6.0,45624,115
2000-04-22|7|North Melbourne Kangaroos|St Kilda Saints,2000-04-22,2000,45576.0,38.0,45588.0,6.0,45576,141
2000-04-23|7|Adelaide Crows|Port Adelaide Power,2000-04-23,2000,45830.0,41.0,45830.0,4.0,45830,153
2000-04-23|7|Melbourne Demons|West Coast Eagles,2000-04-23,2000,45668.0,30.0,45509.0,7.0,45668,121
2000-04-24|7|Carlton Blues|Richmond Tigers,2000-04-24,2000,45654.0,31.0,45513.0,3.0,45654,112
2000-04-25|7|Brisbane Lions|Fremantle Dockers,2000-04-25,2000,45441.0,30.0,45754.0,4.0,45366,127
2000-04-25|7|Collingwood Magpies|Essendon Bombers,2000-04-25,2000,45777.0,32.0,45692.0,6.0,45391,149
2000-04-28|8|Hawthorn Hawks|North Melbourne Kangaroos,2000-04-28,2000,45978.0,33.0,45453.0,3.0,45552,127
2000-04-29|8|Adelaide Crows|St Kilda Saints,2000-04-29,2000,45733.0,31.0,45508.0,3.0,45843,113
2000-04-29|8|West Coast Eagles|Western Bulldogs,2000-04-29,2000,45445.0,34.0,45607.0,4.0,45637,129
2000-04-30|8|Carlton Blues|Sydney Swans,2000-04-30,2000,45654.0,39.0,45319.0,2.0,45654,157
2000-04-30|8|Geelong Cats|Richmond Tigers,2000-04-30,2000,45377.0,30.0,45847.0,5.0,45377,129
2000-04-30|8|Melbourne Demons|Port Adelaide Power,2000-04-30,2000,45975.0,33.0,45860.0,4.0,45975,127
2000-05-01|8|Brisbane Lions|Essendon Bombers,2000-05-01,2000,45742.0,29.0,45677.0,5.0,45742,103
2000-05-01|8|Collingwood Magpies|Fremantle Dockers,2000-05-01,2000,45673.0,29.0,45952.0,4.0,45844,112
2000-05-05|9|St Kilda Saints|Western Bulldogs,2000-05-05,2000,45957.0,38.0,45553.0,3.0,45957,133
2000-05-06|9|Adelaide Crows|North Melbourne Kangaroos,2000-05-06,2000,45830.0,34.0,45408.0,6.0,45408,131
2000-05-06|9|Geelong Cats|Hawthorn Hawks,2000-05-06,2000,45640.0,29.0,45324.0,3.0,45600,121
2000-05-06|9|Richmond Tigers|West Coast Eagles,2000-05-06,2000,45637.0,30.0,45598.0,4.0,45598,115
2000-05-07|9|Brisbane Lions|Collingwood Magpies,2000-05-07,2000,45391.0,40.0,45813.0,6.0,45391,141
2000-05-07|9|Carlton Blues|Fremantle Dockers,2000-05-07,2000,45823.0,34.0,45952.0,6.0,45654,142
2000-05-07|9|Essendon Bombers|Melbourne Demons,2000-05-07,2000,45595.0,35.0,45677.0,6.0,45595,148
2000-05-07|9|Port Adelaide Power|Sydney Swans,2000-05-07,2000,45451.0,31.0,45315.0,5.0,45895,109
2000-05-12|10|Hawthorn Hawks|West Coast Eagles,2000-05-12,2000,45637.0,38.0,45460.0,5.0,45382,136
2000-05-13|10|Carlton Blues|St Kilda Saints,2000-05-13,2000,45577.0,36.0,45664.0,4.0,45654,137
2000-05-13|10|Collingwood Magpies|Richmond Tigers,2000-05-13,2000,45377.0,31.0,45403.0,3.0,45912,125
2000-05-13|10|Geelong Cats|Port Adelaide Power,2000-05-13,2000,45529.0,24.0,45443.0,3.0,45443,95
2000-05-14|10|Adelaide Crows|Essendon Bombers,2000-05-14,2000,45830.0,37.0,45683.0,6.0,45683,118
2000-05-14|10|Fremantle Dockers|North Melbourne Kangaroos,2000-05-14,2000,45346.0,25.0,45408.0,7.0,45408,149
2000-05-14|10|Sydney Swans|Western Bulldogs,2000-05-14,2000,45624.0,31.0,45553.0,7.0,45553,137
2000-05-15|10|Brisbane Lions|Melbourne Demons,2000-05-15,2000,45770.0,31.0,45695.0,6.0,45770,129
2000-05-19|11|Port Adelaide Power|St Kilda Saints,2000-05-19,2000,45577.0,28.0,45563.0,6.0,45682,167
2000-05-20|11|Carlton Blues|North Melbourne Kangaroos,2000-05-20,2000,45654.0,38.0,45654.0,5.0,45654,154
2000-05-20|11|Essendon Bombers|Geelong Cats,2000-05-20,2000,45821.0,31.0,45677.0,7.0,45677,124
2000-05-20|11|Fremantle Dockers|Western Bulldogs,2000-05-20,2000,45957.0,31.0,45607.0,6.0,45849,111
2000-05-20|11|Hawthorn Hawks|Richmond Tigers,2000-05-20,2000,45403.0,29.0,45453.0,3.0,45464,121
2000-05-21|11|Adelaide Crows|Melbourne Demons,2000-05-21,2000,45668.0,26.0,45937.0,5.0,45841,116
2000-05-21|11|Brisbane Lions|Sydney Swans,2000-05-21,2000,45451.0,37.0,45695.0,5.0,45451,127
2000-05-21|11|Collingwood Magpies|West Coast Eagles,2000-05-21,2000,45673.0,31.0,45544.0,5.0,45711,109
2000-05-26|12|Essendon Bombers|St Kilda Saints,2000-05-26,2000,45577.0,34.0,45677.0,6.0,45677,140
2000-05-27|12|Adelaide Crows|Sydney Swans,2000-05-27,2000,45733.0,33.0,45501.0,2.0,45733,144
2000-05-27|12|Brisbane Lions|Richmond Tigers,2000-05-27,2000,45403.0,27.0,45813.0,5.0,45403,114
2000-05-27|12|Collingwood Magpies|Geelong Cats,2000-05-27,2000,45642.0,30.0,45604.0,5.0,45642,127
2000-05-27|12|Fremantle Dockers|Hawthorn Hawks,2000-05-27,2000,45520.0,26.0,45450.0,3.0,45600,118
2000-05-28|12|Carlton Blues|West Coast Eagles,2000-05-28,2000,45823.0,35.0,45404.0,3.0,45823,134
2000-05-28|12|Melbourne Demons|Western Bulldogs,2000-05-28,2000,45957.0,33.0,45887.0,5.0,45957,117
2000-05-28|12|North Melbourne Kangaroos|Port Adelaide Power,2000-05-28,2000,45528.0,28.0,45408.0,5.0,45361,122
2000-06-02|13|Adelaide Crows|Richmond Tigers,2000-06-02,2000,45549.0,26.0,45937.0,6.0,45549,122
2000-06-03|13|Brisbane Lions|West Coast Eagles,2000-06-03,2000,45665.0,31.0,45381.0,7.0,45665,123
2000-06-03|13|Carlton Blues|Melbourne Demons,2000-06-03,2000,45380.0,32.0,45593.0,5.0,45654,125
2000-06-03|13|Collingwood Magpies|Port Adelaide Power,2000-06-03,2000,45391.0,28.0,45386.0,3.0,45391,105
2000-06-04|13|Essendon Bombers|North Melbourne Kangaroos,2000-06-04,2000,45750.0,36.0,45663.0,3.0,45595,127
2000-06-04|13|Fremantle Dockers|St Kilda Saints,2000-06-04,2000,45577.0,31.0,45878.0,4.0,45441,119
2000-06-04|13|Geelong Cats|Western Bulldogs,2000-06-04,2000,45957.0,33.0,45498.0,7.0,45498,111
2000-06-04|13|Hawthorn Hawks|Sydney Swans,2000-06-04,2000,45862.0,35.0,45783.0,5.0,45333,120
2000-06-09|14|Brisbane Lions|North Melbourne Kangaroos,2000-06-09,2000,45325.0,28.0,45408.0,5.0,45408,128
2000-06-10|14|Collingwood Magpies|Melbourne Demons,2000-06-10,2000,45983.0,35.0,45509.0,9.0,45983,138
2000-06-10|14|Port Adelaide Power|West Coast Eagles,2000-06-10,2000,45761.0,31.0,45505.0,4.0,45756,111
2000-06-11|14|Adelaide Crows|Fremantle Dockers,2000-06-11,2000,45830.0,30.0,45622.0,4.0,45501,118
2000-06-11|14|Carlton Blues|Geelong Cats,2000-06-11,2000,45654.0,29.0,45965.0,6.0,45965,135
2000-06-11|14|Essendon Bombers|Sydney Swans,2000-06-11,2000,45451.0,29.0,45677.0,4.0,45773,117
2000-06-11|14|Hawthorn Hawks|St Kilda Saints,2000-06-11,2000,45450.0,36.0,45453.0,5.0,45450,120
2000-06-12|14|Richmond Tigers|Western Bulldogs,2000-06-12,2000,45309.0,28.0,45537.0,5.0,45537,126
2000-06-16|15|Collingwood Magpies|St Kilda Saints,2000-06-16,2000,45391.0,35.0,45631.0,3.0,45530,124
2000-06-17|15|Adelaide Crows|Carlton Blues,2000-06-17,2000,45823.0,31.0,45965.0,6.0,45823,119
2000-06-17|15|Brisbane Lions|Geelong Cats,2000-06-17,2000,45665.0,33.0,45381.0,4.0,45665,125
2000-06-17|15|Essendon Bombers|West Coast Eagles,2000-06-17,2000,45489.0,30.0,45712.0,4.0,45489,122
2000-06-17|15|Hawthorn Hawks|Melbourne Demons,2000-06-17,2000,45834.0,30.0,45509.0,7.0,45983,135
2000-06-18|15|Fremantle Dockers|Sydney Swans,2000-06-18,2000,45441.0,27.0,45952.0,5.0,45456,100
2000-06-18|15|North Melbourne Kangaroos|Western Bulldogs,2000-06-18,2000,45486.0,33.0,45624.0,5.0,45486,119
2000-06-18|15|Port Adelaide Power|Richmond Tigers,2000-06-18,2000,45377.0,28.0,45948.0,4.0,45377,101
2000-06-23|16|Collingwood Magpies|Hawthorn Hawks,2000-06-23,2000,45391.0,36.0,45487.0,6.0,45391,151
2000-06-24|16|Essendon Bombers|Port Adelaide Power,2000-06-24,2000,45620.0,27.0,45677.0,3.0,45677,105
2000-06-24|16|Fremantle Dockers|Geelong Cats,2000-06-24,2000,45520.0,34.0,45741.0,4.0,45520,128
2000-06-24|16|Melbourne Demons|Richmond Tigers,2000-06-24,2000,45719.0,33.0,45384.0,3.0,45719,118
2000-06-24|16|St Kilda Saints|Sydney Swans,2000-06-24,2000,45764.0,28.0,45563.0,5.0,45713,115
2000-06-25|16|Adelaide Crows|Western Bulldogs,2000-06-25,2000,45733.0,33.0,45309.0,6.0,45733,135
2000-06-25|16|Brisbane Lions|Carlton Blues,2000-06-25,2000,45823.0,34.0,45965.0,9.0,45965,158
2000-06-25|16|North Melbourne Kangaroos|West Coast Eagles,2000-06-25,2000,45576.0,32.0,45311.0,4.0,45576,121
2000-06-30|17|Geelong Cats|St Kilda Saints,2000-06-30,2000,45393.0,28.0,45357.0,4.0,45682,146
2000-07-01|17|Essendon Bombers|Richmond Tigers,2000-07-01,2000,45403.0,24.0,45317.0,5.0,45317,131
2000-07-01|17|Fremantle Dockers|Port Adelaide Power,2000-07-01,2000,45620.0,29.0,45620.0,3.0,45620,120
2000-07-01|17|Melbourne Demons|North Melbourne Kangaroos,2000-07-01,2000,45834.0,37.0,45408.0,5.0,45834,145
2000-07-02|17|Adelaide Crows|Collingwood Magpies,2000-07-02,2000,45391.0,38.0,45345.0,5.0,45391,158
2000-07-02|17|Brisbane Lions|Western Bulldogs,2000-07-02,2000,45941.0,28.0,45381.0,5.0,45775,114
2000-07-02|17|Carlton Blues|Hawthorn Hawks,2000-07-02,2000,45523.0,26.0,45654.0,4.0,45654,118
2000-07-02|17|Sydney Swans|West Coast Eagles,2000-07-02,2000,45713.0,36.0,45451.0,4.0,45451,135
2000-07-07|18|Essendon Bombers|Fremantle Dockers,2000-07-07,2000,45750.0,37.0,45677.0,9.0,45677,162
2000-07-08|18|Adelaide Crows|Geelong Cats,2000-07-08,2000,45437.0,32.0,45394.0,4.0,45437,145
2000-07-08|18|Melbourne Demons|Sydney Swans,2000-07-08,2000,45451.0,30.0,45509.0,4.0,45451,130
2000-07-08|18|North Melbourne Kangaroos|Richmond Tigers,2000-07-08,2000,45346.0,31.0,45361.0,4.0,45346,113
2000-07-08|18|St Kilda Saints|West Coast Eagles,2000-07-08,2000,45637.0,35.0,45712.0,5.0,45616,136
2000-07-09|18|Brisbane Lions|Hawthorn Hawks,2000-07-09,2000,45665.0,28.0,45332.0,3.0,45600,131
2000-07-09|18|Carlton Blues|Collingwood Magpies,2000-07-09,2000,45391.0,33.0,45603.0,5.0,45965,119
2000-07-09|18|Port Adelaide Power|Western Bulldogs,2000-07-09,2000,45957.0,38.0,45443.0,5.0,45957,134
2000-07-14|19|Adelaide Crows|West Coast Eagles,2000-07-14,2000,45445.0,32.0,45733.0,4.0,45549,137
2000-07-14|19|Geelong Cats|North Melbourne Kangaroos,2000-07-14,2000,45596.0,29.0,45729.0,8.0,45729,153
2000-07-15|19|Carlton Blues|Western Bulldogs,2000-07-15,2000,45404.0,34.0,45542.0,6.0,45823,129
2000-07-15|19|Essendon Bombers|Hawthorn Hawks,2000-07-15,2000,45450.0,33.0,45919.0,6.0,45692,130
2000-07-16|19|Brisbane Lions|Port Adelaide Power,2000-07-16,2000,45904.0,33.0,45381.0,5.0,45316,117
2000-07-16|19|Collingwood Magpies|Sydney Swans,2000-07-16,2000,45485.0,27.0,45783.0,6.0,45862,124
2000-07-16|19|Fremantle Dockers|Richmond Tigers,2000-07-16,2000,45403.0,38.0,45598.0,3.0,45579,137
2000-07-16|19|Melbourne Demons|St Kilda Saints,2000-07-16,2000,45719.0,30.0,45731.0,4.0,45719,127
2000-07-21|20|Carlton Blues|Essendon Bombers,2000-07-21,2000,45823.0,36.0,45363.0,3.0,45363,122
2000-07-22|20|Collingwood Magpies|Western Bulldogs,2000-07-22,2000,45391.0,40.0,45747.0,4.0,45391,173
2000-07-22|20|Geelong Cats|West Coast Eagles,2000-07-22,2000,45748.0,30.0,45712.0,3.0,45748,136
2000-07-22|20|Hawthorn Hawks|Port Adelaide Power,2000-07-22,2000,45904.0,34.0,45481.0,3.0,45904,114
2000-07-22|20|North Melbourne Kangaroos|Sydney Swans,2000-07-22,2000,45736.0,28.0,45315.0,4.0,45773,114
2000-07-23|20|Adelaide Crows|Brisbane Lions,2000-07-23,2000,45359.0,37.0,45316.0,4.0,45941,149
2000-07-23|20|Fremantle Dockers|Melbourne Demons,2000-07-23,2000,45983.0,33.0,45509.0,8.0,45983,123
2000-07-23|20|Richmond Tigers|St Kilda Saints,2000-07-23,2000,45917.0,29.0,45598.0,5.0,45414,118
2000-07-28|21|Essendon Bombers|Western Bulldogs,2000-07-28,2000,45849.0,33.0,45522.0,3.0,45553,139
2000-07-29|21|Adelaide Crows|Hawthorn Hawks,2000-07-29,2000,45733.0,32.0,45600.0,7.0,45600,149
2000-07-29|21|Brisbane Lions|St Kilda Saints,2000-07-29,2000,45941.0,37.0,45682.0,4.0,45941,124
2000-07-29|21|Richmond Tigers|Sydney Swans,2000-07-29,2000,45862.0,31.0,45783.0,3.0,45403,132
2000-07-30|21|Carlton Blues|Port Adelaide Power,2000-07-30,2000,45404.0,34.0,45392.0,3.0,45404,115
2000-07-30|21|Collingwood Magpies|North Melbourne Kangaroos,2000-07-30,2000,45470.0,30.0,45470.0,4.0,45470,154
2000-07-30|21|Fremantle Dockers|West Coast Eagles,2000-07-30,2000,45521.0,23.0,45952.0,7.0,45952,114
2000-07-30|21|Geelong Cats|Melbourne Demons,2000-07-30,2000,45975.0,35.0,45770.0,5.0,45975,153
2000-08-04|22|Hawthorn Hawks|Western Bulldogs,2000-08-04,2000,45309.0,35.0,45600.0,3.0,45852,138
2000-08-05|22|Brisbane Lions|Fremantle Dockers,2000-08-05,2000,45941.0,33.0,45754.0,5.0,45575,126
2000-08-05|22|Collingwood Magpies|Essendon Bombers,2000-08-05,2000,45750.0,39.0,45677.0,4.0,45750,114
2000-08-05|22|Geelong Cats|Sydney Swans,2000-08-05,2000,45551.0,27.0,45394.0,6.0,45551,141
2000-08-05|22|North Melbourne Kangaroos|St Kilda Saints,2000-08-05,2000,45899.0,27.0,45408.0,3.0,45361,117
2000-08-06|22|Adelaide Crows|Port Adelaide Power,2000-08-06,2000,45529.0,33.0,45392.0,4.0,45528,121
2000-08-06|22|Carlton Blues|Richmond Tigers,2000-08-06,2000,45823.0,29.0,45404.0,4.0,45634,137
2000-08-06|22|Melbourne Demons|West Coast Eagles,2000-08-06,2000,45761.0,30.0,45983.0,5.0,45983,132
2000-08-11|EF|Geelong Cats|Hawthorn Hawks,2000-08-11,2000,45978.0,29.0,45332.0,4.0,45978,116
2000-08-12|EF|Brisbane Lions|Western Bulldogs,2000-08-12,2000,45941.0,30.0,45695.0,5.0,45813,128
2000-08-12|QF|Essendon Bombers|North Melbourne Kangaroos,2000-08-12,2000,45750.0,41.0,45677.0,7.0,45750,160
2000-08-13|QF|Carlton Blues|Melbourne Demons,2000-08-13,2000,45404.0,29.0,45555.0,4.0,45567,112
2000-08-18|SF|Hawthorn Hawks|North Melbourne Kangaroos,2000-08-18,2000,45346.0,32.0,45554.0,4.0,45346,146
2000-08-19|SF|Brisbane Lions|Carlton Blues,2000-08-19,2000,45316.0,28.0,45567.0,7.0,45567,117
2000-08-25|PF|Melbourne Demons|North Melbourne Kangaroos,2000-08-25,2000,45975.0,29.0,45509.0,8.0,45812,130
2000-08-26|PF|Carlton Blues|Essendon Bombers,2000-08-26,2000,45404.0,35.0,45677.0,4.0,45404,127
2000-09-02|GF|Essendon Bombers|Melbourne Demons,2000-09-02,2000,45595.0,29.0,45334.0,4.0,45595,126
2001-03-30|1|Essendon Bombers|North Melbourne Kangaroos,2001-03-30,2001,45554.0,33.0,45334.0,4.0,45363,110
2001-03-31|1|Brisbane Lions|Port Adelaide Power,2001-03-31,2001,45859.0,25.0,45462.0,4.0,45325,105
2001-03-31|1|Carlton Blues|Fremantle Dockers,2001-03-31,2001,45823.0,38.0,45752.0,5.0,45823,127
2001-03-31|1|Collingwood Magpies|Hawthorn Hawks,2001-03-31,2001,45570.0,25.0,45600.0,3.0,45391,119
2001-03-31|1|St Kilda Saints|Western Bulldogs,2001-03-31,2001,45577.0,33.0,45508.0,5.0,45577,133
2001-04-01|1|Adelaide Crows|Sydney Swans,2001-04-01,2001,45862.0,30.0,45451.0,4.0,45451,131
2001-04-01|1|Geelong Cats|West Coast Eagles,2001-04-01,2001,45761.0,31.0,45357.0,3.0,45761,117
2001-04-01|1|Melbourne Demons|Richmond Tigers,2001-04-01,2001,45594.0,28.0,45833.0,5.0,45403,121
2001-04-06|2|Essendon Bombers|Port Adelaide Power,2001-04-06,2001,45750.0,31.0,45481.0,6.0,45433,99
2001-04-07|2|Adelaide Crows|Melbourne Demons,2001-04-07,2001,45501.0,30.0,45956.0,4.0,45501,121
2001-04-07|2|Carlton Blues|Hawthorn Hawks,2001-04-07,2001,45404.0,29.0,45332.0,3.0,45581,111
2001-04-07|2|Collingwood Magpies|Fremantle Dockers,2001-04-07,2001,45391.0,46.0,45793.0,5.0,45391,157
2001-04-07|2|Richmond Tigers|Western Bulldogs,2001-04-07,2001,45403.0,26.0,45553.0,4.0,45594,107
2001-04-08|2|Brisbane Lions|North Melbourne Kangaroos,2001-04-08,2001,45359.0,28.0,45845.0,5.0,45865,116
2001-04-08|2|Geelong Cats|St Kilda Saints,2001-04-08,2001,45577.0,26.0,45394.0,5.0,45642,121
2001-04-08|2|Sydney Swans|West Coast Eagles,2001-04-08,2001,45445.0,38.0,45315.0,3.0,45445,131
2001-04-12|3|Carlton Blues|Essendon Bombers,2001-04-12,2001,45823.0,26.0,45677.0,5.0,45823,124
2001-04-14|3|Brisbane Lions|Richmond Tigers,2001-04-14,2001,45377.0,33.0,45633.0,4.0,45377,112
2001-04-14|3|Collingwood Magpies|Western Bulldogs,2001-04-14,2001,45957.0,37.0,45912.0,5.0,45835,124
2001-04-14|3|North Melbourne Kangaroos|Sydney Swans,2001-04-14,2001,45451.0,25.0,45408.0,4.0,45895,110
2001-04-15|3|Adelaide Crows|Port Adelaide Power,2001-04-15,2001,45529.0,31.0,45948.0,6.0,45549,134
2001-04-15|3|Fremantle Dockers|Hawthorn Hawks,2001-04-15,2001,45346.0,35.0,45332.0,3.0,45410,127
2001-04-15|3|St Kilda Saints|West Coast Eagles,2001-04-15,2001,45445.0,30.0,45262.0,7.0,45262,144
2001-04-16|3|Geelong Cats|Melbourne Demons,2001-04-16,2001,45975.0,27.0,45394.0,3.0,45975,114
2001-04-20|4|Collingwood Magpies|Richmond Tigers,2001-04-20,2001,45403.0,28.0,45384.0,2.0,45377,100
2001-04-20|4|Essendon Bombers|Sydney Swans,2001-04-20,2001,45451.0,30.0,45406.0,3.0,45451,103
2001-04-21|4|Adelaide Crows|Carlton Blues,2001-04-21,2001,45823.0,37.0,45664.0,4.0,45823,124
2001-04-21|4|Brisbane Lions|Western Bulldogs,2001-04-21,2001,45665.0,26.0,45607.0,8.0,45607,126
2001-04-21|4|Fremantle Dockers|West Coast Eagles,2001-04-21,2001,45579.0,30.0,45540.0,5.0,45331,112
2001-04-21|4|Port Adelaide Power|St Kilda Saints,2001-04-21,2001,45529.0,29.0,45392.0,4.0,45859,110
2001-04-22|4|Geelong Cats|North Melbourne Kangaroos,2001-04-22,2001,45576.0,26.0,45394.0,2.0,45576,103
2001-04-22|4|Hawthorn Hawks|Melbourne Demons,2001-04-22,2001,45450.0,26.0,45687.0,5.0,45667,109
2001-04-25|5|Collingwood Magpies|Essendon Bombers,2001-04-25,2001,45777.0,27.0,45912.0,5.0,45777,101
2001-04-27|5|Richmond Tigers|West Coast Eagles,2001-04-27,2001,45403.0,32.0,45833.0,6.0,45414,134
2001-04-28|5|Adelaide Crows|North Melbourne Kangaroos,2001-04-28,2001,45549.0,34.0,45408.0,4.0,45549,132
2001-04-28|5|Carlton Blues|St Kilda Saints,2001-04-28,2001,45823.0,33.0,45563.0,5.0,45823,135
2001-04-28|5|Hawthorn Hawks|Western Bulldogs,2001-04-28,2001,45957.0,27.0,45687.0,6.0,45467,111
2001-04-29|5|Brisbane Lions|Fremantle Dockers,2001-04-29,2001,45346.0,36.0,45695.0,5.0,45775,139
2001-04-29|5|Geelong Cats|Port Adelaide Power,2001-04-29,2001,45766.0,30.0,45481.0,6.0,45766,125
2001-04-29|5|Melbourne Demons|Sydney Swans,2001-04-29,2001,45456.0,25.0,45770.0,6.0,45773,103
2001-05-04|6|North Melbourne Kangaroos|Richmond Tigers,2001-05-04,2001,45414.0,32.0,45833.0,4.0,45833,130
2001-05-05|6|Brisbane Lions|Geelong Cats,2001-05-05,2001,45941.0,33.0,45387.0,7.0,45941,130
2001-05-05|6|Fremantle Dockers|Melbourne Demons,2001-05-05,2001,45346.0,36.0,45555.0,4.0,45441,135
2001-05-05|6|Port Adelaide Power|Western Bulldogs,2001-05-05,2001,45529.0,33.0,45392.0,3.0,45624,129
2001-05-05|6|St Kilda Saints|Sydney Swans,2001-05-05,2001,45393.0,26.0,45563.0,5.0,45682,134
2001-05-06|6|Adelaide Crows|Hawthorn Hawks,2001-05-06,2001,45622.0,39.0,45733.0,4.0,45622,166
2001-05-06|6|Carlton Blues|Collingwood Magpies,2001-05-06,2001,45391.0,31.0,45844.0,6.0,45391,128
2001-05-06|6|Essendon Bombers|West Coast Eagles,2001-05-06,2001,45626.0,29.0,45677.0,10.0,45677,162
2001-05-11|7|Melbourne Demons|Western Bulldogs,2001-05-11,2001,45957.0,31.0,45309.0,4.0,45309,144
2001-05-12|7|Adelaide Crows|Fremantle Dockers,2001-05-12,2001,45733.0,34.0,45952.0,4.0,45549,129
2001-05-12|7|Essendon Bombers|Richmond Tigers,2001-05-12,2001,45334.0,23.0,45677.0,4.0,45635,117
2001-05-12|7|Hawthorn Hawks|St Kilda Saints,2001-05-12,2001,45393.0,29.0,45332.0,5.0,45453,108
2001-05-13|7|Brisbane Lions|Sydney Swans,2001-05-13,2001,45359.0,33.0,45783.0,4.0,45316,129
2001-05-13|7|Carlton Blues|Geelong Cats,2001-05-13,2001,45823.0,29.0,45965.0,4.0,45642,108
2001-05-13|7|Collingwood Magpies|North Melbourne Kangaroos,2001-05-13,2001,45673.0,26.0,45912.0,5.0,45470,110
2001-05-13|7|Port Adelaide Power|West Coast Eagles,2001-05-13,2001,45904.0,29.0,45392.0,4.0,45904,115
2001-05-18|8|Adelaide Crows|Richmond Tigers,2001-05-18,2001,45733.0,27.0,45396.0,5.0,45549,112
2001-05-19|8|Brisbane Lions|Carlton Blues,2001-05-19,2001,45654.0,36.0,45359.0,3.0,45654,143
2001-05-19|8|Collingwood Magpies|Port Adelaide Power,2001-05-19,2001,45391.0,30.0,45912.0,5.0,45817,119
2001-05-19|8|Hawthorn Hawks|West Coast Eagles,2001-05-19,2001,45450.0,33.0,45333.0,3.0,45450,139
2001-05-19|8|North Melbourne Kangaroos|St Kilda Saints,2001-05-19,2001,45554.0,39.0,45682.0,7.0,45554,166
2001-05-20|8|Essendon Bombers|Melbourne Demons,2001-05-20,2001,45626.0,26.0,45595.0,4.0,45626,106
2001-05-20|8|Fremantle Dockers|Geelong Cats,2001-05-20,2001,45579.0,25.0,45604.0,5.0,45642,103
2001-05-20|8|Sydney Swans|Western Bulldogs,2001-05-20,2001,45957.0,30.0,45607.0,5.0,45970,112
2001-05-25|9|Carlton Blues|North Melbourne Kangaroos,2001-05-25,2001,45361.0,31.0,45404.0,2.0,45533,108
2001-05-26|9|Adelaide Crows|Brisbane Lions,2001-05-26,2001,45665.0,29.0,45396.0,4.0,45665,136
2001-05-26|9|Collingwood Magpies|St Kilda Saints,2001-05-26,2001,45673.0,28.0,45470.0,3.0,45391,94
2001-05-26|9|Essendon Bombers|Hawthorn Hawks,2001-05-26,2001,45625.0,26.0,45677.0,8.0,45378,108
2001-05-26|9|West Coast Eagles|Western Bulldogs,2001-05-26,2001,45445.0,31.0,45309.0,4.0,45467,123
2001-05-27|9|Fremantle Dockers|Sydney Swans,2001-05-27,2001,45520.0,29.0,45451.0,3.0,45441,103
2001-05-27|9|Geelong Cats|Richmond Tigers,2001-05-27,2001,45635.0,23.0,45788.0,6.0,45642,159
2001-05-27|9|Melbourne Demons|Port Adelaide Power,2001-05-27,2001,45529.0,29.0,45390.0,4.0,45643,125
2001-06-01|10|North Melbourne Kangaroos|Western Bulldogs,2001-06-01,2001,45899.0,30.0,45729.0,6.0,45899,123
2001-06-02|10|Brisbane Lions|Essendon Bombers,2001-06-02,2001,45359.0,27.0,45695.0,4.0,45941,103
2001-06-02|10|Carlton Blues|West Coast Eagles,2001-06-02,2001,45404.0,29.0,45342.0,3.0,45965,111
2001-06-02|10|Hawthorn Hawks|Port Adelaide Power,2001-06-02,2001,45904.0,33.0,45392.0,3.0,45904,151
2001-06-02|10|Melbourne Demons|St Kilda Saints,2001-06-02,2001,45577.0,28.0,45555.0,4.0,45983,109
2001-06-03|10|Adelaide Crows|Geelong Cats,2001-06-03,2001,45894.0,26.0,45501.0,2.0,45501,117
2001-06-03|10|Collingwood Magpies|Sydney Swans,2001-06-03,2001,45862.0,27.0,45912.0,3.0,45671,112
2001-06-03|10|Fremantle Dockers|Richmond Tigers,2001-06-03,2001,45346.0,30.0,45788.0,3.0,45788,127
2001-06-08|11|Essendon Bombers|St Kilda Saints,2001-06-08,2001,45577.0,31.0,45508.0,4.0,45836,129
2001-06-09|11|Adelaide Crows|Western Bulldogs,2001-06-09,2001,45957.0,35.0,45553.0,6.0,45672,105
2001-06-09|11|Brisbane Lions|West Coast Eagles,2001-06-09,2001,45445.0,30.0,45460.0,3.0,45445,114
2001-06-09|11|Geelong Cats|Hawthorn Hawks,2001-06-09,2001,45570.0,28.0,45394.0,4.0,45570,123
2001-06-10|11|Carlton Blues|Richmond Tigers,2001-06-10,2001,45403.0,29.0,45965.0,4.0,45921,119
2001-06-10|11|Fremantle Dockers|North Melbourne Kangaroos,2001-06-10,2001,45899.0,27.0,45729.0,5.0,45802,122
2001-06-10|11|Port Adelaide Power|Sydney Swans,2001-06-10,2001,45862.0,27.0,45548.0,3.0,45904,113
2001-06-11|11|Collingwood Magpies|Melbourne Demons,2001-06-11,2001,45777.0,27.0,45844.0,4.0,45530,126
2001-06-15|12|Adelaide Crows|Essendon Bombers,2001-06-15,2001,45549.0,26.0,45677.0,6.0,45677,111
2001-06-16|12|Fremantle Dockers|St Kilda Saints,2001-06-16,2001,45917.0,33.0,45752.0,4.0,45917,133
2001-06-16|12|Geelong Cats|Western Bulldogs,2001-06-16,2001,45957.0,37.0,45357.0,3.0,45551,140
2001-06-17|12|Brisbane Lions|Melbourne Demons,2001-06-17,2001,45665.0,33.0,45695.0,8.0,45665,130
2001-06-22|12|Collingwood Magpies|West Coast Eagles,2001-06-22,2001,45445.0,34.0,45530.0,4.0,45530,125
2001-06-23|12|Hawthorn Hawks|North Melbourne Kangaroos,2001-06-23,2001,45554.0,27.0,44530.0,3.0,45899,128
2001-06-23|12|Richmond Tigers|Sydney Swans,2001-06-23,2001,45377.0,31.0,45788.0,3.0,45970,124
2001-06-24|12|Carlton Blues|Port Adelaide Power,2001-06-24,2001,45404.0,25.0,45654.0,4.0,45654,131
2001-06-29|13|Brisbane Lions|Hawthorn Hawks,2001-06-29,2001,45941.0,37.0,45381.0,5.0,45359,124
2001-06-30|13|Adelaide Crows|Collingwood Magpies,2001-06-30,2001,45391.0,37.0,45622.0,6.0,45391,170
2001-06-30|13|Carlton Blues|Western Bulldogs,2001-06-30,2001,45823.0,34.0,45603.0,4.0,45467,134
2001-06-30|13|Essendon Bombers|Fremantle Dockers,2001-06-30,2001,45626.0,34.0,45677.0,5.0,45410,119
2001-06-30|13|North Melbourne Kangaroos|Port Adelaide Power,2001-06-30,2001,45576.0,32.0,45554.0,3.0,45554,119
2001-07-01|13|Geelong Cats|Sydney Swans,2001-07-01,2001,45766.0,29.0,45644.0,3.0,45748,100
2001-07-01|13|Melbourne Demons|West Coast Eagles,2001-07-01,2001,45445.0,37.0,45712.0,5.0,45914,115
2001-07-01|13|Richmond Tigers|St Kilda Saints,2001-07-01,2001,45403.0,28.0,45377.0,5.0,45377,133
2001-07-06|14|Essendon Bombers|Western Bulldogs,2001-07-06,2001,45750.0,29.0,45759.0,6.0,45742,111
2001-07-07|14|Adelaide Crows|West Coast Eagles,2001-07-07,2001,45445.0,36.0,45622.0,3.0,45445,116
2001-07-07|14|Brisbane Lions|St Kilda Saints,2001-07-07,2001,45941.0,31.0,45381.0,5.0,45381,135
2001-07-07|14|Collingwood Magpies|Geelong Cats,2001-07-07,2001,45391.0,28.0,45357.0,5.0,45357,98
2001-07-07|14|Hawthorn Hawks|Richmond Tigers,2001-07-07,2001,45450.0,28.0,45422.0,3.0,45667,133
2001-07-08|14|Carlton Blues|Sydney Swans,2001-07-08,2001,45862.0,32.0,45783.0,3.0,45862,104
2001-07-08|14|Fremantle Dockers|Port Adelaide Power,2001-07-08,2001,45948.0,32.0,45392.0,6.0,45859,115
2001-07-08|14|Melbourne Demons|North Melbourne Kangaroos,2001-07-08,2001,45512.0,29.0,45408.0,6.0,45576,105
2001-07-13|15|Adelaide Crows|St Kilda Saints,2001-07-13,2001,45549.0,32.0,45622.0,6.0,45549,124
2001-07-14|15|Carlton Blues|Melbourne Demons,2001-07-14,2001,45404.0,33.0,45390.0,3.0,45404,122
2001-07-14|15|Fremantle Dockers|Western Bulldogs,2001-07-14,2001,45309.0,34.0,45346.0,3.0,45309,129
2001-07-14|15|Hawthorn Hawks|Sydney Swans,2001-07-14,2001,45548.0,25.0,45636.0,3.0,45548,107
2001-07-14|15|Port Adelaide Power|Richmond Tigers,2001-07-14,2001,45620.0,22.0,45481.0,4.0,45925,109
2001-07-15|15|Brisbane Lions|Collingwood Magpies,2001-07-15,2001,45665.0,32.0,45381.0,5.0,45391,114
2001-07-15|15|Essendon Bombers|Geelong Cats,2001-07-15,2001,45750.0,31.0,45677.0,6.0,45626,116
2001-07-15|15|North Melbourne Kangaroos|West Coast Eagles,2001-07-15,2001,45576.0,34.0,45802.0,6.0,45845,117
2001-07-20|16|Melbourne Demons|Richmond Tigers,2001-07-20,2001,45403.0,34.0,45788.0,4.0,45377,142
2001-07-21|16|Brisbane Lions|Port Adelaide Power,2001-07-21,2001,45316.0,25.0,45695.0,4.0,45803,115
2001-07-21|16|Carlton Blues|Fremantle Dockers,2001-07-21,2001,45358.0,31.0,45664.0,6.0,45664,144
2001-07-21|16|Collingwood Magpies|Hawthorn Hawks,2001-07-21,2001,45673.0,37.0,45333.0,5.0,45332,138
2001-07-21|16|St Kilda Saints|Western Bulldogs,2001-07-21,2001,45447.0,25.0,45563.0,8.0,45563,128
2001-07-22|16|Adelaide Crows|Sydney Swans,2001-07-22,2001,45830.0,26.0,45329.0,5.0,45329,138
2001-07-22|16|Essendon Bombers|North Melbourne Kangaroos,2001-07-22,2001,45626.0,31.0,45677.0,9.0,45626,134
2001-07-22|16|Geelong Cats|West Coast Eagles,2001-07-22,2001,45640.0,25.0,45394.0,5.0,45644,106
2001-07-27|17|Richmond Tigers|Western Bulldogs,2001-07-27,2001,45957.0,29.0,45788.0,5.0,45788,134
2001-07-28|17|Adelaide Crows|Melbourne Demons,2001-07-28,2001,45512.0,33.0,45622.0,6.0,45956,119
2001-07-28|17|Brisbane Lions|North Melbourne Kangaroos,2001-07-28,2001,45576.0,27.0,45381.0,6.0,45845,114
2001-07-28|17|Collingwood Magpies|Fremantle Dockers,2001-07-28,2001,45346.0,33.0,45912.0,5.0,45673,115
2001-07-28|17|Geelong Cats|St Kilda Saints,2001-07-28,2001,45400.0,23.0,45405.0,3.0,45508,105
2001-07-29|17|Carlton Blues|Hawthorn Hawks,2001-07-29,2001,45823.0,28.0,45487.0,4.0,45823,118
2001-07-29|17|Essendon Bombers|Port Adelaide Power,2001-07-29,2001,45529.0,32.0,45561.0,4.0,45677,117
2001-07-29|17|Sydney Swans|West Coast Eagles,2001-07-29,2001,45970.0,29.0,45616.0,2.0,45970,112
2001-08-03|18|Collingwood Magpies|Richmond Tigers,2001-08-03,2001,45377.0,26.0,45470.0,3.0,45377,146
2001-08-04|18|Fremantle Dockers|Hawthorn Hawks,2001-08-04,2001,45346.0,38.0,45685.0,5.0,45346,153
2001-08-04|18|Geelong Cats|Melbourne Demons,2001-08-04,2001,45512.0,25.0,45551.0,5.0,45668,117
2001-08-04|18|North Melbourne Kangaroos|Sydney Swans,2001-08-04,2001,45713.0,30.0,45636.0,3.0,45713,123
2001-08-05|18|Adelaide Crows|Port Adelaide Power,2001-08-05,2001,45830.0,26.0,45443.0,3.0,45830,115
2001-08-05|18|Brisbane Lions|Western Bulldogs,2001-08-05,2001,45316.0,29.0,45542.0,5.0,45316,124
2001-08-05|18|Carlton Blues|Essendon Bombers,2001-08-05,2001,45654.0,27.0,45664.0,5.0,45664,139
2001-08-05|18|St Kilda Saints|West Coast Eagles,2001-08-05,2001,45445.0,32.0,45505.0,4.0,45521,118
2001-08-10|19|Geelong Cats|North Melbourne Kangaroos,2001-08-10,2001,45881.0,41.0,45551.0,3.0,45881,159
2001-08-11|19|Adelaide Crows|Carlton Blues,2001-08-11,2001,45733.0,33.0,45622.0,4.0,45733,115
2001-08-11|19|Hawthorn Hawks|Melbourne Demons,2001-08-11,2001,45450.0,28.0,45453.0,5.0,45667,115
2001-08-11|19|Port Adelaide Power|St Kilda Saints,2001-08-11,2001,45917.0,33.0,44501.0,4.0,45917,123
2001-08-12|19|Brisbane Lions|Richmond Tigers,2001-08-12,2001,45941.0,28.0,45381.0,5.0,45381,122
2001-08-12|19|Collingwood Magpies|Western Bulldogs,2001-08-12,2001,45391.0,31.0,45469.0,4.0,45391,129
2001-08-12|19|Essendon Bombers|Sydney Swans,2001-08-12,2001,45626.0,31.0,45317.0,4.0,45406,113
2001-08-12|19|Fremantle Dockers|West Coast Eagles,2001-08-12,2001,45441.0,32.0,45743.0,4.0,45346,116
2001-08-17|20|Adelaide Crows|North Melbourne Kangaroos,2001-08-17,2001,45733.0,35.0,45798.0,5.0,45830,168
2001-08-18|20|Collingwood Magpies|Essendon Bombers,2001-08-18,2001,45673.0,36.0,45844.0,6.0,45673,133
2001-08-18|20|Geelong Cats|Port Adelaide Power,2001-08-18,2001,45529.0,32.0,45642.0,3.0,45859,118
2001-08-18|20|Richmond Tigers|West Coast Eagles,2001-08-18,2001,45788.0,26.0,45262.0,4.0,45788,129
2001-08-19|20|Brisbane Lions|Fremantle Dockers,2001-08-19,2001,45359.0,33.0,45793.0,4.0,45665,139
2001-08-19|20|Carlton Blues|St Kilda Saints,2001-08-19,2001,45654.0,34.0,45513.0,5.0,45654,129
2001-08-19|20|Hawthorn Hawks|Western Bulldogs,2001-08-19,2001,45321.0,33.0,45553.0,4.0,45624,138
2001-08-19|20|Melbourne Demons|Sydney Swans,2001-08-19,2001,45512.0,28.0,45509.0,5.0,45770,116
2001-08-24|21|North Melbourne Kangaroos|Richmond Tigers,2001-08-24,2001,45554.0,26.0,45384.0,3.0,45833,125
2001-08-25|21|Carlton Blues|Collingwood Magpies,2001-08-25,2001,45823.0,30.0,45965.0,5.0,45965,145
2001-08-25|21|Essendon Bombers|West Coast Eagles,2001-08-25,2001,45406.0,29.0,45677.0,7.0,45677,122
2001-08-25|21|Port Adelaide Power|Western Bulldogs,2001-08-25,2001,45309.0,32.0,45925.0,4.0,45925,144
2001-08-26|21|Adelaide Crows|Hawthorn Hawks,2001-08-26,2001,45549.0,35.0,45549.0,4.0,45549,159
2001-08-26|21|Brisbane Lions|Geelong Cats,2001-08-26,2001,45359.0,34.0,45775.0,3.0,45359,149
2001-08-26|21|Fremantle Dockers|Melbourne Demons,2001-08-26,2001,45962.0,33.0,45857.0,3.0,45962,156
2001-08-26|21|St Kilda Saints|Sydney Swans,2001-08-26,2001,45783.0,24.0,45773.0,6.0,45773,153
2001-08-31|22|Essendon Bombers|Richmond Tigers,2001-08-31,2001,45403.0,33.0,45677.0,6.0,45403,130
2001-09-01|22|Adelaide Crows|Fremantle Dockers,2001-09-01,2001,45346.0,44.0,45346.0,3.0,45346,158
2001-09-01|22|Brisbane Lions|Sydney Swans,2001-09-01,2001,45665.0,32.0,44218.0,2.0,45941,118
2001-09-01|22|Carlton Blues|Geelong Cats,2001-09-01,2001,45380.0,32.0,45513.0,3.0,45654,134
2001-09-01|22|Hawthorn Hawks|St Kilda Saints,2001-09-01,2001,43931.0,33.0,45563.0,4.0,45764,134
2001-09-02|22|Collingwood Magpies|North Melbourne Kangaroos,2001-09-02,2001,45576.0,33.0,45844.0,4.0,45395,117
2001-09-02|22|Melbourne Demons|Western Bulldogs,2001-09-02,2001,45957.0,32.0,45611.0,7.0,45962,148
2001-09-02|22|Port Adelaide Power|West Coast Eagles,2001-09-02,2001,45445.0,39.0,45925.0,5.0,45445,138
2001-09-07|QF|Essendon Bombers|Richmond Tigers,2001-09-07,2001,45377.0,30.0,45677.0,4.0,45406,123
2001-09-08|EF|Adelaide Crows|Carlton Blues,2001-09-08,2001,45654.0,36.0,45664.0,5.0,45807,154
2001-09-08|QF|Brisbane Lions|Port Adelaide Power,2001-09-08,2001,45359.0,32.0,45392.0,3.0,45864,127
2001-09-09|EF|Hawthorn Hawks|Sydney Swans,2001-09-09,2001,45978.0,27.0,45332.0,4.0,45422,126
2001-09-15|SF|Carlton Blues|Richmond Tigers,2001-09-15,2001,45403.0,30.0,45608.0,2.0,45403,120
2001-09-15|SF|Hawthorn Hawks|Port Adelaide Power,2001-09-15,2001,45904.0,26.0,45332.0,2.0,45552,107
2001-09-22|PF|Brisbane Lions|Richmond Tigers,2001-09-22,2001,45401.0,29.0,45387.0,4.0,45665,137
2001-09-22|PF|Essendon Bombers|Hawthorn Hawks,2001-09-22,2001,45750.0,27.0,45600.0,3.0,45750,106
2001-09-29|GF|Brisbane Lions|Essendon Bombers,2001-09-29,2001,45575.0,23.0,45677.0,5.0,45692,99
2002-03-28|1|Collingwood Magpies|Richmond Tigers,2002-03-28,2002,45391.0,32.0,45833.0,6.0,45391,132
2002-03-30|1|Carlton Blues|St Kilda Saints,2002-03-30,2002,45917.0,24.0,44501.0,2.0,45917,101
2002-03-30|1|Essendon Bombers|Geelong Cats,2002-03-30,2002,45750.0,34.0,45677.0,6.0,45626,138
2002-03-30|1|North Melbourne Kangaroos|Port Adelaide Power,2002-03-30,2002,45881.0,31.0,45554.0,3.0,45392,121
2002-03-31|1|Adelaide Crows|Western Bulldogs,2002-03-31,2002,45957.0,32.0,45733.0,3.0,45733,118
2002-03-31|1|Brisbane Lions|Sydney Swans,2002-03-31,2002,45665.0,27.0,45669.0,5.0,45316,123
2002-03-31|1|Fremantle Dockers|West Coast Eagles,2002-03-31,2002,45346.0,39.0,45262.0,6.0,45346,127
2002-04-01|1|Hawthorn Hawks|Melbourne Demons,2002-04-01,2002,45629.0,29.0,45770.0,5.0,45629,113
2002-04-05|2|Essendon Bombers|Richmond Tigers,2002-04-05,2002,45377.0,30.0,45406.0,3.0,45377,125
2002-04-06|2|Adelaide Crows|Geelong Cats,2002-04-06,2002,45365.0,28.0,45956.0,4.0,45365,113
2002-04-06|2|Carlton Blues|Sydney Swans,2002-04-06,2002,45451.0,28.0,45563.0,7.0,45563,114
2002-04-06|2|Collingwood Magpies|West Coast Eagles,2002-04-06,2002,45391.0,26.0,45599.0,8.0,45599,127
2002-04-06|2|North Melbourne Kangaroos|Western Bulldogs,2002-04-06,2002,45881.0,26.0,45802.0,6.0,45802,119
2002-04-07|2|Brisbane Lions|Hawthorn Hawks,2002-04-07,2002,45359.0,28.0,45381.0,5.0,45359,126
2002-04-07|2|Fremantle Dockers|St Kilda Saints,2002-04-07,2002,45686.0,30.0,45682.0,4.0,45393,130
2002-04-07|2|Melbourne Demons|Port Adelaide Power,2002-04-07,2002,45983.0,27.0,45770.0,4.0,45983,132
2002-04-12|3|Carlton Blues|Collingwood Magpies,2002-04-12,2002,45391.0,26.0,45664.0,3.0,45391,113
2002-04-13|3|Adelaide Crows|Sydney Swans,2002-04-13,2002,45353.0,31.0,46097.0,4.0,45353,115
2002-04-13|3|Brisbane Lions|Essendon Bombers,2002-04-13,2002,45595.0,33.0,45381.0,6.0,45595,130
2002-04-13|3|Geelong Cats|North Melbourne Kangaroos,2002-04-13,2002,45881.0,27.0,45845.0,4.0,45881,127
2002-04-13|3|Melbourne Demons|Richmond Tigers,2002-04-13,2002,45403.0,37.0,45555.0,2.0,45403,143
2002-04-14|3|Fremantle Dockers|Hawthorn Hawks,2002-04-14,2002,45346.0,31.0,44465.0,3.0,45450,109
2002-04-14|3|Port Adelaide Power|St Kilda Saints,2002-04-14,2002,45582.0,33.0,44501.0,4.0,45582,145
2002-04-14|3|West Coast Eagles|Western Bulldogs,2002-04-14,2002,45957.0,33.0,45262.0,4.0,45957,107
2002-04-19|4|Adelaide Crows|Essendon Bombers,2002-04-19,2002,45627.0,35.0,45677.0,6.0,45750,124
2002-04-20|4|Brisbane Lions|Western Bulldogs,2002-04-20,2002,45359.0,30.0,45381.0,2.0,45665,128
2002-04-20|4|Collingwood Magpies|Hawthorn Hawks,2002-04-20,2002,45450.0,31.0,45912.0,5.0,45450,117
2002-04-20|4|Melbourne Demons|West Coast Eagles,2002-04-20,2002,45812.0,30.0,45770.0,6.0,45812,138
2002-04-20|4|North Melbourne Kangaroos|Sydney Swans,2002-04-20,2002,45636.0,26.0,45548.0,3.0,45432,115
2002-04-21|4|Carlton Blues|Port Adelaide Power,2002-04-21,2002,45859.0,33.0,45925.0,6.0,45643,136
2002-04-21|4|Fremantle Dockers|Richmond Tigers,2002-04-21,2002,45410.0,27.0,45453.0,5.0,45410,110
2002-04-21|4|Geelong Cats|St Kilda Saints,2002-04-21,2002,45582.0,27.0,45687.0,6.0,45640,117
2002-04-25|5|Collingwood Magpies|Essendon Bombers,2002-04-25,2002,44417.0,24.0,45470.0,2.0,45673,98
2002-04-26|5|Melbourne Demons|Western Bulldogs,2002-04-26,2002,45957.0,36.0,45330.0,4.0,45330,131
2002-04-27|5|Adelaide Crows|Port Adelaide Power,2002-04-27,2002,45859.0,29.0,45443.0,3.0,45549,115
2002-04-27|5|Brisbane Lions|West Coast Eagles,2002-04-27,2002,45445.0,25.0,45262.0,5.0,45540,127
2002-04-27|5|Hawthorn Hawks|Richmond Tigers,2002-04-27,2002,45377.0,27.0,45422.0,4.0,45377,142
2002-04-27|5|St Kilda Saints|Sydney Swans,2002-04-27,2002,45636.0,28.0,45861.0,2.0,45940,111
2002-04-28|5|Carlton Blues|North Melbourne Kangaroos,2002-04-28,2002,45576.0,32.0,45664.0,6.0,45881,121
2002-04-28|5|Fremantle Dockers|Geelong Cats,2002-04-28,2002,43349.0,28.0,45551.0,3.0,43349,120
2002-05-03|6|Collingwood Magpies|St Kilda Saints,2002-05-03,2002,45395.0,23.0,45470.0,4.0,45727,118
2002-05-04|6|Brisbane Lions|Geelong Cats,2002-05-04,2002,45359.0,26.0,45695.0,5.0,45803,115
2002-05-04|6|Carlton Blues|Western Bulldogs,2002-05-04,2002,45957.0,28.0,45965.0,4.0,45965,137
2002-05-04|6|Essendon Bombers|Fremantle Dockers,2002-05-04,2002,45346.0,34.0,44008.0,3.0,45880,127
2002-05-04|6|Hawthorn Hawks|North Melbourne Kangaroos,2002-05-04,2002,45667.0,35.0,45332.0,3.0,45667,151
2002-05-05|6|Adelaide Crows|Richmond Tigers,2002-05-05,2002,45733.0,34.0,45788.0,3.0,45788,124
2002-05-05|6|Melbourne Demons|Sydney Swans,2002-05-05,2002,45975.0,28.0,45563.0,6.0,45563,105
2002-05-05|6|Port Adelaide Power|West Coast Eagles,2002-05-05,2002,45392.0,28.0,45925.0,5.0,45925,141
2002-05-10|7|Carlton Blues|Essendon Bombers,2002-05-10,2002,45626.0,33.0,45664.0,3.0,45626,127
2002-05-11|7|Adelaide Crows|Fremantle Dockers,2002-05-11,2002,45441.0,29.0,45501.0,5.0,45501,112
2002-05-11|7|Geelong Cats|Hawthorn Hawks,2002-05-11,2002,45450.0,30.0,45644.0,5.0,45642,124
2002-05-11|7|North Melbourne Kangaroos|West Coast Eagles,2002-05-11,2002,45881.0,33.0,45712.0,4.0,45881,119
2002-05-11|7|Richmond Tigers|Sydney Swans,2002-05-11,2002,45847.0,30.0,45495.0,3.0,45634,111
2002-05-12|7|Brisbane Lions|Port Adelaide Power,2002-05-12,2002,45665.0,31.0,45381.0,3.0,45316,123
2002-05-12|7|Collingwood Magpies|Western Bulldogs,2002-05-12,2002,45624.0,29.0,45844.0,3.0,45624,109
2002-05-12|7|Melbourne Demons|St Kilda Saints,2002-05-12,2002,45975.0,27.0,43562.0,4.0,45917,110
2002-05-17|8|Carlton Blues|Hawthorn Hawks,2002-05-17,2002,45667.0,30.0,45965.0,5.0,45667,137
2002-05-18|8|Brisbane Lions|Collingwood Magpies,2002-05-18,2002,45391.0,31.0,45912.0,5.0,45912,131
2002-05-18|8|Fremantle Dockers|Melbourne Demons,2002-05-18,2002,45579.0,34.0,45453.0,7.0,45579,121
2002-05-18|8|Geelong Cats|Port Adelaide Power,2002-05-18,2002,45529.0,35.0,45443.0,4.0,45859,120
2002-05-18|8|Richmond Tigers|West Coast Eagles,2002-05-18,2002,45403.0,36.0,45403.0,4.0,45403,144
2002-05-19|8|Adelaide Crows|North Melbourne Kangaroos,2002-05-19,2002,45899.0,30.0,45956.0,5.0,45899,123
2002-05-19|8|Essendon Bombers|St Kilda Saints,2002-05-19,2002,45917.0,30.0,45692.0,4.0,45406,135
2002-05-19|8|Sydney Swans|Western Bulldogs,2002-05-19,2002,45309.0,28.0,45309.0,5.0,45309,149
2002-05-24|9|Collingwood Magpies|Port Adelaide Power,2002-05-24,2002,45673.0,22.0,45469.0,4.0,45469,90
2002-05-25|9|Essendon Bombers|Sydney Swans,2002-05-25,2002,45317.0,23.0,45773.0,4.0,45317,119
2002-05-25|9|Geelong Cats|Western Bulldogs,2002-05-25,2002,45957.0,30.0,45624.0,6.0,45624,137
2002-05-25|9|Melbourne Demons|North Melbourne Kangaroos,2002-05-25,2002,45983.0,33.0,45845.0,4.0,45983,145
2002-05-25|9|Richmond Tigers|St Kilda Saints,2002-05-25,2002,45577.0,29.0,44501.0,2.0,45377,114
2002-05-26|9|Adelaide Crows|Carlton Blues,2002-05-26,2002,45627.0,31.0,45830.0,6.0,45965,132
2002-05-26|9|Brisbane Lions|Fremantle Dockers,2002-05-26,2002,45803.0,32.0,45695.0,5.0,45941,146
2002-05-26|9|Hawthorn Hawks|West Coast Eagles,2002-05-26,2002,45445.0,27.0,45974.0,5.0,45445,109
2002-05-31|10|Essendon Bombers|North Melbourne Kangaroos,2002-05-31,2002,45821.0,32.0,44530.0,2.0,45821,134
2002-06-01|10|Adelaide Crows|Brisbane Lions,2002-06-01,2002,45665.0,36.0,45695.0,4.0,45665,135
2002-06-01|10|Collingwood Magpies|Sydney Swans,2002-06-01,2002,45395.0,30.0,45469.0,4.0,45395,114
2002-06-01|10|Geelong Cats|Melbourne Demons,2002-06-01,2002,45975.0,26.0,45644.0,6.0,45962,137
2002-06-01|10|Richmond Tigers|Western Bulldogs,2002-06-01,2002,45624.0,28.0,45330.0,4.0,45542,125
2002-06-02|10|Carlton Blues|Fremantle Dockers,2002-06-02,2002,45346.0,29.0,45685.0,4.0,45880,107
2002-06-02|10|Hawthorn Hawks|Port Adelaide Power,2002-06-02,2002,45904.0,32.0,45600.0,3.0,45925,141
2002-06-02|10|St Kilda Saints|West Coast Eagles,2002-06-02,2002,45917.0,27.0,44501.0,5.0,45567,109
2002-06-07|11|North Melbourne Kangaroos|Richmond Tigers,2002-06-07,2002,45377.0,31.0,45802.0,4.0,45377,129
2002-06-08|11|Adelaide Crows|Hawthorn Hawks,2002-06-08,2002,45450.0,27.0,45333.0,3.0,45830,107
2002-06-08|11|Essendon Bombers|Port Adelaide Power,2002-06-08,2002,45626.0,24.0,45481.0,6.0,45925,98
2002-06-08|11|Sydney Swans|West Coast Eagles,2002-06-08,2002,45445.0,26.0,45563.0,4.0,45445,104
2002-06-09|11|Brisbane Lions|St Kilda Saints,2002-06-09,2002,45917.0,30.0,44501.0,3.0,45665,136
2002-06-09|11|Carlton Blues|Geelong Cats,2002-06-09,2002,45380.0,27.0,45513.0,4.0,45674,98
2002-06-09|11|Fremantle Dockers|Western Bulldogs,2002-06-09,2002,45321.0,31.0,45624.0,4.0,45321,129
2002-06-10|11|Collingwood Magpies|Melbourne Demons,2002-06-10,2002,45629.0,26.0,45912.0,7.0,45962,120
2002-06-14|12|Essendon Bombers|Hawthorn Hawks,2002-06-14,2002,45450.0,29.0,45487.0,4.0,45626,117
2002-06-15|12|Carlton Blues|West Coast Eagles,2002-06-15,2002,45404.0,31.0,45342.0,3.0,45404,120
2002-06-15|12|Geelong Cats|Sydney Swans,2002-06-15,2002,45970.0,27.0,45644.0,4.0,45970,135
2002-06-16|12|Collingwood Magpies|Fremantle Dockers,2002-06-16,2002,45346.0,36.0,44465.0,4.0,45579,122
2002-06-21|12|St Kilda Saints|Western Bulldogs,2002-06-21,2002,45577.0,36.0,45467.0,5.0,45467,146
2002-06-22|12|Adelaide Crows|Melbourne Demons,2002-06-22,2002,45983.0,32.0,45555.0,3.0,45983,134
2002-06-22|12|Brisbane Lions|North Melbourne Kangaroos,2002-06-22,2002,45881.0,29.0,45845.0,6.0,45316,119
2002-06-23|12|Port Adelaide Power|Richmond Tigers,2002-06-23,2002,45377.0,27.0,45481.0,4.0,45443,124
2002-06-28|13|Essendon Bombers|Melbourne Demons,2002-06-28,2002,45614.0,27.0,45770.0,5.0,45614,127
2002-06-29|13|Brisbane Lions|Carlton Blues,2002-06-29,2002,45766.0,31.0,45585.0,6.0,45766,127
2002-06-29|13|Collingwood Magpies|North Melbourne Kangaroos,2002-06-29,2002,45576.0,40.0,43727.0,3.0,45576,147
2002-06-29|13|Geelong Cats|Richmond Tigers,2002-06-29,2002,43627.0,29.0,45551.0,5.0,45642,125
2002-06-29|13|Port Adelaide Power|Western Bulldogs,2002-06-29,2002,45859.0,30.0,45392.0,6.0,45624,146
2002-06-30|13|Adelaide Crows|West Coast Eagles,2002-06-30,2002,45733.0,37.0,45396.0,6.0,45733,134
2002-06-30|13|Fremantle Dockers|Sydney Swans,2002-06-30,2002,45451.0,28.0,45563.0,6.0,45451,96
2002-06-30|13|Hawthorn Hawks|St Kilda Saints,2002-06-30,2002,45936.0,34.0,45919.0,7.0,45936,124
2002-07-05|14|Carlton Blues|Richmond Tigers,2002-07-05,2002,45403.0,30.0,45729.0,5.0,45788,115
2002-07-06|14|Essendon Bombers|Western Bulldogs,2002-07-06,2002,45467.0,29.0,45677.0,5.0,45330,149
2002-07-06|14|Fremantle Dockers|Port Adelaide Power,2002-07-06,2002,45948.0,26.0,45481.0,6.0,45481,113
2002-07-06|14|Geelong Cats|West Coast Eagles,2002-07-06,2002,44206.0,24.0,45687.0,3.0,45687,85
2002-07-06|14|Hawthorn Hawks|Sydney Swans,2002-07-06,2002,45625.0,25.0,45422.0,2.0,45636,105
2002-07-07|14|Adelaide Crows|Collingwood Magpies,2002-07-07,2002,45549.0,39.0,45396.0,4.0,45391,123
2002-07-07|14|Brisbane Lions|Melbourne Demons,2002-07-07,2002,45585.0,24.0,45770.0,7.0,45585,132
2002-07-07|14|North Melbourne Kangaroos|St Kilda Saints,2002-07-07,2002,45576.0,26.0,43991.0,4.0,45397,104
2002-07-12|15|Hawthorn Hawks|Western Bulldogs,2002-07-12,2002,45624.0,32.0,45450.0,3.0,45624,140
2002-07-13|15|Adelaide Crows|St Kilda Saints,2002-07-13,2002,45631.0,30.0,45544.0,4.0,45501,120
2002-07-13|15|Brisbane Lions|Richmond Tigers,2002-07-13,2002,45377.0,30.0,45695.0,7.0,45813,126
2002-07-13|15|Collingwood Magpies|Geelong Cats,2002-07-13,2002,43796.0,29.0,44161.0,4.0,45642,111
2002-07-13|15|Fremantle Dockers|North Melbourne Kangaroos,2002-07-13,2002,45441.0,24.0,44465.0,3.0,45441,102
2002-07-14|15|Carlton Blues|Melbourne Demons,2002-07-14,2002,45668.0,26.0,45770.0,9.0,45770,116
2002-07-14|15|Essendon Bombers|West Coast Eagles,2002-07-14,2002,45626.0,28.0,45262.0,2.0,45626,114
2002-07-14|15|Port Adelaide Power|Sydney Swans,2002-07-14,2002,45451.0,26.0,45970.0,3.0,45529,117
2002-07-19|16|Collingwood Magpies|Richmond Tigers,2002-07-19,2002,45847.0,25.0,45470.0,3.0,45863,95
2002-07-20|16|Essendon Bombers|Geelong Cats,2002-07-20,2002,45820.0,27.0,45644.0,6.0,45644,113
2002-07-20|16|Fremantle Dockers|West Coast Eagles,2002-07-20,2002,45579.0,30.0,44465.0,4.0,45793,126
2002-07-20|16|Hawthorn Hawks|Melbourne Demons,2002-07-20,2002,43931.0,31.0,45422.0,3.0,43931,108
2002-07-20|16|North Melbourne Kangaroos|Port Adelaide Power,2002-07-20,2002,45899.0,23.0,44530.0,3.0,45899,123
2002-07-21|16|Adelaide Crows|Western Bulldogs,2002-07-21,2002,45549.0,32.0,45309.0,4.0,45549,116
2002-07-21|16|Brisbane Lions|Sydney Swans,2002-07-21,2002,45585.0,26.0,45695.0,7.0,45585,119
2002-07-21|16|Carlton Blues|St Kilda Saints,2002-07-21,2002,45766.0,28.0,45593.0,4.0,45729,126
2002-07-26|17|Essendon Bombers|Richmond Tigers,2002-07-26,2002,45836.0,28.0,45895.0,3.0,45363,113
2002-07-27|17|Brisbane Lions|Hawthorn Hawks,2002-07-27,2002,45359.0,32.0,45695.0,5.0,45359,120
2002-07-27|17|Carlton Blues|Sydney Swans,2002-07-27,2002,45970.0,30.0,45729.0,3.0,45548,119
2002-07-27|17|Collingwood Magpies|West Coast Eagles,2002-07-27,2002,45391.0,32.0,45712.0,4.0,45391,132
2002-07-27|17|Melbourne Demons|Port Adelaide Power,2002-07-27,2002,45620.0,29.0,45770.0,6.0,45390,110
2002-07-28|17|Adelaide Crows|Geelong Cats,2002-07-28,2002,45442.0,29.0,45830.0,5.0,45830,123
2002-07-28|17|Fremantle Dockers|St Kilda Saints,2002-07-28,2002,45346.0,33.0,44501.0,3.0,45880,108
2002-07-28|17|North Melbourne Kangaroos|Western Bulldogs,2002-07-28,2002,45887.0,34.0,45309.0,6.0,45309,128
2002-08-02|18|Carlton Blues|Collingwood Magpies,2002-08-02,2002,45391.0,33.0,45530.0,5.0,45391,151
2002-08-03|18|Brisbane Lions|Essendon Bombers,2002-08-03,2002,45585.0,28.0,45585.0,3.0,45585,146
2002-08-03|18|Fremantle Dockers|Hawthorn Hawks,2002-08-03,2002,45667.0,29.0,44465.0,3.0,45685,111
2002-08-03|18|Geelong Cats|North Melbourne Kangaroos,2002-08-03,2002,45883.0,24.0,43991.0,6.0,45899,107
2002-08-03|18|Port Adelaide Power|St Kilda Saints,2002-08-03,2002,45529.0,24.0,45925.0,3.0,45817,111
2002-08-04|18|Adelaide Crows|Sydney Swans,2002-08-04,2002,45549.0,30.0,45396.0,4.0,45549,123
2002-08-04|18|Melbourne Demons|Richmond Tigers,2002-08-04,2002,45983.0,30.0,45833.0,5.0,45983,123
2002-08-04|18|West Coast Eagles|Western Bulldogs,2002-08-04,2002,45467.0,29.0,45309.0,7.0,45467,116
2002-08-09|19|Collingwood Magpies|Hawthorn Hawks,2002-08-09,2002,45447.0,27.0,43727.0,5.0,45447,112
2002-08-10|19|Brisbane Lions|Western Bulldogs,2002-08-10,2002,45957.0,31.0,45669.0,3.0,45957,119
2002-08-10|19|Carlton Blues|Port Adelaide Power,2002-08-10,2002,45620.0,32.0,45443.0,2.0,45620,118
2002-08-10|19|Fremantle Dockers|Richmond Tigers,2002-08-10,2002,45403.0,34.0,45833.0,6.0,45377,149
2002-08-10|19|North Melbourne Kangaroos|Sydney Swans,2002-08-10,2002,45636.0,28.0,44530.0,5.0,45636,144
2002-08-11|19|Adelaide Crows|Essendon Bombers,2002-08-11,2002,45353.0,32.0,45396.0,3.0,45898,114
2002-08-11|19|Geelong Cats|St Kilda Saints,2002-08-11,2002,45358.0,28.0,44161.0,4.0,45582,117
2002-08-11|19|Melbourne Demons|West Coast Eagles,2002-08-11,2002,45629.0,29.0,44329.0,5.0,45629,102
2002-08-16|20|Hawthorn Hawks|Richmond Tigers,2002-08-16,2002,45667.0,30.0,45833.0,5.0,45403,111
2002-08-17|20|Brisbane Lions|West Coast Eagles,2002-08-17,2002,45941.0,28.0,45316.0,5.0,45941,125
2002-08-17|20|Carlton Blues|North Melbourne Kangaroos,2002-08-17,2002,45883.0,30.0,45729.0,4.0,45883,131
2002-08-17|20|Collingwood Magpies|Essendon Bombers,2002-08-17,2002,45750.0,30.0,45677.0,5.0,45677,121
2002-08-17|20|Fremantle Dockers|Geelong Cats,2002-08-17,2002,45346.0,31.0,45757.0,3.0,45346,115
2002-08-18|20|Adelaide Crows|Port Adelaide Power,2002-08-18,2002,45529.0,29.0,45902.0,3.0,45925,115
2002-08-18|20|Melbourne Demons|Western Bulldogs,2002-08-18,2002,45983.0,30.0,45770.0,7.0,45770,140
2002-08-18|20|St Kilda Saints|Sydney Swans,2002-08-18,2002,45917.0,31.0,45288.0,2.0,45917,114
2002-08-23|21|Hawthorn Hawks|North Melbourne Kangaroos,2002-08-23,2002,45881.0,29.0,45600.0,5.0,45576,109
2002-08-24|21|Brisbane Lions|Geelong Cats,2002-08-24,2002,45359.0,24.0,45316.0,4.0,45644,119
2002-08-24|21|Carlton Blues|Western Bulldogs,2002-08-24,2002,45404.0,24.0,45309.0,5.0,45467,116
2002-08-24|21|Melbourne Demons|Sydney Swans,2002-08-24,2002,45970.0,30.0,45563.0,7.0,45563,130
2002-08-24|21|Port Adelaide Power|West Coast Eagles,2002-08-24,2002,45529.0,30.0,43488.0,4.0,45529,108
2002-08-25|21|Adelaide Crows|Richmond Tigers,2002-08-25,2002,45627.0,27.0,45458.0,3.0,45627,115
2002-08-25|21|Collingwood Magpies|St Kilda Saints,2002-08-25,2002,45582.0,27.0,45508.0,3.0,45631,104
2002-08-25|21|Essendon Bombers|Fremantle Dockers,2002-08-25,2002,45346.0,29.0,45453.0,4.0,45793,108
2002-08-30|22|Geelong Cats|Hawthorn Hawks,2002-08-30,2002,45450.0,30.0,43463.0,3.0,45450,132
2002-08-31|22|Brisbane Lions|Port Adelaide Power,2002-08-31,2002,45359.0,32.0,45316.0,3.0,45941,124
2002-08-31|22|Collingwood Magpies|Western Bulldogs,2002-08-31,2002,45673.0,27.0,45309.0,6.0,45309,110
2002-08-31|22|Melbourne Demons|St Kilda Saints,2002-08-31,2002,45358.0,28.0,44786.0,6.0,44786,130
2002-08-31|22|Richmond Tigers|Sydney Swans,2002-08-31,2002,45451.0,30.0,45563.0,5.0,45563,136
2002-09-01|22|Adelaide Crows|Fremantle Dockers,2002-09-01,2002,45733.0,35.0,45396.0,4.0,45733,135
2002-09-01|22|Carlton Blues|Essendon Bombers,2002-09-01,2002,45766.0,31.0,45677.0,5.0,45766,125
2002-09-01|22|North Melbourne Kangaroos|West Coast Eagles,2002-09-01,2002,45445.0,33.0,45712.0,6.0,45445,119
2002-09-06|QF|Collingwood Magpies|Port Adelaide Power,2002-09-06,2002,45673.0,40.0,45392.0,3.0,45673,147
2002-09-07|EF|Essendon Bombers|West Coast Eagles,2002-09-07,2002,45750.0,34.0,45692.0,3.0,45692,129
2002-09-07|QF|Adelaide Crows|Brisbane Lions,2002-09-07,2002,45830.0,28.0,45695.0,7.0,45316,137
2002-09-08|EF|Melbourne Demons|North Melbourne Kangaroos,2002-09-08,2002,45983.0,31.0,45937.0,5.0,45983,133
2002-09-13|SF|Essendon Bombers|Port Adelaide Power,2002-09-13,2002,45904.0,27.0,45481.0,3.0,45628,119
2002-09-14|SF|Adelaide Crows|Melbourne Demons,2002-09-14,2002,45627.0,26.0,45770.0,5.0,45629,129
2002-09-21|PF|Adelaide Crows|Collingwood Magpies,2002-09-21,2002,45830.0,27.0,45338.0,3.0,45830,115
2002-09-21|PF|Brisbane Lions|Port Adelaide Power,2002-09-21,2002,45585.0,33.0,45695.0,5.0,45585,145
2002-09-28|GF|Brisbane Lions|Collingwood Magpies,2002-09-28,2002,45391.0,32.0,45695.0,4.0,45391,122
2003-03-28|1|Collingwood Magpies|Richmond Tigers,2003-03-28,2003,45391.0,31.0,43727.0,2.0,45391,139
2003-03-29|1|Brisbane Lions|Essendon Bombers,2003-03-29,2003,45665.0,27.0,45381.0,4.0,45941,108
2003-03-29|1|Carlton Blues|Sydney Swans,2003-03-29,2003,45367.0,29.0,45563.0,4.0,45548,131
2003-03-29|1|North Melbourne Kangaroos|St Kilda Saints,2003-03-29,2003,45881.0,29.0,44501.0,4.0,45881,119
2003-03-29|1|Port Adelaide Power|West Coast Eagles,2003-03-29,2003,45521.0,30.0,45712.0,4.0,45521,128
2003-03-30|1|Adelaide Crows|Fremantle Dockers,2003-03-30,2003,45346.0,33.0,45408.0,4.0,45346,121
2003-03-30|1|Geelong Cats|Western Bulldogs,2003-03-30,2003,45957.0,35.0,45309.0,3.0,45321,109
2003-03-30|1|Hawthorn Hawks|Melbourne Demons,2003-03-30,2003,45390.0,23.0,45770.0,5.0,45508,118
2003-04-04|2|Carlton Blues|Collingwood Magpies,2003-04-04,2003,45391.0,30.0,45513.0,5.0,45912,127
2003-04-05|2|Adelaide Crows|St Kilda Saints,2003-04-05,2003,45733.0,27.0,44501.0,5.0,45577,102
2003-04-05|2|Brisbane Lions|Port Adelaide Power,2003-04-05,2003,45904.0,37.0,43488.0,3.0,45904,114
2003-04-05|2|Essendon Bombers|Melbourne Demons,2003-04-05,2003,45547.0,26.0,45555.0,3.0,45890,110
2003-04-05|2|Fremantle Dockers|Sydney Swans,2003-04-05,2003,45579.0,37.0,45563.0,3.0,45579,124
2003-04-06|2|Geelong Cats|North Melbourne Kangaroos,2003-04-06,2003,45442.0,30.0,43991.0,2.0,45442,123
2003-04-06|2|Hawthorn Hawks|West Coast Eagles,2003-04-06,2003,45521.0,31.0,43876.0,3.0,45799,114
2003-04-06|2|Richmond Tigers|Western Bulldogs,2003-04-06,2003,45403.0,28.0,45309.0,4.0,45467,121
2003-04-11|3|Carlton Blues|Essendon Bombers,2003-04-11,2003,45605.0,28.0,45513.0,4.0,45605,115
2003-04-12|3|Brisbane Lions|North Melbourne Kangaroos,2003-04-12,2003,45881.0,31.0,44530.0,5.0,45941,132
2003-04-12|3|Collingwood Magpies|Geelong Cats,2003-04-12,2003,45674.0,23.0,45844.0,4.0,45912,136
2003-04-12|3|Hawthorn Hawks|Port Adelaide Power,2003-04-12,2003,45620.0,27.0,43488.0,5.0,45667,115
2003-04-12|3|St Kilda Saints|West Coast Eagles,2003-04-12,2003,45582.0,30.0,45712.0,7.0,45582,136
2003-04-13|3|Adelaide Crows|Sydney Swans,2003-04-13,2003,45714.0,27.0,45902.0,4.0,45714,113
2003-04-13|3|Fremantle Dockers|Richmond Tigers,2003-04-13,2003,45377.0,33.0,44808.0,3.0,43627,144
2003-04-13|3|Melbourne Demons|Western Bulldogs,2003-04-13,2003,45624.0,28.0,45770.0,7.0,45624,118
2003-04-17|4|Brisbane Lions|Collingwood Magpies,2003-04-17,2003,45391.0,33.0,45844.0,4.0,45912,110
2003-04-19|4|Essendon Bombers|Western Bulldogs,2003-04-19,2003,45626.0,31.0,45309.0,5.0,45309,131
2003-04-19|4|Geelong Cats|Melbourne Demons,2003-04-19,2003,45674.0,31.0,45644.0,5.0,45674,125
2003-04-19|4|Hawthorn Hawks|Sydney Swans,2003-04-19,2003,45450.0,26.0,45487.0,4.0,45910,121
2003-04-20|4|Adelaide Crows|West Coast Eagles,2003-04-20,2003,45830.0,30.0,45712.0,5.0,45830,126
2003-04-20|4|Carlton Blues|Port Adelaide Power,2003-04-20,2003,45904.0,36.0,43488.0,3.0,45904,139
2003-04-20|4|Fremantle Dockers|North Melbourne Kangaroos,2003-04-20,2003,45346.0,31.0,43991.0,3.0,45579,118
2003-04-21|4|Richmond Tigers|St Kilda Saints,2003-04-21,2003,45921.0,25.0,45604.0,4.0,43627,112
2003-04-25|5|Collingwood Magpies|Essendon Bombers,2003-04-25,2003,45391.0,37.0,45677.0,6.0,45595,137
2003-04-25|5|Melbourne Demons|Sydney Swans,2003-04-25,2003,45451.0,26.0,45770.0,6.0,45962,121
2003-04-26|5|Adelaide Crows|Port Adelaide Power,2003-04-26,2003,45549.0,25.0,43488.0,3.0,45443,116
2003-04-26|5|Carlton Blues|North Melbourne Kangaroos,2003-04-26,2003,45899.0,32.0,45513.0,8.0,45703,117
2003-04-26|5|Hawthorn Hawks|Richmond Tigers,2003-04-26,2003,45627.0,30.0,43627.0,3.0,45667,126
2003-04-27|5|Brisbane Lions|Western Bulldogs,2003-04-27,2003,45957.0,36.0,45381.0,6.0,45316,140
2003-04-27|5|Fremantle Dockers|West Coast Eagles,2003-04-27,2003,45346.0,28.0,44854.0,4.0,45505,110
2003-04-27|5|Geelong Cats|St Kilda Saints,2003-04-27,2003,43334.0,27.0,44501.0,4.0,43334,127
2003-05-02|6|Adelaide Crows|North Melbourne Kangaroos,2003-05-02,2003,45830.0,39.0,45408.0,4.0,44151,128
2003-05-03|6|Carlton Blues|Hawthorn Hawks,2003-05-03,2003,45823.0,28.0,45446.0,3.0,45823,112
2003-05-03|6|Collingwood Magpies|Sydney Swans,2003-05-03,2003,45391.0,31.0,45912.0,5.0,45844,114
2003-05-03|6|Melbourne Demons|West Coast Eagles,2003-05-03,2003,45826.0,23.0,45712.0,5.0,45540,122
2003-05-03|6|Port Adelaide Power|Richmond Tigers,2003-05-03,2003,45904.0,27.0,43488.0,4.0,45392,112
2003-05-04|6|Brisbane Lions|Geelong Cats,2003-05-04,2003,45665.0,29.0,45644.0,5.0,45665,121
2003-05-04|6|Essendon Bombers|Fremantle Dockers,2003-05-04,2003,45579.0,32.0,45677.0,5.0,45585,133
2003-05-04|6|St Kilda Saints|Western Bulldogs,2003-05-04,2003,45957.0,33.0,43422.0,3.0,45467,129
2003-05-09|7|Hawthorn Hawks|North Melbourne Kangaroos,2003-05-09,2003,45450.0,28.0,45919.0,5.0,45667,126
2003-05-10|7|Adelaide Crows|Collingwood Magpies,2003-05-10,2003,45975.0,32.0,45394.0,4.0,45975,152
2003-05-10|7|Carlton Blues|St Kilda Saints,2003-05-10,2003,45577.0,31.0,44786.0,3.0,45582,159
2003-05-10|7|Essendon Bombers|Richmond Tigers,2003-05-10,2003,45627.0,30.0,44241.0,5.0,45627,116
2003-05-10|7|Geelong Cats|West Coast Eagles,2003-05-10,2003,45521.0,31.0,45420.0,4.0,45521,114
2003-05-11|7|Brisbane Lions|Sydney Swans,2003-05-11,2003,45359.0,22.0,45783.0,5.0,45548,96
2003-05-11|7|Fremantle Dockers|Western Bulldogs,2003-05-11,2003,43883.0,29.0,44465.0,4.0,45624,114
2003-05-11|7|Melbourne Demons|Port Adelaide Power,2003-05-11,2003,45948.0,31.0,45392.0,3.0,45948,123
2003-05-16|8|Essendon Bombers|Hawthorn Hawks,2003-05-16,2003,45742.0,22.0,45462.0,3.0,45742,104
2003-05-17|8|Adelaide Crows|Brisbane Lions,2003-05-17,2003,45359.0,28.0,45695.0,7.0,45359,113
2003-05-17|8|Collingwood Magpies|West Coast Eagles,2003-05-17,2003,45673.0,28.0,45505.0,4.0,45505,127
2003-05-17|8|Melbourne Demons|Richmond Tigers,2003-05-17,2003,45833.0,24.0,45770.0,4.0,45833,129
2003-05-17|8|North Melbourne Kangaroos|Port Adelaide Power,2003-05-17,2003,45881.0,28.0,43488.0,4.0,45392,131
2003-05-18|8|Carlton Blues|Western Bulldogs,2003-05-18,2003,45823.0,28.0,45309.0,4.0,45309,99
2003-05-18|8|Fremantle Dockers|St Kilda Saints,2003-05-18,2003,45577.0,31.0,45544.0,5.0,45577,129
2003-05-18|8|Geelong Cats|Sydney Swans,2003-05-18,2003,45674.0,28.0,45551.0,4.0,45551,117
2003-05-23|9|Essendon Bombers|Port Adelaide Power,2003-05-23,2003,45750.0,32.0,45925.0,7.0,45925,129
2003-05-24|9|Brisbane Lions|Carlton Blues,2003-05-24,2003,45359.0,31.0,45729.0,4.0,45575,134
2003-05-24|9|Collingwood Magpies|St Kilda Saints,2003-05-24,2003,45395.0,28.0,45912.0,6.0,45912,148
2003-05-24|9|Fremantle Dockers|Melbourne Demons,2003-05-24,2003,45410.0,27.0,45685.0,6.0,45410,114
2003-05-24|9|Richmond Tigers|West Coast Eagles,2003-05-24,2003,45445.0,26.0,45712.0,5.0,45584,109
2003-05-25|9|Adelaide Crows|Western Bulldogs,2003-05-25,2003,45887.0,28.0,45309.0,4.0,45344,122
2003-05-25|9|Geelong Cats|Hawthorn Hawks,2003-05-25,2003,45442.0,31.0,45487.0,4.0,45442,126
2003-05-25|9|North Melbourne Kangaroos|Sydney Swans,2003-05-25,2003,45576.0,26.0,45563.0,4.0,45576,105
2003-05-30|10|Collingwood Magpies|Port Adelaide Power,2003-05-30,2003,45904.0,28.0,45433.0,3.0,45948,93
2003-05-31|10|Brisbane Lions|Melbourne Demons,2003-05-31,2003,45668.0,30.0,45695.0,5.0,45803,114
2003-05-31|10|Carlton Blues|Fremantle Dockers,2003-05-31,2003,45523.0,26.0,44465.0,7.0,44465,104
2003-05-31|10|North Melbourne Kangaroos|Western Bulldogs,2003-05-31,2003,45881.0,38.0,44530.0,4.0,45881,151
2003-05-31|10|Richmond Tigers|Sydney Swans,2003-05-31,2003,45414.0,22.0,45470.0,3.0,45367,125
2003-06-01|10|Adelaide Crows|Geelong Cats,2003-06-01,2003,45674.0,28.0,45687.0,3.0,45674,108
2003-06-01|10|Essendon Bombers|West Coast Eagles,2003-06-01,2003,45445.0,31.0,45677.0,6.0,45677,130
2003-06-01|10|Hawthorn Hawks|St Kilda Saints,2003-06-01,2003,45577.0,40.0,44563.0,4.0,45577,130
2003-06-06|11|North Melbourne Kangaroos|Richmond Tigers,2003-06-06,2003,45576.0,26.0,43991.0,3.0,45377,125
2003-06-07|11|Adelaide Crows|Hawthorn Hawks,2003-06-07,2003,45450.0,33.0,45600.0,3.0,44508,126
2003-06-07|11|Brisbane Lions|St Kilda Saints,2003-06-07,2003,45582.0,35.0,44786.0,4.0,44786,142
2003-06-07|11|Essendon Bombers|Sydney Swans,2003-06-07,2003,45628.0,25.0,45563.0,5.0,45970,115
2003-06-08|11|Carlton Blues|Geelong Cats,2003-06-08,2003,45654.0,31.0,45644.0,4.0,45748,112
2003-06-08|11|Fremantle Dockers|Port Adelaide Power,2003-06-08,2003,45904.0,34.0,45925.0,7.0,45904,139
2003-06-08|11|West Coast Eagles|Western Bulldogs,2003-06-08,2003,45445.0,28.0,45309.0,7.0,45505,104
2003-06-09|11|Collingwood Magpies|Melbourne Demons,2003-06-09,2003,45673.0,29.0,45395.0,4.0,45912,136
2003-06-13|12|Essendon Bombers|North Melbourne Kangaroos,2003-06-13,2003,45881.0,31.0,45677.0,5.0,44684,120
2003-06-14|12|Carlton Blues|Richmond Tigers,2003-06-14,2003,45654.0,31.0,45766.0,5.0,45377,126
2003-06-14|12|Fremantle Dockers|Geelong Cats,2003-06-14,2003,45346.0,33.0,45644.0,5.0,45579,117
2003-06-14|12|Port Adelaide Power|St Kilda Saints,2003-06-14,2003,45577.0,33.0,45802.0,3.0,45582,135
2003-06-14|12|Sydney Swans|Western Bulldogs,2003-06-14,2003,45367.0,29.0,45563.0,6.0,45563,136
2003-06-15|12|Adelaide Crows|Melbourne Demons,2003-06-15,2003,45668.0,27.0,45798.0,6.0,45721,133
2003-06-15|12|Brisbane Lions|West Coast Eagles,2003-06-15,2003,45359.0,36.0,45695.0,8.0,45359,123
2003-06-15|12|Collingwood Magpies|Hawthorn Hawks,2003-06-15,2003,45450.0,29.0,45530.0,3.0,45600,118
2003-06-27|13|Essendon Bombers|Geelong Cats,2003-06-27,2003,44690.0,32.0,45462.0,5.0,44690,122
2003-06-28|13|Brisbane Lions|Richmond Tigers,2003-06-28,2003,45359.0,27.0,45695.0,6.0,45788,115
2003-06-28|13|Collingwood Magpies|Western Bulldogs,2003-06-28,2003,45391.0,35.0,45777.0,4.0,45391,130
2003-06-28|13|Melbourne Demons|St Kilda Saints,2003-06-28,2003,45582.0,30.0,45770.0,7.0,45629,107
2003-06-28|13|Port Adelaide Power|Sydney Swans,2003-06-28,2003,45451.0,34.0,45948.0,3.0,45451,122
2003-06-29|13|Adelaide Crows|Carlton Blues,2003-06-29,2003,45396.0,29.0,44151.0,5.0,45396,140
2003-06-29|13|Fremantle Dockers|Hawthorn Hawks,2003-06-29,2003,45450.0,31.0,45667.0,4.0,45936,112
2003-06-29|13|North Melbourne Kangaroos|West Coast Eagles,2003-06-29,2003,45883.0,22.0,45845.0,4.0,45845,115
2003-07-04|14|Essendon Bombers|St Kilda Saints,2003-07-04,2003,45595.0,29.0,45677.0,8.0,45582,113
2003-07-05|14|Adelaide Crows|Richmond Tigers,2003-07-05,2003,45830.0,29.0,45833.0,3.0,43627,115
2003-07-05|14|Brisbane Lions|Fremantle Dockers,2003-07-05,2003,45441.0,35.0,45803.0,3.0,45441,142
2003-07-05|14|Collingwood Magpies|North Melbourne Kangaroos,2003-07-05,2003,45391.0,29.0,45912.0,4.0,45824,112
2003-07-05|14|Hawthorn Hawks|Western Bulldogs,2003-07-05,2003,45957.0,32.0,45919.0,5.0,45498,113
2003-07-06|14|Carlton Blues|Melbourne Demons,2003-07-06,2003,45404.0,26.0,45770.0,5.0,45770,119
2003-07-06|14|Geelong Cats|Port Adelaide Power,2003-07-06,2003,45674.0,34.0,45420.0,3.0,45674,127
2003-07-06|14|Sydney Swans|West Coast Eagles,2003-07-06,2003,45970.0,26.0,45783.0,6.0,45548,111
2003-07-11|15|Adelaide Crows|Essendon Bombers,2003-07-11,2003,45830.0,27.0,45956.0,6.0,45956,114
2003-07-12|15|Carlton Blues|West Coast Eagles,2003-07-12,2003,44194.0,33.0,45712.0,6.0,44194,144
2003-07-12|15|Collingwood Magpies|Fremantle Dockers,2003-07-12,2003,45391.0,33.0,45530.0,3.0,45391,128
2003-07-12|15|Geelong Cats|Richmond Tigers,2003-07-12,2003,43627.0,32.0,45551.0,5.0,45551,127
2003-07-12|15|St Kilda Saints|Sydney Swans,2003-07-12,2003,45577.0,29.0,45451.0,3.0,45577,128
2003-07-13|15|Brisbane Lions|Hawthorn Hawks,2003-07-13,2003,45450.0,30.0,45695.0,4.0,45450,112
2003-07-13|15|Melbourne Demons|North Melbourne Kangaroos,2003-07-13,2003,45824.0,32.0,45390.0,6.0,45824,134
2003-07-13|15|Port Adelaide Power|Western Bulldogs,2003-07-13,2003,45957.0,36.0,45925.0,6.0,45498,119
2003-07-18|16|Collingwood Magpies|Richmond Tigers,2003-07-18,2003,45673.0,30.0,45754.0,4.0,45391,127
2003-07-19|16|Brisbane Lions|Essendon Bombers,2003-07-19,2003,45595.0,31.0,45677.0,5.0,45595,113
2003-07-19|16|Carlton Blues|Sydney Swans,2003-07-19,2003,45654.0,27.0,45513.0,6.0,45451,112
2003-07-19|16|Hawthorn Hawks|Melbourne Demons,2003-07-19,2003,45983.0,26.0,45825.0,5.0,45825,128
2003-07-19|16|Port Adelaide Power|West Coast Eagles,2003-07-19,2003,45904.0,24.0,45925.0,5.0,45925,133
2003-07-20|16|Adelaide Crows|Fremantle Dockers,2003-07-20,2003,45830.0,35.0,45396.0,4.0,45346,134
2003-07-20|16|Geelong Cats|Western Bulldogs,2003-07-20,2003,45887.0,28.0,45624.0,4.0,45624,132
2003-07-20|16|North Melbourne Kangaroos|St Kilda Saints,2003-07-20,2003,45554.0,26.0,45544.0,9.0,45544,139
2003-07-25|17|Hawthorn Hawks|West Coast Eagles,2003-07-25,2003,45445.0,32.0,44997.0,2.0,43634,119
2003-07-26|17|Brisbane Lions|Port Adelaide Power,2003-07-26,2003,45948.0,25.0,45409.0,4.0,45409,108
2003-07-26|17|Essendon Bombers|Melbourne Demons,2003-07-26,2003,45626.0,30.0,45462.0,3.0,45721,108
2003-07-26|17|Geelong Cats|North Melbourne Kangaroos,2003-07-26,2003,45674.0,32.0,43991.0,3.0,45899,129
2003-07-26|17|Richmond Tigers|Western Bulldogs,2003-07-26,2003,45957.0,32.0,45598.0,6.0,45833,149
2003-07-27|17|Adelaide Crows|St Kilda Saints,2003-07-27,2003,45830.0,33.0,44151.0,6.0,45396,146
2003-07-27|17|Carlton Blues|Collingwood Magpies,2003-07-27,2003,45975.0,27.0,45844.0,4.0,45608,108
2003-07-27|17|Fremantle Dockers|Sydney Swans,2003-07-27,2003,45451.0,25.0,44465.0,3.0,45783,100
2003-08-01|18|Melbourne Demons|Western Bulldogs,2003-08-01,2003,45957.0,32.0,45309.0,5.0,45467,135
2003-08-02|18|Brisbane Lions|North Melbourne Kangaroos,2003-08-02,2003,45359.0,33.0,45695.0,5.0,45813,131
2003-08-02|18|Carlton Blues|Essendon Bombers,2003-08-02,2003,45595.0,30.0,44046.0,2.0,45595,136
2003-08-02|18|Collingwood Magpies|Geelong Cats,2003-08-02,2003,45395.0,29.0,45844.0,5.0,45395,119
2003-08-02|18|Fremantle Dockers|Richmond Tigers,2003-08-02,2003,43627.0,32.0,45921.0,4.0,45346,121
2003-08-03|18|Adelaide Crows|Sydney Swans,2003-08-03,2003,45501.0,22.0,45408.0,5.0,44245,96
2003-08-03|18|Hawthorn Hawks|Port Adelaide Power,2003-08-03,2003,45620.0,25.0,45802.0,4.0,45802,108
2003-08-03|18|St Kilda Saints|West Coast Eagles,2003-08-03,2003,45582.0,27.0,45544.0,4.0,43562,109
2003-08-08|19|Geelong Cats|Melbourne Demons,2003-08-08,2003,45983.0,28.0,44395.0,3.0,45983,104
2003-08-09|19|Adelaide Crows|West Coast Eagles,2003-08-09,2003,45382.0,27.0,44151.0,4.0,44221,112
2003-08-09|19|Brisbane Lions|Collingwood Magpies,2003-08-09,2003,45391.0,31.0,45387.0,3.0,45406,117
2003-08-09|19|Hawthorn Hawks|Sydney Swans,2003-08-09,2003,44508.0,27.0,45563.0,4.0,44508,104
2003-08-09|19|Richmond Tigers|St Kilda Saints,2003-08-09,2003,45627.0,29.0,44786.0,4.0,44857,132
2003-08-10|19|Carlton Blues|Port Adelaide Power,2003-08-10,2003,45620.0,28.0,45802.0,4.0,45802,125
2003-08-10|19|Essendon Bombers|Western Bulldogs,2003-08-10,2003,45309.0,29.0,45677.0,11.0,45677,142
2003-08-10|19|Fremantle Dockers|North Melbourne Kangaroos,2003-08-10,2003,45881.0,27.0,44541.0,3.0,45576,135
2003-08-15|20|Adelaide Crows|Collingwood Magpies,2003-08-15,2003,45673.0,34.0,43727.0,3.0,45530,121
2003-08-16|20|Carlton Blues|St Kilda Saints,2003-08-16,2003,45654.0,34.0,45544.0,7.0,45654,152
2003-08-16|20|Geelong Cats|West Coast Eagles,2003-08-16,2003,45521.0,30.0,45712.0,4.0,45521,121
2003-08-16|20|Hawthorn Hawks|North Melbourne Kangaroos,2003-08-16,2003,44508.0,28.0,45667.0,4.0,45554,118
2003-08-16|20|Melbourne Demons|Port Adelaide Power,2003-08-16,2003,45555.0,29.0,45770.0,5.0,45925,112
2003-08-17|20|Brisbane Lions|Sydney Swans,2003-08-17,2003,45941.0,34.0,45563.0,5.0,45941,126
2003-08-17|20|Essendon Bombers|Richmond Tigers,2003-08-17,2003,43627.0,34.0,45677.0,6.0,45788,142
2003-08-17|20|Fremantle Dockers|Western Bulldogs,2003-08-17,2003,45957.0,29.0,44465.0,4.0,45309,122
2003-08-22|21|Carlton Blues|Hawthorn Hawks,2003-08-22,2003,45450.0,34.0,45919.0,6.0,45450,135
2003-08-23|21|Adelaide Crows|North Melbourne Kangaroos,2003-08-23,2003,45881.0,30.0,45408.0,3.0,45881,123
2003-08-23|21|Brisbane Lions|Geelong Cats,2003-08-23,2003,45665.0,28.0,44161.0,6.0,45381,130
2003-08-23|21|Collingwood Magpies|Sydney Swans,2003-08-23,2003,45713.0,29.0,45844.0,3.0,45548,138
2003-08-23|21|Essendon Bombers|Fremantle Dockers,2003-08-23,2003,45595.0,26.0,45677.0,6.0,45346,131
2003-08-24|21|Melbourne Demons|West Coast Eagles,2003-08-24,2003,45834.0,31.0,45712.0,5.0,43304,103
2003-08-24|21|Port Adelaide Power|Richmond Tigers,2003-08-24,2003,43627.0,31.0,45604.0,5.0,45925,144
2003-08-24|21|St Kilda Saints|Western Bulldogs,2003-08-24,2003,45957.0,32.0,45544.0,3.0,43334,129
2003-08-29|22|Collingwood Magpies|Essendon Bombers,2003-08-29,2003,45391.0,27.0,45391.0,2.0,45975,126
2003-08-30|22|Brisbane Lions|Western Bulldogs,2003-08-30,2003,45665.0,35.0,44421.0,6.0,45813,128
2003-08-30|22|Fremantle Dockers|West Coast Eagles,2003-08-30,2003,45579.0,29.0,44465.0,3.0,45346,121
2003-08-30|22|Geelong Cats|St Kilda Saints,2003-08-30,2003,45582.0,31.0,43262.0,3.0,45812,115
2003-08-30|22|Melbourne Demons|Sydney Swans,2003-08-30,2003,45525.0,27.0,45783.0,5.0,45525,111
2003-08-31|22|Adelaide Crows|Port Adelaide Power,2003-08-31,2003,45859.0,24.0,44151.0,3.0,45859,99
2003-08-31|22|Carlton Blues|North Melbourne Kangaroos,2003-08-31,2003,45605.0,31.0,45513.0,5.0,44541,136
2003-08-31|22|Hawthorn Hawks|Richmond Tigers,2003-08-31,2003,45627.0,33.0,45919.0,5.0,45788,116
2003-09-05|EF|Essendon Bombers|Fremantle Dockers,2003-09-05,2003,45579.0,28.0,45677.0,5.0,45595,110
2003-09-06|EF|Adelaide Crows|West Coast Eagles,2003-09-06,2003,45353.0,24.0,45445.0,3.0,45445,98
2003-09-06|QF|Brisbane Lions|Collingwood Magpies,2003-09-06,2003,45391.0,32.0,45695.0,3.0,45665,115
2003-09-07|QF|Port Adelaide Power|Sydney Swans,2003-09-07,2003,45904.0,27.0,45563.0,6.0,45563,106
2003-09-12|SF|Adelaide Crows|Brisbane Lions,2003-09-12,2003,45359.0,29.0,45695.0,6.0,45665,117
2003-09-13|SF|Essendon Bombers|Port Adelaide Power,2003-09-13,2003,45692.0,23.0,45925.0,3.0,45409,120
2003-09-20|PF|Brisbane Lions|Sydney Swans,2003-09-20,2003,45970.0,26.0,45695.0,3.0,45970,107
2003-09-20|PF|Collingwood Magpies|Port Adelaide Power,2003-09-20,2003,45673.0,27.0,45469.0,3.0,45673,108
2003-09-27|GF|Brisbane Lions|Collingwood Magpies,2003-09-27,2003,45359.0,39.0,45316.0,5.0,45359,144
2004-03-26|1|Collingwood Magpies|Richmond Tigers,2004-03-26,2004,45391.0,31.0,45833.0,5.0,45391,133
2004-03-27|1|Brisbane Lions|Sydney Swans,2004-03-27,2004,45359.0,27.0,45470.0,4.0,45548,122
2004-03-27|1|Carlton Blues|Fremantle Dockers,2004-03-27,2004,45346.0,38.0,44465.0,4.0,45579,135
2004-03-27|1|Geelong Cats|St Kilda Saints,2004-03-27,2004,45631.0,27.0,45544.0,7.0,45674,115
2004-03-27|1|Hawthorn Hawks|Melbourne Demons,2004-03-27,2004,44508.0,33.0,45245.0,4.0,45450,116
2004-03-28|1|Adelaide Crows|North Melbourne Kangaroos,2004-03-28,2004,45554.0,29.0,45388.0,6.0,45554,119
2004-03-28|1|Essendon Bombers|Port Adelaide Power,2004-03-28,2004,45595.0,31.0,45481.0,6.0,45925,133
2004-03-28|1|West Coast Eagles|Western Bulldogs,2004-03-28,2004,45445.0,33.0,45825.0,7.0,45825,125
2004-04-02|2|Melbourne Demons|Richmond Tigers,2004-04-02,2004,45627.0,32.0,45770.0,9.0,45770,121
2004-04-03|2|Adelaide Crows|Brisbane Lions,2004-04-03,2004,45665.0,32.0,45941.0,7.0,45941,123
2004-04-03|2|Collingwood Magpies|Western Bulldogs,2004-04-03,2004,45498.0,28.0,45844.0,4.0,45467,145
2004-04-03|2|Essendon Bombers|St Kilda Saints,2004-04-03,2004,45595.0,33.0,45692.0,4.0,45595,135
2004-04-03|2|Port Adelaide Power|West Coast Eagles,2004-04-03,2004,45521.0,26.0,44854.0,5.0,45925,136
2004-04-04|2|Carlton Blues|Geelong Cats,2004-04-04,2004,45404.0,32.0,45513.0,5.0,45404,146
2004-04-04|2|Fremantle Dockers|Sydney Swans,2004-04-04,2004,45579.0,28.0,45563.0,5.0,45793,121
2004-04-04|2|Hawthorn Hawks|North Melbourne Kangaroos,2004-04-04,2004,45667.0,28.0,45919.0,4.0,45667,119
2004-04-08|3|Brisbane Lions|Collingwood Magpies,2004-04-08,2004,45395.0,28.0,45695.0,7.0,45395,122
2004-04-10|3|Carlton Blues|North Melbourne Kangaroos,2004-04-10,2004,45664.0,28.0,44541.0,4.0,45664,108
2004-04-10|3|Essendon Bombers|West Coast Eagles,2004-04-10,2004,45595.0,34.0,45677.0,8.0,45595,143
2004-04-10|3|Geelong Cats|Sydney Swans,2004-04-10,2004,44206.0,22.0,44206.0,3.0,44206,110
2004-04-11|3|Adelaide Crows|Fremantle Dockers,2004-04-11,2004,45830.0,34.0,45686.0,4.0,45579,126
2004-04-11|3|Hawthorn Hawks|Port Adelaide Power,2004-04-11,2004,45392.0,28.0,45817.0,4.0,45925,115
2004-04-11|3|Melbourne Demons|Western Bulldogs,2004-04-11,2004,45957.0,28.0,43422.0,4.0,45957,116
2004-04-12|3|Richmond Tigers|St Kilda Saints,2004-04-12,2004,45577.0,28.0,45544.0,5.0,45377,121
2004-04-16|4|Carlton Blues|Essendon Bombers,2004-04-16,2004,45904.0,28.0,44315.0,3.0,44458,105
2004-04-17|4|Adelaide Crows|St Kilda Saints,2004-04-17,2004,45830.0,33.0,45544.0,6.0,45582,132
2004-04-17|4|Brisbane Lions|West Coast Eagles,2004-04-17,2004,44194.0,30.0,44412.0,3.0,44194,115
2004-04-17|4|Geelong Cats|Richmond Tigers,2004-04-17,2004,45921.0,32.0,45551.0,6.0,45551,112
2004-04-17|4|Melbourne Demons|Port Adelaide Power,2004-04-17,2004,45392.0,31.0,45770.0,6.0,45555,112
2004-04-18|4|Collingwood Magpies|Fremantle Dockers,2004-04-18,2004,45623.0,29.0,44465.0,3.0,45623,119
2004-04-18|4|Hawthorn Hawks|Western Bulldogs,2004-04-18,2004,45957.0,34.0,45573.0,3.0,45957,123
2004-04-18|4|North Melbourne Kangaroos|Sydney Swans,2004-04-18,2004,45713.0,31.0,45563.0,4.0,45563,119
2004-04-23|5|Adelaide Crows|Richmond Tigers,2004-04-23,2004,43828.0,25.0,45723.0,5.0,43828,110
2004-04-24|5|Brisbane Lions|Hawthorn Hawks,2004-04-24,2004,44969.0,36.0,45508.0,4.0,44969,139
2004-04-24|5|Carlton Blues|West Coast Eagles,2004-04-24,2004,45664.0,31.0,45513.0,6.0,45863,131
2004-04-24|5|Melbourne Demons|Sydney Swans,2004-04-24,2004,45548.0,26.0,45770.0,6.0,45089,121
2004-04-24|5|North Melbourne Kangaroos|St Kilda Saints,2004-04-24,2004,45358.0,35.0,45544.0,4.0,45358,142
2004-04-25|5|Collingwood Magpies|Essendon Bombers,2004-04-25,2004,44417.0,29.0,45692.0,4.0,45595,130
2004-04-25|5|Fremantle Dockers|Geelong Cats,2004-04-25,2004,45793.0,29.0,45880.0,5.0,44514,108
2004-04-25|5|Port Adelaide Power|Western Bulldogs,2004-04-25,2004,45624.0,28.0,43621.0,2.0,45409,122
2004-04-30|6|Hawthorn Hawks|Richmond Tigers,2004-04-30,2004,45921.0,30.0,45245.0,5.0,45508,140
2004-05-01|6|Brisbane Lions|St Kilda Saints,2004-05-01,2004,45582.0,28.0,45665.0,3.0,45582,133
2004-05-01|6|Essendon Bombers|Sydney Swans,2004-05-01,2004,45522.0,23.0,45563.0,4.0,45563,111
2004-05-01|6|Fremantle Dockers|West Coast Eagles,2004-05-01,2004,45346.0,33.0,45712.0,4.0,45346,142
2004-05-01|6|North Melbourne Kangaroos|Western Bulldogs,2004-05-01,2004,45957.0,36.0,45576.0,4.0,45881,134
2004-05-02|6|Adelaide Crows|Geelong Cats,2004-05-02,2004,45396.0,27.0,43262.0,3.0,45396,115
2004-05-02|6|Carlton Blues|Melbourne Demons,2004-05-02,2004,45983.0,31.0,45390.0,7.0,45390,132
2004-05-02|6|Collingwood Magpies|Port Adelaide Power,2004-05-02,2004,45777.0,38.0,45925.0,4.0,45777,164
2004-05-07|7|Essendon Bombers|Western Bulldogs,2004-05-07,2004,45887.0,28.0,45677.0,5.0,45624,132
2004-05-08|7|Adelaide Crows|Port Adelaide Power,2004-05-08,2004,45830.0,36.0,45925.0,7.0,45733,107
2004-05-08|7|Brisbane Lions|North Melbourne Kangaroos,2004-05-08,2004,45881.0,29.0,45381.0,5.0,45665,113
2004-05-08|7|Carlton Blues|Collingwood Magpies,2004-05-08,2004,45975.0,24.0,45513.0,6.0,45975,99
2004-05-08|7|Fremantle Dockers|St Kilda Saints,2004-05-08,2004,45346.0,30.0,45544.0,4.0,44857,101
2004-05-09|7|Geelong Cats|Hawthorn Hawks,2004-05-09,2004,44206.0,25.0,45245.0,3.0,44206,112
2004-05-09|7|Melbourne Demons|West Coast Eagles,2004-05-09,2004,45382.0,28.0,45841.0,5.0,45841,128
2004-05-09|7|Richmond Tigers|Sydney Swans,2004-05-09,2004,45309.0,28.0,45833.0,7.0,45833,124
2004-05-14|8|Adelaide Crows|Essendon Bombers,2004-05-14,2004,45830.0,28.0,45408.0,6.0,45766,119
2004-05-15|8|Brisbane Lions|Carlton Blues,2004-05-15,2004,45359.0,29.0,45316.0,5.0,45381,118
2004-05-15|8|Collingwood Magpies|St Kilda Saints,2004-05-15,2004,45975.0,28.0,44501.0,5.0,45623,111
2004-05-15|8|Richmond Tigers|Western Bulldogs,2004-05-15,2004,45957.0,35.0,45833.0,10.0,45833,158
2004-05-15|8|Sydney Swans|West Coast Eagles,2004-05-15,2004,44194.0,27.0,45563.0,5.0,43634,124
2004-05-16|8|Fremantle Dockers|Hawthorn Hawks,2004-05-16,2004,45346.0,26.0,45346.0,2.0,45342,119
2004-05-16|8|Geelong Cats|Melbourne Demons,2004-05-16,2004,44206.0,25.0,43684.0,5.0,45962,119
2004-05-16|8|North Melbourne Kangaroos|Port Adelaide Power,2004-05-16,2004,45881.0,28.0,45576.0,4.0,45576,111
2004-05-21|9|Adelaide Crows|Collingwood Magpies,2004-05-21,2004,45673.0,26.0,45912.0,5.0,45733,109
2004-05-22|9|Brisbane Lions|Fremantle Dockers,2004-05-22,2004,45316.0,31.0,44465.0,9.0,44465,137
2004-05-22|9|Essendon Bombers|Geelong Cats,2004-05-22,2004,45628.0,23.0,45644.0,7.0,45674,108
2004-05-22|9|Melbourne Demons|North Melbourne Kangaroos,2004-05-22,2004,45881.0,33.0,45770.0,4.0,45962,129
2004-05-22|9|Port Adelaide Power|Richmond Tigers,2004-05-22,2004,45377.0,42.0,44852.0,3.0,45377,174
2004-05-23|9|Carlton Blues|Western Bulldogs,2004-05-23,2004,45664.0,27.0,45825.0,4.0,45467,117
2004-05-23|9|Hawthorn Hawks|Sydney Swans,2004-05-23,2004,45646.0,21.0,44246.0,3.0,45367,96
2004-05-23|9|St Kilda Saints|West Coast Eagles,2004-05-23,2004,44786.0,27.0,45561.0,7.0,44786,137
2004-05-28|10|Essendon Bombers|Fremantle Dockers,2004-05-28,2004,45626.0,27.0,45677.0,5.0,45793,115
2004-05-29|10|Adelaide Crows|Hawthorn Hawks,2004-05-29,2004,45830.0,35.0,45408.0,4.0,45830,146
2004-05-29|10|Collingwood Magpies|North Melbourne Kangaroos,2004-05-29,2004,45673.0,26.0,45844.0,3.0,45623,100
2004-05-29|10|Richmond Tigers|West Coast Eagles,2004-05-29,2004,44194.0,29.0,45712.0,6.0,45309,119
2004-05-29|10|Sydney Swans|Western Bulldogs,2004-05-29,2004,45970.0,30.0,43422.0,3.0,45367,129
2004-05-30|10|Brisbane Lions|Melbourne Demons,2004-05-30,2004,45665.0,28.0,45770.0,4.0,45665,116
2004-05-30|10|Carlton Blues|St Kilda Saints,2004-05-30,2004,45582.0,37.0,45544.0,9.0,44857,151
2004-05-30|10|Geelong Cats|Port Adelaide Power,2004-05-30,2004,45859.0,27.0,45551.0,5.0,43488,102
2004-06-04|11|Collingwood Magpies|West Coast Eagles,2004-06-04,2004,45673.0,28.0,45912.0,4.0,45430,109
2004-06-05|11|Adelaide Crows|Carlton Blues,2004-06-05,2004,45404.0,29.0,45513.0,7.0,45513,124
2004-06-05|11|Brisbane Lions|Port Adelaide Power,2004-06-05,2004,45665.0,30.0,43773.0,3.0,45665,145
2004-06-05|11|Essendon Bombers|Hawthorn Hawks,2004-06-05,2004,45692.0,21.0,45677.0,7.0,45677,114
2004-06-05|11|North Melbourne Kangaroos|Richmond Tigers,2004-06-05,2004,43998.0,25.0,45845.0,8.0,45845,118
2004-06-06|11|Fremantle Dockers|Melbourne Demons,2004-06-06,2004,45793.0,25.0,45937.0,4.0,45962,106
2004-06-06|11|Geelong Cats|Western Bulldogs,2004-06-06,2004,43883.0,24.0,43262.0,4.0,45674,121
2004-06-06|11|St Kilda Saints|Sydney Swans,2004-06-06,2004,45336.0,23.0,45563.0,5.0,45563,108
2004-06-11|12|Carlton Blues|Hawthorn Hawks,2004-06-11,2004,44784.0,24.0,45513.0,6.0,44066,105
2004-06-12|12|Adelaide Crows|West Coast Eagles,2004-06-12,2004,45830.0,27.0,43984.0,4.0,45505,98
2004-06-12|12|Brisbane Lions|Essendon Bombers,2004-06-12,2004,45359.0,32.0,45381.0,7.0,45359,117
2004-06-12|12|Port Adelaide Power|Sydney Swans,2004-06-12,2004,45367.0,33.0,45925.0,4.0,45714,130
2004-06-12|12|St Kilda Saints|Western Bulldogs,2004-06-12,2004,45957.0,40.0,45887.0,4.0,45957,144
2004-06-13|12|Fremantle Dockers|Richmond Tigers,2004-06-13,2004,45579.0,32.0,45833.0,5.0,45627,122
2004-06-13|12|Geelong Cats|North Melbourne Kangaroos,2004-06-13,2004,45674.0,25.0,43991.0,4.0,45674,108
2004-06-14|12|Collingwood Magpies|Melbourne Demons,2004-06-14,2004,45555.0,23.0,45770.0,3.0,45962,118
2004-06-18|13|Hawthorn Hawks|St Kilda Saints,2004-06-18,2004,45342.0,21.0,44501.0,5.0,45582,104
2004-06-19|13|Brisbane Lions|Geelong Cats,2004-06-19,2004,45674.0,25.0,45387.0,4.0,45551,124
2004-06-19|13|Carlton Blues|Richmond Tigers,2004-06-19,2004,45377.0,32.0,45513.0,8.0,45377,152
2004-06-19|13|Fremantle Dockers|Port Adelaide Power,2004-06-19,2004,45346.0,28.0,44465.0,3.0,45620,125
2004-06-20|13|Adelaide Crows|Western Bulldogs,2004-06-20,2004,45957.0,33.0,45956.0,7.0,45956,141
2004-06-20|13|Essendon Bombers|Melbourne Demons,2004-06-20,2004,45555.0,32.0,45677.0,5.0,45555,127
2004-06-20|13|North Melbourne Kangaroos|West Coast Eagles,2004-06-20,2004,45899.0,25.0,45576.0,4.0,45576,119
2004-06-26|13|Collingwood Magpies|Sydney Swans,2004-06-26,2004,45367.0,23.0,45563.0,3.0,45391,100
2004-07-02|14|Essendon Bombers|North Melbourne Kangaroos,2004-07-02,2004,45626.0,28.0,45766.0,5.0,45766,133
2004-07-03|14|Brisbane Lions|Richmond Tigers,2004-07-03,2004,45309.0,31.0,44879.0,6.0,45309,118
2004-07-03|14|Carlton Blues|Sydney Swans,2004-07-03,2004,45646.0,23.0,45563.0,6.0,45563,108
2004-07-03|14|Collingwood Magpies|Hawthorn Hawks,2004-07-03,2004,45342.0,23.0,43727.0,4.0,43727,133
2004-07-03|14|Geelong Cats|West Coast Eagles,2004-07-03,2004,44194.0,28.0,43262.0,2.0,45382,120
2004-07-04|14|Adelaide Crows|Melbourne Demons,2004-07-04,2004,44767.0,30.0,45956.0,8.0,45721,125
2004-07-04|14|Fremantle Dockers|Western Bulldogs,2004-07-04,2004,45957.0,33.0,44465.0,4.0,45957,140
2004-07-04|14|Port Adelaide Power|St Kilda Saints,2004-07-04,2004,45443.0,34.0,43537.0,4.0,45443,133
2004-07-09|15|Collingwood Magpies|Geelong Cats,2004-07-09,2004,43349.0,29.0,45391.0,2.0,43349,119
2004-07-10|15|Adelaide Crows|Sydney Swans,2004-07-10,2004,45646.0,30.0,45563.0,4.0,45646,125
2004-07-10|15|Essendon Bombers|Richmond Tigers,2004-07-10,2004,45377.0,34.0,45677.0,9.0,45677,149
2004-07-10|15|Fremantle Dockers|North Melbourne Kangaroos,2004-07-10,2004,44866.0,30.0,45845.0,6.0,45845,113
2004-07-10|15|Hawthorn Hawks|West Coast Eagles,2004-07-10,2004,45521.0,30.0,45919.0,4.0,45508,108
2004-07-11|15|Brisbane Lions|Western Bulldogs,2004-07-11,2004,45941.0,28.0,45316.0,4.0,45316,125
2004-07-11|15|Carlton Blues|Port Adelaide Power,2004-07-11,2004,45605.0,25.0,45925.0,6.0,45925,147
2004-07-11|15|Melbourne Demons|St Kilda Saints,2004-07-11,2004,43334.0,30.0,44786.0,9.0,44786,127
2004-07-16|16|Essendon Bombers|West Coast Eagles,2004-07-16,2004,45521.0,29.0,44412.0,3.0,45761,113
2004-07-17|16|Adelaide Crows|Fremantle Dockers,2004-07-17,2004,45830.0,34.0,45956.0,4.0,44866,119
2004-07-17|16|Brisbane Lions|Collingwood Magpies,2004-07-17,2004,45359.0,30.0,45695.0,3.0,45665,114
2004-07-17|16|Carlton Blues|North Melbourne Kangaroos,2004-07-17,2004,45881.0,24.0,44684.0,2.0,45388,91
2004-07-17|16|Richmond Tigers|St Kilda Saints,2004-07-17,2004,45631.0,28.0,45833.0,6.0,44786,116
2004-07-18|16|Geelong Cats|Sydney Swans,2004-07-18,2004,45674.0,26.0,45782.0,5.0,45674,107
2004-07-18|16|Hawthorn Hawks|Port Adelaide Power,2004-07-18,2004,43621.0,30.0,45925.0,3.0,43621,127
2004-07-18|16|Melbourne Demons|Western Bulldogs,2004-07-18,2004,45983.0,28.0,45770.0,6.0,45983,116
2004-07-23|17|Essendon Bombers|St Kilda Saints,2004-07-23,2004,45626.0,26.0,45544.0,8.0,45544,126
2004-07-24|17|Adelaide Crows|Brisbane Lions,2004-07-24,2004,45359.0,37.0,45695.0,6.0,45316,140
2004-07-24|17|Collingwood Magpies|Western Bulldogs,2004-07-24,2004,45957.0,33.0,45395.0,3.0,45391,130
2004-07-24|17|Fremantle Dockers|Sydney Swans,2004-07-24,2004,45646.0,29.0,45509.0,5.0,45346,127
2004-07-24|17|Hawthorn Hawks|North Melbourne Kangaroos,2004-07-24,2004,45212.0,33.0,44008.0,4.0,45212,157
2004-07-25|17|Carlton Blues|Geelong Cats,2004-07-25,2004,45442.0,25.0,45420.0,4.0,45664,105
2004-07-25|17|Melbourne Demons|Richmond Tigers,2004-07-25,2004,45390.0,33.0,45770.0,6.0,45390,107
2004-07-25|17|Port Adelaide Power|West Coast Eagles,2004-07-25,2004,45521.0,28.0,45925.0,6.0,45443,105
2004-07-30|18|Adelaide Crows|North Melbourne Kangaroos,2004-07-30,2004,45549.0,29.0,45845.0,2.0,45549,119
2004-07-31|18|Brisbane Lions|Sydney Swans,2004-07-31,2004,45665.0,22.0,45775.0,3.0,45775,90
2004-07-31|18|Carlton Blues|Fremantle Dockers,2004-07-31,2004,45793.0,25.0,44465.0,2.0,45793,105
2004-07-31|18|Collingwood Magpies|Richmond Tigers,2004-07-31,2004,45627.0,33.0,45984.0,4.0,45377,114
2004-07-31|18|Essendon Bombers|Port Adelaide Power,2004-07-31,2004,45643.0,29.0,45677.0,7.0,45677,122
2004-08-01|18|Geelong Cats|St Kilda Saints,2004-08-01,2004,45577.0,29.0,45551.0,4.0,43334,149
2004-08-01|18|Hawthorn Hawks|Melbourne Demons,2004-08-01,2004,45983.0,32.0,45770.0,5.0,45983,134
2004-08-01|18|West Coast Eagles|Western Bulldogs,2004-08-01,2004,45957.0,31.0,44412.0,3.0,44221,116
2004-08-06|19|Collingwood Magpies|Fremantle Dockers,2004-08-06,2004,45673.0,27.0,44226.0,3.0,45673,124
2004-08-07|19|Adelaide Crows|St Kilda Saints,2004-08-07,2004,45577.0,37.0,45544.0,5.0,45577,130
2004-08-07|19|Carlton Blues|Essendon Bombers,2004-08-07,2004,45404.0,25.0,44458.0,2.0,45654,111
2004-08-07|19|Hawthorn Hawks|Western Bulldogs,2004-08-07,2004,43645.0,29.0,45245.0,3.0,45624,114
2004-08-07|19|North Melbourne Kangaroos|Sydney Swans,2004-08-07,2004,45646.0,33.0,45563.0,5.0,45646,124
2004-08-08|19|Brisbane Lions|West Coast Eagles,2004-08-08,2004,45521.0,31.0,44412.0,4.0,45761,118
2004-08-08|19|Geelong Cats|Richmond Tigers,2004-08-08,2004,45674.0,39.0,44161.0,4.0,45377,151
2004-08-08|19|Melbourne Demons|Port Adelaide Power,2004-08-08,2004,45392.0,25.0,45925.0,6.0,45925,125
2004-08-13|20|Collingwood Magpies|Essendon Bombers,2004-08-13,2004,45777.0,28.0,44046.0,4.0,45595,127
2004-08-14|20|Brisbane Lions|Hawthorn Hawks,2004-08-14,2004,45803.0,29.0,45387.0,4.0,45665,128
2004-08-14|20|Fremantle Dockers|Geelong Cats,2004-08-14,2004,45748.0,32.0,44161.0,2.0,45748,145
2004-08-14|20|Melbourne Demons|Sydney Swans,2004-08-14,2004,44218.0,28.0,45783.0,5.0,45783,110
2004-08-14|20|Port Adelaide Power|Western Bulldogs,2004-08-14,2004,43614.0,28.0,45948.0,4.0,45658,138
2004-08-15|20|Adelaide Crows|Richmond Tigers,2004-08-15,2004,45377.0,33.0,44032.0,4.0,45377,124
2004-08-15|20|Carlton Blues|West Coast Eagles,2004-08-15,2004,45904.0,33.0,44194.0,2.0,45904,105
2004-08-15|20|North Melbourne Kangaroos|St Kilda Saints,2004-08-15,2004,45582.0,27.0,45544.0,10.0,45544,155
2004-08-20|21|Collingwood Magpies|Port Adelaide Power,2004-08-20,2004,43621.0,30.0,44312.0,3.0,45391,108
2004-08-21|21|Adelaide Crows|Geelong Cats,2004-08-21,2004,45674.0,31.0,43262.0,3.0,45674,121
2004-08-21|21|Carlton Blues|Melbourne Demons,2004-08-21,2004,45904.0,35.0,45513.0,4.0,45904,127
2004-08-21|21|Essendon Bombers|Sydney Swans,2004-08-21,2004,45738.0,26.0,45563.0,6.0,45563,122
2004-08-21|21|North Melbourne Kangaroos|Western Bulldogs,2004-08-21,2004,45957.0,30.0,45454.0,5.0,44177,131
2004-08-22|21|Brisbane Lions|St Kilda Saints,2004-08-22,2004,45665.0,30.0,45316.0,6.0,45665,123
2004-08-22|21|Fremantle Dockers|West Coast Eagles,2004-08-22,2004,45521.0,38.0,44194.0,2.0,45521,107
2004-08-22|21|Hawthorn Hawks|Richmond Tigers,2004-08-22,2004,45377.0,30.0,45833.0,4.0,45508,142
2004-08-27|22|Carlton Blues|Collingwood Magpies,2004-08-27,2004,45673.0,36.0,45912.0,5.0,45975,124
2004-08-28|22|Brisbane Lions|North Melbourne Kangaroos,2004-08-28,2004,45813.0,31.0,45381.0,5.0,45316,139
2004-08-28|22|Fremantle Dockers|St Kilda Saints,2004-08-28,2004,45579.0,29.0,45544.0,4.0,45579,129
2004-08-28|22|Melbourne Demons|West Coast Eagles,2004-08-28,2004,45521.0,35.0,45505.0,3.0,45382,125
2004-08-28|22|Richmond Tigers|Sydney Swans,2004-08-28,2004,45403.0,27.0,45470.0,5.0,45367,111
2004-08-29|22|Adelaide Crows|Port Adelaide Power,2004-08-29,2004,45392.0,25.0,45925.0,4.0,45925,127
2004-08-29|22|Essendon Bombers|Western Bulldogs,2004-08-29,2004,45692.0,26.0,45677.0,6.0,45624,121
2004-08-29|22|Geelong Cats|Hawthorn Hawks,2004-08-29,2004,45748.0,25.0,44161.0,5.0,45551,114
2004-09-03|QF|Brisbane Lions|St Kilda Saints,2004-09-03,2004,45359.0,37.0,45387.0,6.0,45665,128
2004-09-04|EF|Essendon Bombers|Melbourne Demons,2004-09-04,2004,45626.0,28.0,45677.0,4.0,45983,127
2004-09-04|EF|Sydney Swans|West Coast Eagles,2004-09-04,2004,45970.0,31.0,44194.0,2.0,45970,109
2004-09-05|QF|Geelong Cats|Port Adelaide Power,2004-09-05,2004,45748.0,26.0,45658.0,4.0,45620,98
2004-09-10|SF|St Kilda Saints|Sydney Swans,2004-09-10,2004,45577.0,26.0,45544.0,6.0,44786,120
2004-09-11|SF|Essendon Bombers|Geelong Cats,2004-09-11,2004,43349.0,33.0,45677.0,3.0,43349,125
2004-09-17|PF|Port Adelaide Power|St Kilda Saints,2004-09-17,2004,45582.0,32.0,45544.0,5.0,45582,142
2004-09-18|PF|Brisbane Lions|Geelong Cats,2004-09-18,2004,45674.0,26.0,45381.0,4.0,45665,123
2004-09-25|GF|Brisbane Lions|Port Adelaide Power,2004-09-25,2004,45392.0,25.0,45948.0,4.0,45802,109
2005-03-24|1|Brisbane Lions|St Kilda Saints,2005-03-24,2005,44857.0,29.0,43442.0,4.0,45567,105
2005-03-26|1|Carlton Blues|North Melbourne Kangaroos,2005-03-26,2005,45654.0,32.0,45845.0,4.0,45654,117
2005-03-26|1|Essendon Bombers|Melbourne Demons,2005-03-26,2005,45766.0,26.0,45983.0,4.0,44458,109
2005-03-26|1|Fremantle Dockers|Port Adelaide Power,2005-03-26,2005,45410.0,33.0,45793.0,3.0,45410,115
2005-03-27|1|Adelaide Crows|West Coast Eagles,2005-03-27,2005,45445.0,28.0,45505.0,3.0,45505,114
2005-03-27|1|Geelong Cats|Richmond Tigers,2005-03-27,2005,45674.0,31.0,45644.0,4.0,45674,126
2005-03-27|1|Hawthorn Hawks|Sydney Swans,2005-03-27,2005,45340.0,25.0,45470.0,4.0,44169,103
2005-03-28|1|Collingwood Magpies|Western Bulldogs,2005-03-28,2005,45673.0,28.0,45467.0,3.0,45673,114
2005-04-01|2|Carlton Blues|Essendon Bombers,2005-04-01,2005,45213.0,30.0,45692.0,6.0,45692,130
2005-04-02|2|Brisbane Lions|Port Adelaide Power,2005-04-02,2005,45443.0,23.0,45925.0,5.0,45643,113
2005-04-02|2|Geelong Cats|West Coast Eagles,2005-04-02,2005,43500.0,24.0,43984.0,4.0,45505,114
2005-04-02|2|Melbourne Demons|Western Bulldogs,2005-04-02,2005,45957.0,30.0,45390.0,5.0,45390,124
2005-04-02|2|North Melbourne Kangaroos|Sydney Swans,2005-04-02,2005,45366.0,25.0,45554.0,3.0,45323,102
2005-04-03|2|Adelaide Crows|Collingwood Magpies,2005-04-03,2005,45673.0,35.0,45406.0,4.0,45623,126
2005-04-03|2|Fremantle Dockers|St Kilda Saints,2005-04-03,2005,45582.0,29.0,44465.0,3.0,45582,115
2005-04-03|2|Hawthorn Hawks|Richmond Tigers,2005-04-03,2005,44508.0,26.0,43847.0,3.0,45508,121
2005-04-08|3|Geelong Cats|Melbourne Demons,2005-04-08,2005,45390.0,30.0,45770.0,5.0,45390,134
2005-04-09|3|Brisbane Lions|Sydney Swans,2005-04-09,2005,45316.0,24.0,45381.0,5.0,45381,119
2005-04-09|3|Carlton Blues|Collingwood Magpies,2005-04-09,2005,45673.0,35.0,45912.0,5.0,45673,140
2005-04-09|3|Fremantle Dockers|West Coast Eagles,2005-04-09,2005,44194.0,31.0,43984.0,3.0,45409,124
2005-04-09|3|North Melbourne Kangaroos|St Kilda Saints,2005-04-09,2005,44857.0,30.0,45544.0,4.0,44857,99
2005-04-10|3|Adelaide Crows|Port Adelaide Power,2005-04-10,2005,45830.0,27.0,45956.0,4.0,44767,118
2005-04-10|3|Essendon Bombers|Hawthorn Hawks,2005-04-10,2005,44969.0,29.0,45245.0,3.0,44969,115
2005-04-10|3|Richmond Tigers|Western Bulldogs,2005-04-10,2005,43883.0,32.0,45833.0,4.0,43883,130
2005-04-15|4|Collingwood Magpies|North Melbourne Kangaroos,2005-04-15,2005,45576.0,28.0,45912.0,4.0,45554,119
2005-04-16|4|Brisbane Lions|Hawthorn Hawks,2005-04-16,2005,44508.0,36.0,45245.0,6.0,44508,136
2005-04-16|4|Carlton Blues|Port Adelaide Power,2005-04-16,2005,45605.0,26.0,45513.0,4.0,45605,111
2005-04-16|4|Essendon Bombers|Geelong Cats,2005-04-16,2005,43796.0,31.0,45677.0,5.0,43796,118
2005-04-16|4|West Coast Eagles|Western Bulldogs,2005-04-16,2005,44194.0,36.0,43888.0,4.0,43888,142
2005-04-17|4|Adelaide Crows|Sydney Swans,2005-04-17,2005,45646.0,24.0,45798.0,4.0,45646,102
2005-04-17|4|Fremantle Dockers|Richmond Tigers,2005-04-17,2005,45309.0,34.0,45833.0,6.0,45309,150
2005-04-17|4|Melbourne Demons|St Kilda Saints,2005-04-17,2005,43334.0,30.0,45544.0,6.0,45544,119
2005-04-22|5|Geelong Cats|Port Adelaide Power,2005-04-22,2005,45442.0,31.0,45925.0,5.0,45925,110
2005-04-23|5|Adelaide Crows|Western Bulldogs,2005-04-23,2005,45957.0,38.0,45467.0,6.0,45830,117
2005-04-23|5|Carlton Blues|Fremantle Dockers,2005-04-23,2005,45410.0,30.0,44465.0,4.0,45793,137
2005-04-23|5|Hawthorn Hawks|North Melbourne Kangaroos,2005-04-23,2005,45340.0,30.0,45845.0,5.0,45487,109
2005-04-23|5|Melbourne Demons|Sydney Swans,2005-04-23,2005,45367.0,31.0,45770.0,3.0,44448,126
2005-04-24|5|Brisbane Lions|West Coast Eagles,2005-04-24,2005,45665.0,35.0,45865.0,5.0,45665,143
2005-04-24|5|Richmond Tigers|St Kilda Saints,2005-04-24,2005,45121.0,25.0,44501.0,5.0,45121,104
2005-04-25|5|Collingwood Magpies|Essendon Bombers,2005-04-25,2005,45873.0,32.0,44265.0,2.0,45873,128
2005-04-29|6|Carlton Blues|Hawthorn Hawks,2005-04-29,2005,44066.0,32.0,45157.0,5.0,44066,131
2005-04-30|6|Adelaide Crows|North Melbourne Kangaroos,2005-04-30,2005,45881.0,31.0,44951.0,4.0,45089,110
2005-04-30|6|Brisbane Lions|Essendon Bombers,2005-04-30,2005,45665.0,29.0,45387.0,8.0,45387,145
2005-04-30|6|Fremantle Dockers|Melbourne Demons,2005-04-30,2005,45793.0,28.0,45509.0,7.0,45962,125
2005-04-30|6|Sydney Swans|West Coast Eagles,2005-04-30,2005,45445.0,29.0,45445.0,3.0,44194,120
2005-05-01|6|Collingwood Magpies|St Kilda Saints,2005-05-01,2005,45465.0,31.0,45544.0,8.0,44857,125
2005-05-01|6|Geelong Cats|Western Bulldogs,2005-05-01,2005,45957.0,30.0,45420.0,3.0,43888,136
2005-05-01|6|Port Adelaide Power|Richmond Tigers,2005-05-01,2005,45121.0,26.0,45309.0,6.0,45833,126
2005-05-06|7|Adelaide Crows|Melbourne Demons,2005-05-06,2005,45089.0,25.0,43684.0,2.0,45555,107
2005-05-07|7|Brisbane Lions|Western Bulldogs,2005-05-07,2005,45887.0,32.0,45387.0,5.0,45624,117
2005-05-07|7|Carlton Blues|Richmond Tigers,2005-05-07,2005,43627.0,38.0,44241.0,5.0,43627,128
2005-05-07|7|Essendon Bombers|Sydney Swans,2005-05-07,2005,45646.0,31.0,45563.0,4.0,45646,115
2005-05-07|7|Geelong Cats|St Kilda Saints,2005-05-07,2005,43334.0,32.0,45644.0,4.0,45748,124
2005-05-08|7|Collingwood Magpies|Fremantle Dockers,2005-05-08,2005,45409.0,34.0,45793.0,6.0,45346,138
2005-05-08|7|Hawthorn Hawks|West Coast Eagles,2005-05-08,2005,45521.0,32.0,45245.0,5.0,43634,121
2005-05-08|7|North Melbourne Kangaroos|Port Adelaide Power,2005-05-08,2005,45529.0,26.0,45925.0,6.0,45925,128
2005-05-13|8|Carlton Blues|Geelong Cats,2005-05-13,2005,45442.0,29.0,45513.0,5.0,43262,116
2005-05-14|8|Adelaide Crows|Brisbane Lions,2005-05-14,2005,45830.0,32.0,44421.0,3.0,45830,121
2005-05-14|8|Hawthorn Hawks|Melbourne Demons,2005-05-14,2005,44066.0,35.0,45245.0,8.0,45508,145
2005-05-14|8|North Melbourne Kangaroos|Western Bulldogs,2005-05-14,2005,45576.0,28.0,43883.0,4.0,43883,118
2005-05-14|8|St Kilda Saints|West Coast Eagles,2005-05-14,2005,45521.0,31.0,45540.0,4.0,43334,115
2005-05-15|8|Collingwood Magpies|Richmond Tigers,2005-05-15,2005,43627.0,28.0,45309.0,5.0,43627,123
2005-05-15|8|Essendon Bombers|Fremantle Dockers,2005-05-15,2005,45793.0,24.0,44316.0,5.0,44316,121
2005-05-15|8|Port Adelaide Power|Sydney Swans,2005-05-15,2005,45367.0,22.0,45783.0,3.0,45548,109
2005-05-20|9|Adelaide Crows|St Kilda Saints,2005-05-20,2005,45582.0,30.0,45956.0,5.0,45830,119
2005-05-21|9|Brisbane Lions|Richmond Tigers,2005-05-21,2005,45121.0,31.0,44421.0,5.0,45880,116
2005-05-21|9|Carlton Blues|Melbourne Demons,2005-05-21,2005,45629.0,29.0,45841.0,6.0,45841,123
2005-05-21|9|Collingwood Magpies|West Coast Eagles,2005-05-21,2005,45673.0,30.0,45406.0,5.0,43634,130
2005-05-21|9|Essendon Bombers|Port Adelaide Power,2005-05-21,2005,43621.0,27.0,45925.0,5.0,45925,143
2005-05-22|9|Fremantle Dockers|Hawthorn Hawks,2005-05-22,2005,44066.0,30.0,45245.0,5.0,45450,138
2005-05-22|9|Geelong Cats|North Melbourne Kangaroos,2005-05-22,2005,45554.0,36.0,43349.0,3.0,45554,136
2005-05-22|9|Sydney Swans|Western Bulldogs,2005-05-22,2005,43645.0,23.0,45783.0,5.0,45783,112
2005-05-27|10|Melbourne Demons|Richmond Tigers,2005-05-27,2005,45627.0,28.0,45983.0,5.0,45629,116
2005-05-28|10|Brisbane Lions|North Melbourne Kangaroos,2005-05-28,2005,45212.0,32.0,45387.0,5.0,45387,141
2005-05-28|10|Collingwood Magpies|Hawthorn Hawks,2005-05-28,2005,44066.0,32.0,45245.0,5.0,44066,129
2005-05-28|10|Fremantle Dockers|Geelong Cats,2005-05-28,2005,45346.0,29.0,45509.0,4.0,45509,124
2005-05-28|10|St Kilda Saints|Sydney Swans,2005-05-28,2005,45548.0,22.0,45544.0,7.0,45544,104
2005-05-29|10|Adelaide Crows|Carlton Blues,2005-05-29,2005,45904.0,31.0,45513.0,4.0,45404,122
2005-05-29|10|Essendon Bombers|Western Bulldogs,2005-05-29,2005,45957.0,39.0,45767.0,6.0,45624,133
2005-05-29|10|Port Adelaide Power|West Coast Eagles,2005-05-29,2005,43621.0,32.0,44329.0,4.0,45443,127
2005-06-03|11|Collingwood Magpies|Geelong Cats,2005-06-03,2005,45599.0,33.0,43727.0,5.0,45430,142
2005-06-04|11|Adelaide Crows|Essendon Bombers,2005-06-04,2005,45549.0,26.0,44145.0,4.0,45723,129
2005-06-04|11|Brisbane Lions|Fremantle Dockers,2005-06-04,2005,45387.0,29.0,44421.0,3.0,45813,118
2005-06-04|11|Carlton Blues|Sydney Swans,2005-06-04,2005,45367.0,31.0,45563.0,5.0,45563,129
2005-06-04|11|Richmond Tigers|West Coast Eagles,2005-06-04,2005,45121.0,30.0,45712.0,5.0,44194,152
2005-06-05|11|Hawthorn Hawks|Western Bulldogs,2005-06-05,2005,43645.0,29.0,45245.0,6.0,43645,116
2005-06-05|11|Melbourne Demons|North Melbourne Kangaroos,2005-06-05,2005,45883.0,30.0,45841.0,6.0,45390,132
2005-06-05|11|Port Adelaide Power|St Kilda Saints,2005-06-05,2005,45582.0,30.0,45544.0,3.0,45643,113
2005-06-10|12|Essendon Bombers|West Coast Eagles,2005-06-10,2005,45382.0,30.0,45712.0,4.0,45628,115
2005-06-11|12|Brisbane Lions|Carlton Blues,2005-06-11,2005,45654.0,28.0,45387.0,4.0,45664,118
2005-06-11|12|Hawthorn Hawks|St Kilda Saints,2005-06-11,2005,44508.0,36.0,45544.0,6.0,45544,141
2005-06-11|12|Port Adelaide Power|Western Bulldogs,2005-06-11,2005,45957.0,36.0,45802.0,4.0,45443,135
2005-06-12|12|Adelaide Crows|Geelong Cats,2005-06-12,2005,45674.0,37.0,45089.0,3.0,45089,138
2005-06-12|12|Fremantle Dockers|Sydney Swans,2005-06-12,2005,45970.0,25.0,45563.0,4.0,45563,100
2005-06-12|12|North Melbourne Kangaroos|Richmond Tigers,2005-06-12,2005,45576.0,30.0,45919.0,5.0,43627,103
2005-06-13|12|Collingwood Magpies|Melbourne Demons,2005-06-13,2005,45395.0,33.0,45983.0,5.0,45629,120
2005-06-17|13|Hawthorn Hawks|Port Adelaide Power,2005-06-17,2005,45529.0,30.0,45925.0,7.0,45925,149
2005-06-18|13|Adelaide Crows|Richmond Tigers,2005-06-18,2005,45377.0,28.0,45956.0,8.0,45089,119
2005-06-18|13|Carlton Blues|Western Bulldogs,2005-06-18,2005,45957.0,32.0,45513.0,5.0,45498,130
2005-06-18|13|Melbourne Demons|West Coast Eagles,2005-06-18,2005,45505.0,35.0,45712.0,6.0,45505,143
2005-06-19|13|Brisbane Lions|Geelong Cats,2005-06-19,2005,45316.0,35.0,45316.0,5.0,45316,173
2005-06-19|13|Fremantle Dockers|North Melbourne Kangaroos,2005-06-19,2005,45883.0,26.0,45919.0,3.0,45883,116
2005-06-24|13|Essendon Bombers|St Kilda Saints,2005-06-24,2005,45766.0,30.0,44786.0,4.0,44786,114
2005-06-25|13|Collingwood Magpies|Sydney Swans,2005-06-25,2005,45777.0,30.0,45563.0,3.0,45777,107
2005-07-01|14|Collingwood Magpies|Port Adelaide Power,2005-07-01,2005,45777.0,30.0,45599.0,3.0,45777,129
2005-07-02|14|Brisbane Lions|Melbourne Demons,2005-07-02,2005,45941.0,34.0,45381.0,9.0,45316,150
2005-07-02|14|Carlton Blues|West Coast Eagles,2005-07-02,2005,45521.0,32.0,44997.0,4.0,45521,128
2005-07-02|14|Essendon Bombers|North Melbourne Kangaroos,2005-07-02,2005,45576.0,26.0,45919.0,5.0,43963,110
2005-07-02|14|Richmond Tigers|Sydney Swans,2005-07-02,2005,45403.0,31.0,45833.0,4.0,44241,115
2005-07-03|14|Adelaide Crows|Fremantle Dockers,2005-07-03,2005,45358.0,35.0,45793.0,8.0,45358,140
2005-07-03|14|Geelong Cats|Hawthorn Hawks,2005-07-03,2005,45674.0,34.0,45420.0,4.0,45442,129
2005-07-03|14|St Kilda Saints|Western Bulldogs,2005-07-03,2005,45582.0,31.0,45544.0,4.0,43334,134
2005-07-08|15|North Melbourne Kangaroos|West Coast Eagles,2005-07-08,2005,45881.0,32.0,45712.0,5.0,45881,120
2005-07-09|15|Brisbane Lions|Collingwood Magpies,2005-07-09,2005,45673.0,32.0,44421.0,3.0,45986,124
2005-07-09|15|Essendon Bombers|Richmond Tigers,2005-07-09,2005,45626.0,30.0,45677.0,4.0,45626,110
2005-07-09|15|Geelong Cats|Sydney Swans,2005-07-09,2005,45782.0,23.0,45563.0,5.0,45563,116
2005-07-09|15|Melbourne Demons|Port Adelaide Power,2005-07-09,2005,43621.0,28.0,45925.0,5.0,45925,153
2005-07-10|15|Adelaide Crows|Hawthorn Hawks,2005-07-10,2005,45549.0,29.0,44309.0,3.0,45549,130
2005-07-10|15|Carlton Blues|St Kilda Saints,2005-07-10,2005,45582.0,28.0,44501.0,5.0,44239,148
2005-07-10|15|Fremantle Dockers|Western Bulldogs,2005-07-10,2005,45957.0,38.0,45735.0,5.0,45957,138
2005-07-15|16|Collingwood Magpies|Essendon Bombers,2005-07-15,2005,45599.0,31.0,45677.0,8.0,45391,154
2005-07-16|16|Brisbane Lions|West Coast Eagles,2005-07-16,2005,45445.0,30.0,45381.0,4.0,45445,119
2005-07-16|16|Geelong Cats|Port Adelaide Power,2005-07-16,2005,43349.0,32.0,45644.0,5.0,43349,183
2005-07-16|16|Melbourne Demons|Sydney Swans,2005-07-16,2005,45646.0,29.0,45563.0,7.0,45646,126
2005-07-16|16|Richmond Tigers|St Kilda Saints,2005-07-16,2005,43627.0,28.0,44239.0,5.0,44857,127
2005-07-17|16|Adelaide Crows|Western Bulldogs,2005-07-17,2005,43614.0,25.0,45396.0,3.0,45396,97
2005-07-17|16|Carlton Blues|Fremantle Dockers,2005-07-17,2005,45863.0,36.0,45793.0,9.0,45793,143
2005-07-17|16|Hawthorn Hawks|North Melbourne Kangaroos,2005-07-17,2005,44066.0,32.0,45845.0,3.0,45323,120
2005-07-22|17|Collingwood Magpies|St Kilda Saints,2005-07-22,2005,43334.0,32.0,44239.0,5.0,44239,140
2005-07-23|17|Brisbane Lions|Essendon Bombers,2005-07-23,2005,45359.0,30.0,45387.0,5.0,45359,107
2005-07-23|17|Carlton Blues|Hawthorn Hawks,2005-07-23,2005,44066.0,34.0,45245.0,5.0,45614,119
2005-07-23|17|Geelong Cats|Western Bulldogs,2005-07-23,2005,45957.0,32.0,44950.0,5.0,45748,124
2005-07-23|17|Port Adelaide Power|Richmond Tigers,2005-07-23,2005,45121.0,27.0,45701.0,4.0,45121,119
2005-07-24|17|Adelaide Crows|North Melbourne Kangaroos,2005-07-24,2005,45830.0,26.0,45956.0,6.0,45576,115
2005-07-24|17|Fremantle Dockers|Melbourne Demons,2005-07-24,2005,45358.0,31.0,45735.0,4.0,45358,128
2005-07-24|17|Sydney Swans|West Coast Eagles,2005-07-24,2005,45646.0,26.0,43634.0,4.0,45367,106
2005-07-29|18|Essendon Bombers|Geelong Cats,2005-07-29,2005,45442.0,36.0,45692.0,6.0,45442,134
2005-07-30|18|Adelaide Crows|Sydney Swans,2005-07-30,2005,45548.0,33.0,45956.0,3.0,45548,142
2005-07-30|18|Brisbane Lions|Western Bulldogs,2005-07-30,2005,45359.0,32.0,45624.0,5.0,45624,147
2005-07-30|18|Hawthorn Hawks|West Coast Eagles,2005-07-30,2005,44066.0,35.0,45712.0,3.0,45445,120
2005-07-30|18|Melbourne Demons|St Kilda Saints,2005-07-30,2005,45582.0,26.0,45544.0,7.0,45962,129
2005-07-31|18|Carlton Blues|Richmond Tigers,2005-07-31,2005,45654.0,31.0,45513.0,4.0,45654,142
2005-07-31|18|Collingwood Magpies|Fremantle Dockers,2005-07-31,2005,45346.0,28.0,45793.0,5.0,45391,114
2005-07-31|18|North Melbourne Kangaroos|Port Adelaide Power,2005-07-31,2005,43488.0,23.0,44177.0,5.0,44177,132
2005-08-05|19|Geelong Cats|St Kilda Saints,2005-08-05,2005,45674.0,29.0,45567.0,4.0,45567,127
2005-08-06|19|Adelaide Crows|Melbourne Demons,2005-08-06,2005,45549.0,30.0,45763.0,3.0,45549,101
2005-08-06|19|Essendon Bombers|Sydney Swans,2005-08-06,2005,45001.0,24.0,45563.0,7.0,45563,142
2005-08-06|19|Fremantle Dockers|Richmond Tigers,2005-08-06,2005,45377.0,30.0,45793.0,4.0,45833,112
2005-08-06|19|West Coast Eagles|Western Bulldogs,2005-08-06,2005,45957.0,32.0,45553.0,6.0,45624,115
2005-08-07|19|Brisbane Lions|Hawthorn Hawks,2005-08-07,2005,44066.0,35.0,44421.0,5.0,45813,128
2005-08-07|19|Carlton Blues|Port Adelaide Power,2005-08-07,2005,43621.0,27.0,45392.0,5.0,45664,126
2005-08-07|19|Collingwood Magpies|North Melbourne Kangaroos,2005-08-07,2005,45576.0,34.0,45391.0,3.0,45576,140
2005-08-12|20|Fremantle Dockers|West Coast Eagles,2005-08-12,2005,44221.0,34.0,45735.0,3.0,44221,122
2005-08-13|20|Adelaide Crows|Port Adelaide Power,2005-08-13,2005,43488.0,32.0,45089.0,4.0,43488,126
2005-08-13|20|Carlton Blues|Collingwood Magpies,2005-08-13,2005,43374.0,34.0,45391.0,4.0,43374,123
2005-08-13|20|Geelong Cats|Melbourne Demons,2005-08-13,2005,45674.0,27.0,45841.0,7.0,45841,121
2005-08-13|20|North Melbourne Kangaroos|St Kilda Saints,2005-08-13,2005,45577.0,28.0,45544.0,5.0,43334,124
2005-08-14|20|Brisbane Lions|Sydney Swans,2005-08-14,2005,45366.0,25.0,45563.0,6.0,45563,143
2005-08-14|20|Essendon Bombers|Hawthorn Hawks,2005-08-14,2005,44066.0,36.0,45487.0,4.0,45450,130
2005-08-14|20|Richmond Tigers|Western Bulldogs,2005-08-14,2005,43645.0,29.0,45833.0,6.0,43645,127
2005-08-19|21|Fremantle Dockers|St Kilda Saints,2005-08-19,2005,45579.0,31.0,45544.0,4.0,45577,118
2005-08-20|21|Adelaide Crows|Collingwood Magpies,2005-08-20,2005,45501.0,28.0,44032.0,5.0,45089,113
2005-08-20|21|Brisbane Lions|Port Adelaide Power,2005-08-20,2005,45941.0,35.0,45443.0,2.0,45481,141
2005-08-20|21|Geelong Cats|West Coast Eagles,2005-08-20,2005,43349.0,30.0,43264.0,4.0,43349,129
2005-08-20|21|Melbourne Demons|Western Bulldogs,2005-08-20,2005,45957.0,27.0,45841.0,6.0,45834,112
2005-08-21|21|Carlton Blues|Essendon Bombers,2005-08-21,2005,45626.0,32.0,45677.0,7.0,45626,141
2005-08-21|21|Hawthorn Hawks|Richmond Tigers,2005-08-21,2005,45121.0,31.0,45487.0,5.0,45508,123
2005-08-21|21|North Melbourne Kangaroos|Sydney Swans,2005-08-21,2005,45713.0,27.0,45470.0,5.0,45646,111
2005-08-26|22|Collingwood Magpies|Western Bulldogs,2005-08-26,2005,45957.0,36.0,45838.0,6.0,45673,137
2005-08-27|22|Adelaide Crows|West Coast Eagles,2005-08-27,2005,45974.0,32.0,45798.0,3.0,45974,116
2005-08-27|22|Brisbane Lions|St Kilda Saints,2005-08-27,2005,43334.0,31.0,44501.0,11.0,44786,151
2005-08-27|22|Fremantle Dockers|Port Adelaide Power,2005-08-27,2005,43621.0,32.0,43537.0,4.0,45443,118
2005-08-27|22|Hawthorn Hawks|Sydney Swans,2005-08-27,2005,45646.0,27.0,45470.0,4.0,45563,116
2005-08-28|22|Carlton Blues|North Melbourne Kangaroos,2005-08-28,2005,45904.0,31.0,45845.0,5.0,45554,105
2005-08-28|22|Essendon Bombers|Melbourne Demons,2005-08-28,2005,45626.0,27.0,45841.0,4.0,45962,105
2005-08-28|22|Geelong Cats|Richmond Tigers,2005-08-28,2005,45377.0,29.0,44161.0,2.0,45377,120
2005-09-02|QF|Sydney Swans|West Coast Eagles,2005-09-02,2005,44194.0,30.0,45470.0,3.0,45445,101
2005-09-03|EF|Geelong Cats|Melbourne Demons,2005-09-03,2005,43349.0,30.0,45841.0,4.0,45757,125
2005-09-03|QF|Adelaide Crows|St Kilda Saints,2005-09-03,2005,44857.0,31.0,45723.0,4.0,45577,154
2005-09-04|EF|North Melbourne Kangaroos|Port Adelaide Power,2005-09-04,2005,45212.0,22.0,45658.0,4.0,45925,113
2005-09-09|SF|Geelong Cats|Sydney Swans,2005-09-09,2005,45646.0,25.0,45470.0,4.0,44161,111
2005-09-10|SF|Adelaide Crows|Port Adelaide Power,2005-09-10,2005,45443.0,25.0,45956.0,4.0,43450,101
2005-09-16|PF|St Kilda Saints|Sydney Swans,2005-09-16,2005,45577.0,24.0,45544.0,4.0,45782,124
2005-09-17|PF|Adelaide Crows|West Coast Eagles,2005-09-17,2005,44221.0,31.0,43984.0,3.0,43634,116
2005-09-24|GF|Sydney Swans|West Coast Eagles,2005-09-24,2005,44194.0,29.0,45563.0,2.0,45525,120
2006-03-30|1|St Kilda Saints|West Coast Eagles,2006-03-30,2006,45445.0,27.0,45582.0,3.0,43634,139
2006-03-31|1|Richmond Tigers|Western Bulldogs,2006-03-31,2006,45957.0,33.0,45624.0,5.0,45624,133
2006-04-01|1|Brisbane Lions|Geelong Cats,2006-04-01,2006,45442.0,31.0,45420.0,3.0,45748,120
2006-04-01|1|Essendon Bombers|Sydney Swans,2006-04-01,2006,45548.0,24.0,45677.0,8.0,45677,148
2006-04-01|1|North Melbourne Kangaroos|Port Adelaide Power,2006-04-01,2006,43621.0,34.0,45212.0,4.0,43621,153
2006-04-02|1|Carlton Blues|Melbourne Demons,2006-04-02,2006,45863.0,32.0,45513.0,5.0,45664,137
2006-04-02|1|Fremantle Dockers|Hawthorn Hawks,2006-04-02,2006,44508.0,35.0,45245.0,8.0,45245,128
2006-04-03|1|Adelaide Crows|Collingwood Magpies,2006-04-03,2006,45048.0,34.0,45830.0,6.0,45048,135
2006-04-07|2|Richmond Tigers|St Kilda Saints,2006-04-07,2006,45377.0,34.0,43422.0,3.0,45377,124
2006-04-08|2|Brisbane Lions|Essendon Bombers,2006-04-08,2006,45359.0,33.0,44515.0,5.0,45387,140
2006-04-08|2|Carlton Blues|Fremantle Dockers,2006-04-08,2006,45346.0,32.0,45513.0,6.0,43649,128
2006-04-08|2|Geelong Cats|North Melbourne Kangaroos,2006-04-08,2006,45554.0,35.0,45644.0,8.0,45748,124
2006-04-08|2|Melbourne Demons|Western Bulldogs,2006-04-08,2006,45390.0,29.0,45767.0,4.0,45390,134
2006-04-09|2|Adelaide Crows|West Coast Eagles,2006-04-09,2006,45549.0,36.0,45830.0,5.0,43634,140
2006-04-09|2|Collingwood Magpies|Hawthorn Hawks,2006-04-09,2006,45623.0,31.0,45844.0,8.0,45844,132
2006-04-09|2|Port Adelaide Power|Sydney Swans,2006-04-09,2006,45367.0,24.0,45443.0,4.0,45443,131
2006-04-13|3|Brisbane Lions|St Kilda Saints,2006-04-13,2006,45582.0,38.0,44786.0,5.0,45582,139
2006-04-15|3|Carlton Blues|Sydney Swans,2006-04-15,2006,45336.0,29.0,45783.0,4.0,45367,129
2006-04-15|3|Geelong Cats|Hawthorn Hawks,2006-04-15,2006,45561.0,30.0,43463.0,3.0,45561,124
2006-04-15|3|Richmond Tigers|West Coast Eagles,2006-04-15,2006,45521.0,34.0,45833.0,4.0,43634,139
2006-04-16|3|Adelaide Crows|Melbourne Demons,2006-04-16,2006,45549.0,34.0,45396.0,5.0,45390,132
2006-04-16|3|Essendon Bombers|Western Bulldogs,2006-04-16,2006,45191.0,26.0,43432.0,2.0,45767,117
2006-04-16|3|Fremantle Dockers|Port Adelaide Power,2006-04-16,2006,45579.0,31.0,45658.0,4.0,45409,126
2006-04-17|3|Collingwood Magpies|North Melbourne Kangaroos,2006-04-17,2006,45576.0,30.0,45845.0,6.0,45912,130
2006-04-21|4|Carlton Blues|Hawthorn Hawks,2006-04-21,2006,45605.0,35.0,45453.0,5.0,45453,145
2006-04-22|4|Adelaide Crows|Fremantle Dockers,2006-04-22,2006,44866.0,32.0,44714.0,3.0,45089,114
2006-04-22|4|Brisbane Lions|Richmond Tigers,2006-04-22,2006,45813.0,27.0,45833.0,4.0,45880,118
2006-04-22|4|Geelong Cats|Western Bulldogs,2006-04-22,2006,45957.0,31.0,43262.0,4.0,45788,123
2006-04-23|4|Melbourne Demons|Sydney Swans,2006-04-23,2006,45390.0,23.0,45563.0,3.0,45962,110
2006-04-23|4|North Melbourne Kangaroos|West Coast Eagles,2006-04-23,2006,45576.0,26.0,45610.0,4.0,45388,109
2006-04-24|4|Port Adelaide Power|St Kilda Saints,2006-04-24,2006,45443.0,31.0,45701.0,6.0,45443,122
2006-04-25|4|Collingwood Magpies|Essendon Bombers,2006-04-25,2006,44315.0,30.0,43727.0,4.0,44315,123
2006-04-28|5|Carlton Blues|Richmond Tigers,2006-04-28,2006,45605.0,29.0,45157.0,3.0,45654,133
2006-04-29|5|Adelaide Crows|Western Bulldogs,2006-04-29,2006,45549.0,29.0,44719.0,3.0,45498,135
2006-04-29|5|Brisbane Lions|West Coast Eagles,2006-04-29,2006,44194.0,39.0,44194.0,4.0,44194,177
2006-04-29|5|Geelong Cats|Sydney Swans,2006-04-29,2006,45367.0,25.0,44870.0,4.0,45563,124
2006-04-29|5|Melbourne Demons|North Melbourne Kangaroos,2006-04-29,2006,45881.0,25.0,45919.0,5.0,45388,109
2006-04-30|5|Collingwood Magpies|Port Adelaide Power,2006-04-30,2006,43621.0,34.0,45844.0,5.0,43621,134
2006-04-30|5|Essendon Bombers|Hawthorn Hawks,2006-04-30,2006,45191.0,26.0,45245.0,3.0,45508,130
2006-04-30|5|Fremantle Dockers|St Kilda Saints,2006-04-30,2006,43334.0,26.0,45793.0,6.0,45360,141
2006-05-05|6|Geelong Cats|Melbourne Demons,2006-05-05,2006,45674.0,31.0,43349.0,3.0,45390,139
2006-05-06|6|Adelaide Crows|Port Adelaide Power,2006-05-06,2006,45443.0,28.0,44032.0,3.0,43488,138
2006-05-06|6|Essendon Bombers|Richmond Tigers,2006-05-06,2006,45377.0,31.0,45692.0,4.0,45692,135
2006-05-06|6|Fremantle Dockers|West Coast Eagles,2006-05-06,2006,44194.0,33.0,45793.0,4.0,45409,148
2006-05-06|6|St Kilda Saints|Western Bulldogs,2006-05-06,2006,44857.0,34.0,45544.0,6.0,44857,137
2006-05-07|6|Brisbane Lions|Sydney Swans,2006-05-07,2006,45548.0,28.0,43545.0,3.0,43545,116
2006-05-07|6|Carlton Blues|Collingwood Magpies,2006-05-07,2006,45777.0,31.0,43727.0,3.0,45673,136
2006-05-07|6|Hawthorn Hawks|North Melbourne Kangaroos,2006-05-07,2006,44508.0,34.0,45919.0,8.0,45919,142
2006-05-12|7|Geelong Cats|St Kilda Saints,2006-05-12,2006,43903.0,29.0,44161.0,3.0,45420,143
2006-05-13|7|Brisbane Lions|Hawthorn Hawks,2006-05-13,2006,45359.0,31.0,45387.0,8.0,45387,173
2006-05-13|7|Collingwood Magpies|West Coast Eagles,2006-05-13,2006,44194.0,32.0,44329.0,5.0,44194,137
2006-05-13|7|Fremantle Dockers|Melbourne Demons,2006-05-13,2006,45983.0,28.0,44159.0,3.0,45629,131
2006-05-13|7|Richmond Tigers|Sydney Swans,2006-05-13,2006,45646.0,27.0,45563.0,5.0,43475,141
2006-05-14|7|Adelaide Crows|North Melbourne Kangaroos,2006-05-14,2006,45883.0,34.0,45830.0,5.0,45089,128
2006-05-14|7|Carlton Blues|Essendon Bombers,2006-05-14,2006,45191.0,32.0,45513.0,7.0,45513,120
2006-05-14|7|Port Adelaide Power|Western Bulldogs,2006-05-14,2006,43883.0,36.0,45624.0,4.0,45658,120
2006-05-19|8|Hawthorn Hawks|Melbourne Demons,2006-05-19,2006,45629.0,31.0,45770.0,6.0,45629,134
2006-05-20|8|Adelaide Crows|Richmond Tigers,2006-05-20,2006,45377.0,34.0,44032.0,2.0,45377,167
2006-05-20|8|Collingwood Magpies|Geelong Cats,2006-05-20,2006,45674.0,32.0,45048.0,4.0,45391,129
2006-05-20|8|Fremantle Dockers|North Melbourne Kangaroos,2006-05-20,2006,45883.0,29.0,45793.0,6.0,45883,122
2006-05-20|8|Sydney Swans|Western Bulldogs,2006-05-20,2006,45367.0,32.0,45563.0,5.0,45470,143
2006-05-21|8|Brisbane Lions|Port Adelaide Power,2006-05-21,2006,45813.0,33.0,45387.0,7.0,45813,146
2006-05-21|8|Carlton Blues|St Kilda Saints,2006-05-21,2006,45582.0,34.0,44786.0,9.0,44786,138
2006-05-21|8|Essendon Bombers|West Coast Eagles,2006-05-21,2006,45213.0,27.0,45422.0,5.0,45213,114
2006-05-26|9|Collingwood Magpies|Western Bulldogs,2006-05-26,2006,45957.0,40.0,45844.0,5.0,45673,132
2006-05-27|9|Adelaide Crows|Carlton Blues,2006-05-27,2006,45733.0,34.0,44032.0,3.0,44151,128
2006-05-27|9|Essendon Bombers|Port Adelaide Power,2006-05-27,2006,43488.0,28.0,45925.0,4.0,43621,127
2006-05-27|9|Geelong Cats|Richmond Tigers,2006-05-27,2006,43349.0,29.0,44120.0,4.0,44687,124
2006-05-27|9|Hawthorn Hawks|Sydney Swans,2006-05-27,2006,44279.0,30.0,45470.0,4.0,45548,136
2006-05-28|9|Brisbane Lions|Fremantle Dockers,2006-05-28,2006,44917.0,27.0,45387.0,7.0,45387,146
2006-05-28|9|Melbourne Demons|West Coast Eagles,2006-05-28,2006,44221.0,23.0,45841.0,4.0,45721,121
2006-05-28|9|North Melbourne Kangaroos|St Kilda Saints,2006-05-28,2006,43334.0,28.0,44786.0,2.0,45323,121
2006-06-02|10|Adelaide Crows|Essendon Bombers,2006-06-02,2006,45830.0,31.0,44032.0,8.0,45830,148
2006-06-03|10|Brisbane Lions|Collingwood Magpies,2006-06-03,2006,45395.0,29.0,45391.0,6.0,45391,169
2006-06-03|10|Fremantle Dockers|Richmond Tigers,2006-06-03,2006,43627.0,35.0,45793.0,3.0,43627,138
2006-06-03|10|Geelong Cats|West Coast Eagles,2006-06-03,2006,45442.0,36.0,45757.0,3.0,43349,144
2006-06-03|10|Hawthorn Hawks|Western Bulldogs,2006-06-03,2006,45957.0,34.0,45487.0,5.0,45624,143
2006-06-04|10|Carlton Blues|Port Adelaide Power,2006-06-04,2006,45863.0,32.0,45513.0,5.0,45863,137
2006-06-04|10|Melbourne Demons|St Kilda Saints,2006-06-04,2006,44448.0,31.0,45770.0,8.0,44857,141
2006-06-04|10|North Melbourne Kangaroos|Sydney Swans,2006-06-04,2006,45548.0,25.0,45563.0,6.0,45563,115
2006-06-09|11|Essendon Bombers|Geelong Cats,2006-06-09,2006,45626.0,33.0,43262.0,4.0,45420,135
2006-06-10|11|Adelaide Crows|Brisbane Lions,2006-06-10,2006,45813.0,34.0,44032.0,3.0,45813,131
2006-06-10|11|North Melbourne Kangaroos|Richmond Tigers,2006-06-10,2006,45576.0,27.0,45919.0,5.0,44687,136
2006-06-10|11|St Kilda Saints|Sydney Swans,2006-06-10,2006,45367.0,25.0,44870.0,3.0,45646,123
2006-06-11|11|Carlton Blues|West Coast Eagles,2006-06-11,2006,45521.0,30.0,45513.0,6.0,43634,114
2006-06-11|11|Fremantle Dockers|Western Bulldogs,2006-06-11,2006,45957.0,29.0,45624.0,3.0,44553,107
2006-06-11|11|Hawthorn Hawks|Port Adelaide Power,2006-06-11,2006,43561.0,27.0,44688.0,3.0,45925,138
2006-06-12|11|Collingwood Magpies|Melbourne Demons,2006-06-12,2006,45395.0,29.0,45983.0,4.0,45629,135
2006-06-16|12|Adelaide Crows|St Kilda Saints,2006-06-16,2006,45549.0,34.0,44032.0,3.0,43903,141
2006-06-17|12|Brisbane Lions|Western Bulldogs,2006-06-17,2006,45813.0,36.0,45624.0,6.0,43428,140
2006-06-17|12|Fremantle Dockers|Geelong Cats,2006-06-17,2006,45409.0,28.0,43262.0,6.0,45409,127
2006-06-17|12|Port Adelaide Power|West Coast Eagles,2006-06-17,2006,43488.0,34.0,43488.0,2.0,43488,136
2006-06-18|12|Essendon Bombers|Melbourne Demons,2006-06-18,2006,45213.0,26.0,45841.0,4.0,45962,129
2006-06-18|12|Hawthorn Hawks|Richmond Tigers,2006-06-18,2006,44508.0,31.0,43847.0,6.0,44508,133
2006-06-23|12|Carlton Blues|North Melbourne Kangaroos,2006-06-23,2006,44558.0,25.0,45513.0,5.0,43529,118
2006-06-24|12|Collingwood Magpies|Sydney Swans,2006-06-24,2006,45336.0,29.0,43727.0,4.0,45873,117
2006-06-30|13|Essendon Bombers|North Melbourne Kangaroos,2006-06-30,2006,45001.0,35.0,45919.0,4.0,45001,139
2006-07-01|13|Brisbane Lions|Carlton Blues,2006-07-01,2006,45863.0,29.0,44321.0,2.0,43395,116
2006-07-01|13|Fremantle Dockers|Sydney Swans,2006-07-01,2006,45783.0,19.0,45470.0,4.0,45470,93
2006-07-01|13|Hawthorn Hawks|St Kilda Saints,2006-07-01,2006,44508.0,32.0,45544.0,5.0,44786,128
2006-07-01|13|Melbourne Demons|Port Adelaide Power,2006-07-01,2006,45390.0,29.0,45770.0,5.0,45390,137
2006-07-02|13|Adelaide Crows|Geelong Cats,2006-07-02,2006,43796.0,30.0,45396.0,5.0,45733,125
2006-07-02|13|Collingwood Magpies|Richmond Tigers,2006-07-02,2006,43422.0,30.0,43727.0,3.0,43422,129
2006-07-02|13|West Coast Eagles|Western Bulldogs,2006-07-02,2006,45957.0,39.0,45624.0,4.0,45957,134
2006-07-07|14|Essendon Bombers|Fremantle Dockers,2006-07-07,2006,45404.0,27.0,43649.0,4.0,45626,124
2006-07-08|14|Brisbane Lions|Melbourne Demons,2006-07-08,2006,45359.0,36.0,45381.0,8.0,45555,135
2006-07-08|14|Carlton Blues|Geelong Cats,2006-07-08,2006,45674.0,30.0,44395.0,5.0,44422,117
2006-07-08|14|Hawthorn Hawks|West Coast Eagles,2006-07-08,2006,44194.0,33.0,44329.0,5.0,44329,132
2006-07-08|14|Port Adelaide Power|Richmond Tigers,2006-07-08,2006,43621.0,33.0,45309.0,3.0,43422,139
2006-07-09|14|Adelaide Crows|Sydney Swans,2006-07-09,2006,45549.0,27.0,44032.0,3.0,45549,126
2006-07-09|14|Collingwood Magpies|St Kilda Saints,2006-07-09,2006,45391.0,30.0,44501.0,3.0,45391,147
2006-07-09|14|North Melbourne Kangaroos|Western Bulldogs,2006-07-09,2006,43645.0,26.0,45919.0,5.0,44177,98
2006-07-14|15|Melbourne Demons|Richmond Tigers,2006-07-14,2006,45377.0,31.0,45841.0,4.0,45841,141
2006-07-15|15|Adelaide Crows|Hawthorn Hawks,2006-07-15,2006,45549.0,38.0,45396.0,7.0,45549,152
2006-07-15|15|Brisbane Lions|North Melbourne Kangaroos,2006-07-15,2006,45883.0,32.0,45316.0,3.0,45883,120
2006-07-15|15|Essendon Bombers|St Kilda Saints,2006-07-15,2006,45626.0,41.0,44316.0,3.0,45626,149
2006-07-15|15|Sydney Swans|West Coast Eagles,2006-07-15,2006,44194.0,26.0,45563.0,4.0,45548,127
2006-07-16|15|Carlton Blues|Western Bulldogs,2006-07-16,2006,45904.0,32.0,43883.0,3.0,43529,126
2006-07-16|15|Collingwood Magpies|Fremantle Dockers,2006-07-16,2006,45346.0,38.0,45509.0,6.0,45346,139
2006-07-16|15|Geelong Cats|Port Adelaide Power,2006-07-16,2006,43621.0,34.0,45788.0,3.0,43621,131
2006-07-21|16|Adelaide Crows|North Melbourne Kangaroos,2006-07-21,2006,45554.0,34.0,45830.0,5.0,45554,137
2006-07-22|16|Brisbane Lions|Hawthorn Hawks,2006-07-22,2006,45813.0,38.0,45381.0,4.0,45813,147
2006-07-22|16|Carlton Blues|Essendon Bombers,2006-07-22,2006,44690.0,30.0,45692.0,6.0,45692,145
2006-07-22|16|Collingwood Magpies|West Coast Eagles,2006-07-22,2006,44221.0,30.0,45912.0,4.0,45530,142
2006-07-22|16|Richmond Tigers|Sydney Swans,2006-07-22,2006,45627.0,28.0,43951.0,3.0,45367,126
2006-07-23|16|Fremantle Dockers|Melbourne Demons,2006-07-23,2006,45358.0,31.0,43684.0,3.0,45629,134
2006-07-23|16|Geelong Cats|Western Bulldogs,2006-07-23,2006,45855.0,34.0,45624.0,5.0,45624,133
2006-07-23|16|Port Adelaide Power|St Kilda Saints,2006-07-23,2006,43621.0,33.0,45544.0,3.0,45053,140
2006-07-28|17|Collingwood Magpies|Hawthorn Hawks,2006-07-28,2006,45450.0,31.0,45844.0,4.0,43580,123
2006-07-29|17|Adelaide Crows|West Coast Eagles,2006-07-29,2006,45382.0,41.0,44329.0,4.0,45445,135
2006-07-29|17|Brisbane Lions|Essendon Bombers,2006-07-29,2006,45595.0,27.0,45692.0,7.0,45692,136
2006-07-29|17|Port Adelaide Power|Sydney Swans,2006-07-29,2006,43475.0,28.0,45563.0,3.0,43475,140
2006-07-29|17|Richmond Tigers|St Kilda Saints,2006-07-29,2006,44516.0,34.0,45544.0,10.0,45544,148
2006-07-30|17|Carlton Blues|Fremantle Dockers,2006-07-30,2006,45863.0,31.0,44560.0,5.0,44941,147
2006-07-30|17|Geelong Cats|North Melbourne Kangaroos,2006-07-30,2006,44177.0,36.0,45919.0,4.0,44177,150
2006-07-30|17|Melbourne Demons|Western Bulldogs,2006-07-30,2006,43645.0,32.0,45983.0,5.0,43645,149
2006-08-04|18|St Kilda Saints|West Coast Eagles,2006-08-04,2006,45445.0,35.0,44786.0,4.0,45445,124
2006-08-05|18|Adelaide Crows|Collingwood Magpies,2006-08-05,2006,45501.0,34.0,43727.0,2.0,45338,157
2006-08-05|18|Carlton Blues|Melbourne Demons,2006-08-05,2006,43353.0,28.0,45513.0,4.0,43353,115
2006-08-05|18|Essendon Bombers|Sydney Swans,2006-08-05,2006,45782.0,30.0,45563.0,6.0,45782,132
2006-08-05|18|Richmond Tigers|Western Bulldogs,2006-08-05,2006,45377.0,34.0,45624.0,3.0,43422,120
2006-08-06|18|Brisbane Lions|Geelong Cats,2006-08-06,2006,44110.0,30.0,44161.0,4.0,45420,137
2006-08-06|18|Fremantle Dockers|Hawthorn Hawks,2006-08-06,2006,44508.0,29.0,45245.0,4.0,45346,120
2006-08-06|18|North Melbourne Kangaroos|Port Adelaide Power,2006-08-06,2006,43998.0,30.0,45223.0,4.0,45658,118
2006-08-11|19|Collingwood Magpies|Essendon Bombers,2006-08-11,2006,44690.0,33.0,44166.0,3.0,45048,141
2006-08-12|19|Brisbane Lions|Richmond Tigers,2006-08-12,2006,44917.0,35.0,45833.0,6.0,44917,139
2006-08-12|19|Melbourne Demons|Sydney Swans,2006-08-12,2006,45548.0,29.0,45770.0,4.0,45548,136
2006-08-12|19|North Melbourne Kangaroos|West Coast Eagles,2006-08-12,2006,44221.0,35.0,44329.0,4.0,44221,123
2006-08-12|19|Port Adelaide Power|Western Bulldogs,2006-08-12,2006,43621.0,34.0,45624.0,4.0,45658,125
2006-08-13|19|Adelaide Crows|Fremantle Dockers,2006-08-13,2006,45501.0,33.0,45365.0,4.0,45346,127
2006-08-13|19|Carlton Blues|Hawthorn Hawks,2006-08-13,2006,45904.0,35.0,45513.0,8.0,45664,133
2006-08-13|19|Geelong Cats|St Kilda Saints,2006-08-13,2006,45465.0,28.0,45544.0,3.0,44786,119
2006-08-18|20|Collingwood Magpies|Port Adelaide Power,2006-08-18,2006,44905.0,33.0,43773.0,4.0,44905,148
2006-08-19|20|Adelaide Crows|Western Bulldogs,2006-08-19,2006,45957.0,45.0,43614.0,5.0,43614,170
2006-08-19|20|Essendon Bombers|Hawthorn Hawks,2006-08-19,2006,44066.0,34.0,44825.0,4.0,44508,129
2006-08-19|20|Fremantle Dockers|St Kilda Saints,2006-08-19,2006,45735.0,28.0,45509.0,4.0,45735,137
2006-08-19|20|Geelong Cats|Sydney Swans,2006-08-19,2006,45548.0,28.0,45783.0,3.0,45442,115
2006-08-20|20|Brisbane Lions|West Coast Eagles,2006-08-20,2006,45382.0,35.0,44329.0,8.0,43634,134
2006-08-20|20|Carlton Blues|Richmond Tigers,2006-08-20,2006,45863.0,26.0,45895.0,4.0,45833,121
2006-08-20|20|Melbourne Demons|North Melbourne Kangaroos,2006-08-20,2006,44448.0,36.0,45770.0,8.0,44448,141
2006-08-25|21|St Kilda Saints|Western Bulldogs,2006-08-25,2006,43645.0,36.0,45544.0,8.0,43645,138
2006-08-26|21|Brisbane Lions|Sydney Swans,2006-08-26,2006,45020.0,31.0,44917.0,2.0,45020,132
2006-08-26|21|Essendon Bombers|Richmond Tigers,2006-08-26,2006,44690.0,32.0,45833.0,9.0,45833,189
2006-08-26|21|Geelong Cats|Melbourne Demons,2006-08-26,2006,45674.0,32.0,44161.0,4.0,45674,120
2006-08-26|21|Hawthorn Hawks|North Melbourne Kangaroos,2006-08-26,2006,45576.0,33.0,45487.0,3.0,45576,138
2006-08-27|21|Adelaide Crows|Port Adelaide Power,2006-08-27,2006,45501.0,31.0,45365.0,4.0,45443,126
2006-08-27|21|Carlton Blues|Collingwood Magpies,2006-08-27,2006,45048.0,33.0,45844.0,6.0,45048,136
2006-08-27|21|Fremantle Dockers|West Coast Eagles,2006-08-27,2006,45445.0,31.0,45509.0,4.0,45346,132
2006-09-01|22|Essendon Bombers|Western Bulldogs,2006-09-01,2006,45957.0,36.0,45692.0,8.0,45624,141
2006-09-02|22|Adelaide Crows|Melbourne Demons,2006-09-02,2006,45390.0,33.0,45770.0,5.0,45089,127
2006-09-02|22|Brisbane Lions|St Kilda Saints,2006-09-02,2006,45941.0,34.0,44917.0,4.0,45941,135
2006-09-02|22|Fremantle Dockers|Port Adelaide Power,2006-09-02,2006,43621.0,35.0,45509.0,6.0,43649,138
2006-09-02|22|Richmond Tigers|West Coast Eagles,2006-09-02,2006,45521.0,32.0,44266.0,5.0,45898,142
2006-09-03|22|Carlton Blues|Sydney Swans,2006-09-03,2006,45863.0,33.0,45548.0,4.0,45863,150
2006-09-03|22|Collingwood Magpies|North Melbourne Kangaroos,2006-09-03,2006,45883.0,31.0,45673.0,4.0,45673,121
2006-09-03|22|Geelong Cats|Hawthorn Hawks,2006-09-03,2006,43392.0,36.0,45245.0,8.0,45420,142
2006-09-08|EF|Melbourne Demons|St Kilda Saints,2006-09-08,2006,45390.0,29.0,45770.0,4.0,45390,131
2006-09-09|QF|Adelaide Crows|Fremantle Dockers,2006-09-09,2006,45358.0,32.0,43407.0,2.0,45358,119
2006-09-09|QF|Sydney Swans|West Coast Eagles,2006-09-09,2006,44194.0,34.0,45563.0,5.0,44194,119
2006-09-10|EF|Collingwood Magpies|Western Bulldogs,2006-09-10,2006,45957.0,36.0,45756.0,4.0,45957,133
2006-09-15|SF|Fremantle Dockers|Melbourne Demons,2006-09-15,2006,45358.0,28.0,45770.0,3.0,44495,109
2006-09-16|SF|West Coast Eagles|Western Bulldogs,2006-09-16,2006,43493.0,30.0,44329.0,6.0,44329,124
2006-09-22|PF|Fremantle Dockers|Sydney Swans,2006-09-22,2006,45646.0,28.0,45563.0,6.0,45563,149
2006-09-23|PF|Adelaide Crows|West Coast Eagles,2006-09-23,2006,44194.0,29.0,45610.0,4.0,45549,109
2006-09-30|GF|Sydney Swans|West Coast Eagles,2006-09-30,2006,44194.0,28.0,44329.0,3.0,45646,118
2007-03-30|1|Melbourne Demons|St Kilda Saints,2007-03-30,2007,44516.0,24.0,45544.0,4.0,45518,120
2007-03-31|1|Brisbane Lions|Hawthorn Hawks,2007-03-31,2007,45359.0,39.0,43847.0,3.0,45614,150
2007-03-31|1|Collingwood Magpies|North Melbourne Kangaroos,2007-03-31,2007,45881.0,29.0,45576.0,3.0,44905,120
2007-03-31|1|Fremantle Dockers|Port Adelaide Power,2007-03-31,2007,44852.0,24.0,45793.0,5.0,44856,116
2007-03-31|1|Sydney Swans|West Coast Eagles,2007-03-31,2007,45646.0,29.0,44194.0,2.0,45646,118
2007-04-01|1|Adelaide Crows|Essendon Bombers,2007-04-01,2007,45089.0,26.0,45692.0,7.0,45692,130
2007-04-01|1|Carlton Blues|Richmond Tigers,2007-04-01,2007,45904.0,30.0,44687.0,4.0,45904,112
2007-04-01|1|Geelong Cats|Western Bulldogs,2007-04-01,2007,43645.0,37.0,45624.0,8.0,45624,146
2007-04-05|2|Brisbane Lions|St Kilda Saints,2007-04-05,2007,44793.0,27.0,45387.0,5.0,45020,115
2007-04-07|2|Carlton Blues|Geelong Cats,2007-04-07,2007,45863.0,37.0,43264.0,5.0,45863,136
2007-04-07|2|Collingwood Magpies|West Coast Eagles,2007-04-07,2007,44221.0,36.0,45844.0,4.0,44221,131
2007-04-07|2|Richmond Tigers|Sydney Swans,2007-04-07,2007,44218.0,26.0,44120.0,2.0,45508,133
2007-04-08|2|Adelaide Crows|Western Bulldogs,2007-04-08,2007,45733.0,35.0,43407.0,4.0,44231,119
2007-04-08|2|Essendon Bombers|Fremantle Dockers,2007-04-08,2007,45001.0,23.0,45692.0,5.0,45793,113
2007-04-08|2|North Melbourne Kangaroos|Port Adelaide Power,2007-04-08,2007,43621.0,28.0,43773.0,5.0,45576,111
2007-04-09|2|Hawthorn Hawks|Melbourne Demons,2007-04-09,2007,45390.0,29.0,45245.0,6.0,45721,118
2007-04-13|3|Collingwood Magpies|Richmond Tigers,2007-04-13,2007,45048.0,35.0,44465.0,4.0,45048,141
2007-04-14|3|Adelaide Crows|Port Adelaide Power,2007-04-14,2007,45443.0,31.0,45956.0,4.0,45443,115
2007-04-14|3|Carlton Blues|Essendon Bombers,2007-04-14,2007,45595.0,29.0,45513.0,8.0,45513,144
2007-04-14|3|Fremantle Dockers|West Coast Eagles,2007-04-14,2007,45382.0,27.0,43304.0,3.0,45579,112
2007-04-14|3|St Kilda Saints|Western Bulldogs,2007-04-14,2007,43645.0,29.0,44786.0,4.0,43645,108
2007-04-15|3|Brisbane Lions|Sydney Swans,2007-04-15,2007,45525.0,23.0,45563.0,4.0,45563,113
2007-04-15|3|Geelong Cats|Melbourne Demons,2007-04-15,2007,43349.0,35.0,44012.0,4.0,43349,151
2007-04-15|3|Hawthorn Hawks|North Melbourne Kangaroos,2007-04-15,2007,44508.0,33.0,45245.0,4.0,43998,144
2007-04-20|4|Richmond Tigers|Western Bulldogs,2007-04-20,2007,45957.0,35.0,43614.0,4.0,45957,149
2007-04-21|4|Adelaide Crows|Sydney Swans,2007-04-21,2007,45733.0,28.0,45396.0,3.0,44767,115
2007-04-21|4|Brisbane Lions|North Melbourne Kangaroos,2007-04-21,2007,45212.0,29.0,45388.0,3.0,45212,123
2007-04-21|4|Collingwood Magpies|Port Adelaide Power,2007-04-21,2007,43621.0,32.0,43773.0,3.0,45681,130
2007-04-21|4|Essendon Bombers|St Kilda Saints,2007-04-21,2007,45001.0,33.0,44786.0,4.0,44458,140
2007-04-22|4|Carlton Blues|West Coast Eagles,2007-04-22,2007,44194.0,35.0,43984.0,4.0,43634,123
2007-04-22|4|Fremantle Dockers|Melbourne Demons,2007-04-22,2007,45579.0,37.0,45793.0,6.0,45983,150
2007-04-22|4|Geelong Cats|Hawthorn Hawks,2007-04-22,2007,43349.0,31.0,45245.0,3.0,43349,117
2007-04-25|5|Collingwood Magpies|Essendon Bombers,2007-04-25,2007,44905.0,32.0,43685.0,3.0,44905,137
2007-04-27|5|Port Adelaide Power|St Kilda Saints,2007-04-27,2007,45443.0,32.0,45925.0,3.0,43621,123
2007-04-28|5|Brisbane Lions|Carlton Blues,2007-04-28,2007,45605.0,29.0,43383.0,3.0,45387,136
2007-04-28|5|Melbourne Demons|Sydney Swans,2007-04-28,2007,45646.0,32.0,45563.0,4.0,45390,143
2007-04-28|5|Richmond Tigers|West Coast Eagles,2007-04-28,2007,45505.0,34.0,44329.0,4.0,45505,124
2007-04-29|5|Adelaide Crows|Fremantle Dockers,2007-04-29,2007,45089.0,29.0,45014.0,3.0,45089,114
2007-04-29|5|Geelong Cats|North Melbourne Kangaroos,2007-04-29,2007,45881.0,41.0,43349.0,3.0,45881,142
2007-04-29|5|Hawthorn Hawks|Western Bulldogs,2007-04-29,2007,45957.0,41.0,43847.0,6.0,45957,169
2007-05-04|6|Carlton Blues|St Kilda Saints,2007-05-04,2007,44857.0,30.0,45513.0,6.0,44857,136
2007-05-05|6|Adelaide Crows|Collingwood Magpies,2007-05-05,2007,45048.0,32.0,43473.0,3.0,45681,126
2007-05-05|6|Essendon Bombers|Hawthorn Hawks,2007-05-05,2007,44690.0,31.0,43847.0,9.0,43847,136
2007-05-05|6|North Melbourne Kangaroos|Sydney Swans,2007-05-05,2007,45525.0,24.0,45554.0,4.0,45554,120
2007-05-05|6|West Coast Eagles|Western Bulldogs,2007-05-05,2007,44194.0,34.0,43883.0,3.0,44194,127
2007-05-06|6|Brisbane Lions|Fremantle Dockers,2007-05-06,2007,45359.0,32.0,44421.0,5.0,45813,123
2007-05-06|6|Geelong Cats|Richmond Tigers,2007-05-06,2007,43262.0,32.0,43264.0,4.0,43262,129
2007-05-06|6|Melbourne Demons|Port Adelaide Power,2007-05-06,2007,45443.0,29.0,44668.0,3.0,43353,116
2007-05-11|7|Essendon Bombers|North Melbourne Kangaroos,2007-05-11,2007,45824.0,35.0,45692.0,5.0,45191,124
2007-05-12|7|Adelaide Crows|Brisbane Lions,2007-05-12,2007,45501.0,33.0,45089.0,3.0,45501,142
2007-05-12|7|Carlton Blues|Collingwood Magpies,2007-05-12,2007,43529.0,34.0,43727.0,4.0,43529,132
2007-05-12|7|Port Adelaide Power|Richmond Tigers,2007-05-12,2007,45921.0,28.0,45658.0,3.0,43713,142
2007-05-12|7|St Kilda Saints|Sydney Swans,2007-05-12,2007,44516.0,24.0,45544.0,4.0,44786,122
2007-05-13|7|Fremantle Dockers|Hawthorn Hawks,2007-05-13,2007,45358.0,33.0,43517.0,4.0,45358,144
2007-05-13|7|Geelong Cats|West Coast Eagles,2007-05-13,2007,43349.0,32.0,45757.0,4.0,45188,130
2007-05-13|7|Melbourne Demons|Western Bulldogs,2007-05-13,2007,43684.0,29.0,45624.0,4.0,43684,139
2007-05-18|8|Adelaide Crows|Richmond Tigers,2007-05-18,2007,45549.0,29.0,45956.0,5.0,45549,110
2007-05-19|8|Brisbane Lions|Essendon Bombers,2007-05-19,2007,44894.0,35.0,45677.0,4.0,45595,141
2007-05-19|8|Carlton Blues|North Melbourne Kangaroos,2007-05-19,2007,45576.0,32.0,45513.0,5.0,45576,116
2007-05-19|8|Fremantle Dockers|Geelong Cats,2007-05-19,2007,44206.0,33.0,44161.0,4.0,43349,126
2007-05-19|8|Hawthorn Hawks|St Kilda Saints,2007-05-19,2007,44508.0,35.0,44825.0,3.0,43820,147
2007-05-20|8|Collingwood Magpies|Western Bulldogs,2007-05-20,2007,43645.0,28.0,43614.0,4.0,43428,118
2007-05-20|8|Melbourne Demons|West Coast Eagles,2007-05-20,2007,44194.0,31.0,44329.0,5.0,44329,126
2007-05-20|8|Port Adelaide Power|Sydney Swans,2007-05-20,2007,44218.0,25.0,43773.0,4.0,43621,99
2007-05-25|9|Fremantle Dockers|St Kilda Saints,2007-05-25,2007,45579.0,33.0,45346.0,3.0,45735,150
2007-05-26|9|Adelaide Crows|Carlton Blues,2007-05-26,2007,45549.0,28.0,45157.0,4.0,45549,106
2007-05-26|9|Brisbane Lions|Collingwood Magpies,2007-05-26,2007,45359.0,37.0,43569.0,5.0,45681,150
2007-05-26|9|Essendon Bombers|Richmond Tigers,2007-05-26,2007,45001.0,26.0,45833.0,4.0,45692,138
2007-05-26|9|Hawthorn Hawks|West Coast Eagles,2007-05-26,2007,45521.0,36.0,43430.0,3.0,43891,121
2007-05-27|9|Geelong Cats|Port Adelaide Power,2007-05-27,2007,43621.0,36.0,44815.0,3.0,43621,145
2007-05-27|9|Melbourne Demons|North Melbourne Kangaroos,2007-05-27,2007,45390.0,35.0,45554.0,5.0,45390,133
2007-05-27|9|Sydney Swans|Western Bulldogs,2007-05-27,2007,45548.0,26.0,45783.0,4.0,44870,111
2007-06-01|10|Collingwood Magpies|Fremantle Dockers,2007-06-01,2007,45048.0,35.0,45844.0,5.0,45048,150
2007-06-02|10|Adelaide Crows|Melbourne Demons,2007-06-02,2007,45555.0,37.0,45770.0,3.0,45555,162
2007-06-02|10|Brisbane Lions|Richmond Tigers,2007-06-02,2007,43744.0,30.0,44658.0,3.0,43744,135
2007-06-02|10|Essendon Bombers|Sydney Swans,2007-06-02,2007,45646.0,32.0,45470.0,3.0,45646,123
2007-06-02|10|North Melbourne Kangaroos|West Coast Eagles,2007-06-02,2007,44733.0,34.0,44329.0,3.0,44733,166
2007-06-03|10|Carlton Blues|Western Bulldogs,2007-06-03,2007,43529.0,37.0,45664.0,5.0,43529,139
2007-06-03|10|Geelong Cats|St Kilda Saints,2007-06-03,2007,43925.0,33.0,45674.0,3.0,43349,150
2007-06-03|10|Hawthorn Hawks|Port Adelaide Power,2007-06-03,2007,44508.0,35.0,43430.0,5.0,45443,128
2007-06-08|11|Essendon Bombers|West Coast Eagles,2007-06-08,2007,44818.0,32.0,45692.0,5.0,45522,130
2007-06-09|11|Brisbane Lions|Western Bulldogs,2007-06-09,2007,43744.0,30.0,45624.0,4.0,44250,161
2007-06-09|11|Carlton Blues|Port Adelaide Power,2007-06-09,2007,43621.0,30.0,45157.0,4.0,43621,126
2007-06-09|11|Hawthorn Hawks|Sydney Swans,2007-06-09,2007,45525.0,29.0,43847.0,6.0,44355,131
2007-06-10|11|Adelaide Crows|Geelong Cats,2007-06-10,2007,45089.0,33.0,45723.0,3.0,45089,143
2007-06-10|11|Fremantle Dockers|Richmond Tigers,2007-06-10,2007,44159.0,26.0,45585.0,5.0,45346,134
2007-06-10|11|North Melbourne Kangaroos|St Kilda Saints,2007-06-10,2007,44516.0,33.0,44177.0,4.0,44516,120
2007-06-11|11|Collingwood Magpies|Melbourne Demons,2007-06-11,2007,44448.0,26.0,45841.0,7.0,45623,117
2007-06-15|12|Carlton Blues|Hawthorn Hawks,2007-06-15,2007,43529.0,30.0,44825.0,5.0,44066,149
2007-06-16|12|Adelaide Crows|North Melbourne Kangaroos,2007-06-16,2007,45576.0,33.0,45956.0,5.0,45881,125
2007-06-16|12|Fremantle Dockers|Western Bulldogs,2007-06-16,2007,45346.0,34.0,45624.0,5.0,45346,129
2007-06-17|12|Brisbane Lions|Geelong Cats,2007-06-17,2007,43262.0,35.0,44161.0,3.0,43262,139
2007-06-17|12|Essendon Bombers|Port Adelaide Power,2007-06-17,2007,45626.0,28.0,43773.0,4.0,43537,133
2007-06-22|12|Melbourne Demons|Richmond Tigers,2007-06-22,2007,45377.0,33.0,44687.0,3.0,45833,128
2007-06-23|12|Collingwood Magpies|Sydney Swans,2007-06-23,2007,45777.0,25.0,45079.0,4.0,45646,116
2007-06-24|12|St Kilda Saints|West Coast Eagles,2007-06-24,2007,44516.0,31.0,44239.0,4.0,44516,130
2007-06-29|13|Essendon Bombers|Melbourne Demons,2007-06-29,2007,45390.0,23.0,45692.0,5.0,45692,119
2007-06-30|13|Brisbane Lions|Port Adelaide Power,2007-06-30,2007,45665.0,36.0,44541.0,6.0,44541,131
2007-06-30|13|Carlton Blues|Fremantle Dockers,2007-06-30,2007,43529.0,26.0,45157.0,5.0,45793,128
2007-06-30|13|Geelong Cats|Sydney Swans,2007-06-30,2007,45646.0,33.0,45757.0,4.0,45646,128
2007-06-30|13|Richmond Tigers|St Kilda Saints,2007-06-30,2007,44516.0,35.0,45544.0,5.0,44516,121
2007-07-01|13|Adelaide Crows|West Coast Eagles,2007-07-01,2007,44221.0,32.0,44174.0,3.0,43634,129
2007-07-01|13|Collingwood Magpies|Hawthorn Hawks,2007-07-01,2007,44905.0,29.0,43847.0,4.0,45048,125
2007-07-01|13|North Melbourne Kangaroos|Western Bulldogs,2007-07-01,2007,43428.0,31.0,44684.0,7.0,45576,139
2007-07-06|14|Essendon Bombers|Geelong Cats,2007-07-06,2007,45420.0,34.0,45420.0,3.0,45420,153
2007-07-07|14|Adelaide Crows|Hawthorn Hawks,2007-07-07,2007,45501.0,41.0,45830.0,4.0,45501,152
2007-07-07|14|Brisbane Lions|West Coast Eagles,2007-07-07,2007,44194.0,35.0,43442.0,4.0,45775,141
2007-07-07|14|Collingwood Magpies|St Kilda Saints,2007-07-07,2007,43821.0,30.0,45544.0,4.0,45048,136
2007-07-07|14|Port Adelaide Power|Western Bulldogs,2007-07-07,2007,45443.0,34.0,45624.0,5.0,43428,146
2007-07-08|14|Carlton Blues|Melbourne Demons,2007-07-08,2007,43529.0,33.0,45841.0,5.0,44941,134
2007-07-08|14|Fremantle Dockers|Sydney Swans,2007-07-08,2007,45525.0,26.0,45563.0,3.0,44870,100
2007-07-08|14|North Melbourne Kangaroos|Richmond Tigers,2007-07-08,2007,45576.0,32.0,44684.0,6.0,45833,127
2007-07-13|15|Adelaide Crows|St Kilda Saints,2007-07-13,2007,45577.0,33.0,45544.0,4.0,45582,146
2007-07-14|15|Brisbane Lions|Melbourne Demons,2007-07-14,2007,44448.0,31.0,45387.0,6.0,45387,128
2007-07-14|15|Collingwood Magpies|Geelong Cats,2007-07-14,2007,45442.0,34.0,43580.0,4.0,45681,128
2007-07-14|15|Essendon Bombers|Western Bulldogs,2007-07-14,2007,43614.0,31.0,45624.0,5.0,43614,150
2007-07-14|15|Port Adelaide Power|West Coast Eagles,2007-07-14,2007,43621.0,35.0,44541.0,4.0,45443,139
2007-07-15|15|Carlton Blues|Sydney Swans,2007-07-15,2007,44355.0,28.0,45508.0,4.0,45508,125
2007-07-15|15|Fremantle Dockers|North Melbourne Kangaroos,2007-07-15,2007,45881.0,33.0,43963.0,2.0,45881,120
2007-07-15|15|Hawthorn Hawks|Richmond Tigers,2007-07-15,2007,45377.0,34.0,44825.0,5.0,45377,138
2007-07-20|16|Geelong Cats|Western Bulldogs,2007-07-20,2007,43349.0,38.0,45757.0,4.0,44340,134
2007-07-21|16|Adelaide Crows|Fremantle Dockers,2007-07-21,2007,45346.0,30.0,45793.0,5.0,45793,139
2007-07-21|16|Collingwood Magpies|Essendon Bombers,2007-07-21,2007,44690.0,32.0,45469.0,4.0,45681,142
2007-07-21|16|Hawthorn Hawks|St Kilda Saints,2007-07-21,2007,43334.0,31.0,43847.0,5.0,43334,154
2007-07-21|16|Sydney Swans|West Coast Eagles,2007-07-21,2007,45445.0,38.0,43984.0,4.0,45445,140
2007-07-22|16|Brisbane Lions|Carlton Blues,2007-07-22,2007,45665.0,31.0,45387.0,10.0,45387,155
2007-07-22|16|Melbourne Demons|North Melbourne Kangaroos,2007-07-22,2007,45576.0,28.0,44177.0,4.0,45883,137
2007-07-22|16|Port Adelaide Power|Richmond Tigers,2007-07-22,2007,43621.0,36.0,43773.0,6.0,43621,144
2007-07-27|17|West Coast Eagles|Western Bulldogs,2007-07-27,2007,44221.0,34.0,44329.0,5.0,43428,130
2007-07-28|17|Brisbane Lions|Collingwood Magpies,2007-07-28,2007,45359.0,30.0,43442.0,7.0,43442,130
2007-07-28|17|Carlton Blues|St Kilda Saints,2007-07-28,2007,43529.0,38.0,45544.0,6.0,43821,142
2007-07-28|17|Fremantle Dockers|Geelong Cats,2007-07-28,2007,43262.0,31.0,45024.0,5.0,44161,134
2007-07-28|17|Richmond Tigers|Sydney Swans,2007-07-28,2007,45377.0,23.0,45563.0,6.0,45563,111
2007-07-29|17|Adelaide Crows|Essendon Bombers,2007-07-29,2007,44690.0,35.0,45677.0,5.0,44690,121
2007-07-29|17|Hawthorn Hawks|North Melbourne Kangaroos,2007-07-29,2007,44279.0,34.0,44177.0,7.0,44177,129
2007-07-29|17|Melbourne Demons|Port Adelaide Power,2007-07-29,2007,45392.0,36.0,43773.0,6.0,45443,144
2007-08-03|18|St Kilda Saints|Western Bulldogs,2007-08-03,2007,45957.0,30.0,43883.0,4.0,44786,115
2007-08-04|18|Adelaide Crows|Port Adelaide Power,2007-08-04,2007,45549.0,39.0,43773.0,4.0,45549,124
2007-08-04|18|Brisbane Lions|North Melbourne Kangaroos,2007-08-04,2007,45576.0,35.0,45387.0,6.0,45387,140
2007-08-04|18|Carlton Blues|Collingwood Magpies,2007-08-04,2007,43529.0,36.0,45513.0,6.0,45863,134
2007-08-04|18|Geelong Cats|Richmond Tigers,2007-08-04,2007,45748.0,33.0,44161.0,5.0,45442,134
2007-08-05|18|Essendon Bombers|Hawthorn Hawks,2007-08-05,2007,44279.0,30.0,43847.0,4.0,44279,114
2007-08-05|18|Fremantle Dockers|West Coast Eagles,2007-08-05,2007,45579.0,30.0,44266.0,4.0,45409,122
2007-08-05|18|Melbourne Demons|Sydney Swans,2007-08-05,2007,43475.0,31.0,45598.0,3.0,43475,133
2007-08-10|19|Collingwood Magpies|Richmond Tigers,2007-08-10,2007,45377.0,31.0,43713.0,5.0,45627,122
2007-08-11|19|Brisbane Lions|Hawthorn Hawks,2007-08-11,2007,45813.0,34.0,45387.0,6.0,44066,131
2007-08-11|19|Carlton Blues|Port Adelaide Power,2007-08-11,2007,43621.0,33.0,45214.0,4.0,43819,112
2007-08-11|19|Melbourne Demons|Western Bulldogs,2007-08-11,2007,45957.0,37.0,44044.0,5.0,43614,121
2007-08-11|19|St Kilda Saints|Sydney Swans,2007-08-11,2007,44516.0,26.0,44463.0,3.0,45548,111
2007-08-12|19|Adelaide Crows|Geelong Cats,2007-08-12,2007,43349.0,35.0,44719.0,3.0,43349,160
2007-08-12|19|Essendon Bombers|Fremantle Dockers,2007-08-12,2007,45579.0,35.0,45793.0,6.0,45793,168
2007-08-12|19|North Melbourne Kangaroos|West Coast Eagles,2007-08-12,2007,44221.0,34.0,43984.0,2.0,44818,134
2007-08-17|20|Collingwood Magpies|Melbourne Demons,2007-08-17,2007,45048.0,24.0,44465.0,3.0,45721,126
2007-08-18|20|Brisbane Lions|Sydney Swans,2007-08-18,2007,45548.0,28.0,45387.0,4.0,45548,113
2007-08-18|20|Carlton Blues|Essendon Bombers,2007-08-18,2007,45404.0,35.0,45677.0,6.0,43529,139
2007-08-18|20|Fremantle Dockers|St Kilda Saints,2007-08-18,2007,45582.0,26.0,45544.0,8.0,45409,136
2007-08-18|20|Richmond Tigers|West Coast Eagles,2007-08-18,2007,44221.0,31.0,44329.0,7.0,44329,129
2007-08-19|20|Adelaide Crows|Western Bulldogs,2007-08-19,2007,43428.0,31.0,45956.0,4.0,43428,127
2007-08-19|20|Geelong Cats|North Melbourne Kangaroos,2007-08-19,2007,43349.0,36.0,45757.0,5.0,43349,146
2007-08-19|20|Hawthorn Hawks|Port Adelaide Power,2007-08-19,2007,43621.0,38.0,43621.0,3.0,43621,164
2007-08-24|21|St Kilda Saints|West Coast Eagles,2007-08-24,2007,44733.0,31.0,44329.0,5.0,44733,160
2007-08-25|21|Adelaide Crows|Brisbane Lions,2007-08-25,2007,44767.0,38.0,43407.0,2.0,45501,135
2007-08-25|21|Carlton Blues|North Melbourne Kangaroos,2007-08-25,2007,43374.0,36.0,43778.0,4.0,43374,128
2007-08-25|21|Collingwood Magpies|Sydney Swans,2007-08-25,2007,45548.0,33.0,44838.0,4.0,45548,153
2007-08-25|21|Fremantle Dockers|Melbourne Demons,2007-08-25,2007,45346.0,31.0,45735.0,5.0,45793,127
2007-08-26|21|Essendon Bombers|Richmond Tigers,2007-08-26,2007,45627.0,31.0,45677.0,4.0,45833,130
2007-08-26|21|Geelong Cats|Port Adelaide Power,2007-08-26,2007,43621.0,32.0,43264.0,3.0,45443,117
2007-08-26|21|Hawthorn Hawks|Western Bulldogs,2007-08-26,2007,44898.0,39.0,44066.0,6.0,44066,143
2007-08-31|22|Adelaide Crows|Collingwood Magpies,2007-08-31,2007,45089.0,31.0,45396.0,3.0,44905,140
2007-09-01|22|Brisbane Lions|Geelong Cats,2007-09-01,2007,45665.0,33.0,45387.0,7.0,45665,132
2007-09-01|22|Essendon Bombers|West Coast Eagles,2007-09-01,2007,45595.0,34.0,45692.0,8.0,45595,126
2007-09-01|22|Fremantle Dockers|Port Adelaide Power,2007-09-01,2007,43621.0,31.0,43488.0,4.0,43621,124
2007-09-01|22|Richmond Tigers|St Kilda Saints,2007-09-01,2007,45377.0,31.0,45544.0,5.0,44590,128
2007-09-02|22|Carlton Blues|Melbourne Demons,2007-09-02,2007,45629.0,42.0,45841.0,6.0,45629,154
2007-09-02|22|Hawthorn Hawks|Sydney Swans,2007-09-02,2007,45548.0,27.0,45470.0,4.0,45548,105
2007-09-02|22|North Melbourne Kangaroos|Western Bulldogs,2007-09-02,2007,45824.0,31.0,44858.0,5.0,45624,122
2007-09-07|QF|Port Adelaide Power|West Coast Eagles,2007-09-07,2007,45392.0,29.0,44194.0,2.0,45898,135
2007-09-08|EF|Adelaide Crows|Hawthorn Hawks,2007-09-08,2007,45089.0,34.0,43847.0,7.0,45089,130
2007-09-08|EF|Collingwood Magpies|Sydney Swans,2007-09-08,2007,45548.0,29.0,45844.0,6.0,45844,111
2007-09-09|QF|Geelong Cats|North Melbourne Kangaroos,2007-09-09,2007,43262.0,32.0,45420.0,5.0,43262,133
2007-09-14|SF|Collingwood Magpies|West Coast Eagles,2007-09-14,2007,45048.0,38.0,45844.0,3.0,45048,158
2007-09-15|SF|Hawthorn Hawks|North Melbourne Kangaroos,2007-09-15,2007,44279.0,31.0,43778.0,4.0,44898,122
2007-09-21|PF|Collingwood Magpies|Geelong Cats,2007-09-21,2007,43262.0,31.0,43580.0,3.0,43349,121
2007-09-22|PF|North Melbourne Kangaroos|Port Adelaide Power,2007-09-22,2007,43543.0,32.0,43773.0,3.0,44298,125
2007-09-29|GF|Geelong Cats|Port Adelaide Power,2007-09-29,2007,43621.0,37.0,45757.0,5.0,45392,130
2008-03-20|1|Carlton Blues|Richmond Tigers,2008-03-20,2008,45092.0,28.0,45833.0,5.0,45092,124
2008-03-20|1|Geelong Cats|Port Adelaide Power,2008-03-20,2008,43621.0,31.0,43773.0,3.0,45442,149
2008-03-22|1|Brisbane Lions|West Coast Eagles,2008-03-22,2008,45359.0,30.0,45387.0,6.0,43634,121
2008-03-22|1|Collingwood Magpies|Fremantle Dockers,2008-03-22,2008,45048.0,27.0,45844.0,6.0,45048,122
2008-03-22|1|St Kilda Saints|Sydney Swans,2008-03-22,2008,44218.0,25.0,44239.0,2.0,44786,100
2008-03-23|1|Adelaide Crows|Western Bulldogs,2008-03-23,2008,43614.0,31.0,45396.0,5.0,43883,123
2008-03-23|1|Hawthorn Hawks|Melbourne Demons,2008-03-23,2008,44508.0,34.0,43847.0,6.0,45295,137
2008-03-24|1|Essendon Bombers|North Melbourne Kangaroos,2008-03-24,2008,45738.0,32.0,45677.0,6.0,45677,123
2008-03-28|2|Brisbane Lions|Collingwood Magpies,2008-03-28,2008,45048.0,28.0,45381.0,3.0,45395,117
2008-03-29|2|Adelaide Crows|West Coast Eagles,2008-03-29,2008,45733.0,31.0,45549.0,7.0,45549,161
2008-03-29|2|Carlton Blues|St Kilda Saints,2008-03-29,2008,43334.0,28.0,44501.0,4.0,44558,122
2008-03-29|2|Fremantle Dockers|Hawthorn Hawks,2008-03-29,2008,45585.0,31.0,43847.0,4.0,45122,106
2008-03-29|2|Melbourne Demons|Western Bulldogs,2008-03-29,2008,43645.0,31.0,45767.0,4.0,43645,139
2008-03-30|2|Essendon Bombers|Geelong Cats,2008-03-30,2008,43262.0,34.0,43863.0,3.0,45024,139
2008-03-30|2|North Melbourne Kangaroos|Richmond Tigers,2008-03-30,2008,43713.0,27.0,44177.0,7.0,44177,115
2008-03-30|2|Port Adelaide Power|Sydney Swans,2008-03-30,2008,44380.0,23.0,45563.0,5.0,45366,114
2008-04-04|3|St Kilda Saints|Western Bulldogs,2008-04-04,2008,43614.0,28.0,43940.0,3.0,43645,113
2008-04-05|3|Brisbane Lions|Sydney Swans,2008-04-05,2008,45782.0,27.0,45381.0,5.0,45563,117
2008-04-05|3|Carlton Blues|Essendon Bombers,2008-04-05,2008,44194.0,32.0,45513.0,8.0,45738,141
2008-04-05|3|Fremantle Dockers|West Coast Eagles,2008-04-05,2008,44221.0,33.0,45793.0,5.0,45188,120
2008-04-05|3|Hawthorn Hawks|North Melbourne Kangaroos,2008-04-05,2008,44898.0,34.0,43847.0,5.0,44898,141
2008-04-06|3|Adelaide Crows|Port Adelaide Power,2008-04-06,2008,45392.0,41.0,43488.0,4.0,45443,152
2008-04-06|3|Collingwood Magpies|Richmond Tigers,2008-04-06,2008,44905.0,33.0,44465.0,3.0,44465,131
2008-04-06|3|Geelong Cats|Melbourne Demons,2008-04-06,2008,45442.0,34.0,44012.0,5.0,45442,130
2008-04-11|4|Essendon Bombers|Western Bulldogs,2008-04-11,2008,45522.0,32.0,45001.0,3.0,45522,128
2008-04-12|4|Brisbane Lions|Port Adelaide Power,2008-04-12,2008,45359.0,32.0,45381.0,5.0,44852,113
2008-04-12|4|Geelong Cats|St Kilda Saints,2008-04-12,2008,44516.0,35.0,44161.0,4.0,44516,134
2008-04-12|4|Melbourne Demons|North Melbourne Kangaroos,2008-04-12,2008,45555.0,28.0,45919.0,5.0,45576,106
2008-04-12|4|Sydney Swans|West Coast Eagles,2008-04-12,2008,44380.0,25.0,44446.0,4.0,45336,106
2008-04-13|4|Adelaide Crows|Hawthorn Hawks,2008-04-13,2008,45561.0,38.0,43847.0,6.0,45561,161
2008-04-13|4|Carlton Blues|Collingwood Magpies,2008-04-13,2008,44905.0,27.0,45513.0,7.0,45157,118
2008-04-13|4|Fremantle Dockers|Richmond Tigers,2008-04-13,2008,45627.0,36.0,45833.0,4.0,45833,141
2008-04-18|5|Essendon Bombers|St Kilda Saints,2008-04-18,2008,45577.0,29.0,44786.0,3.0,45582,118
2008-04-19|5|Adelaide Crows|Fremantle Dockers,2008-04-19,2008,45733.0,34.0,45396.0,3.0,45733,115
2008-04-19|5|Brisbane Lions|Hawthorn Hawks,2008-04-19,2008,44508.0,32.0,43847.0,8.0,43847,127
2008-04-19|5|Collingwood Magpies|North Melbourne Kangaroos,2008-04-19,2008,45576.0,34.0,44465.0,5.0,44465,126
2008-04-19|5|Geelong Cats|Sydney Swans,2008-04-19,2008,43262.0,35.0,44161.0,4.0,43262,150
2008-04-20|5|Carlton Blues|Melbourne Demons,2008-04-20,2008,44448.0,32.0,45513.0,7.0,45555,139
2008-04-20|5|Port Adelaide Power|West Coast Eagles,2008-04-20,2008,43621.0,27.0,44446.0,5.0,44891,135
2008-04-20|5|Richmond Tigers|Western Bulldogs,2008-04-20,2008,43428.0,29.0,43888.0,3.0,45627,120
2008-04-25|6|Collingwood Magpies|Essendon Bombers,2008-04-25,2008,44673.0,33.0,44465.0,6.0,44673,150
2008-04-25|6|Fremantle Dockers|Geelong Cats,2008-04-25,2008,45442.0,35.0,45793.0,5.0,44856,128
2008-04-26|6|Adelaide Crows|Carlton Blues,2008-04-26,2008,45501.0,29.0,45396.0,4.0,45089,120
2008-04-26|6|Port Adelaide Power|St Kilda Saints,2008-04-26,2008,43621.0,33.0,44541.0,3.0,43537,123
2008-04-26|6|West Coast Eagles|Western Bulldogs,2008-04-26,2008,43645.0,32.0,45316.0,4.0,45767,149
2008-04-27|6|Brisbane Lions|Melbourne Demons,2008-04-27,2008,45359.0,36.0,45381.0,6.0,45390,133
2008-04-27|6|Hawthorn Hawks|Richmond Tigers,2008-04-27,2008,45121.0,33.0,44825.0,5.0,45833,130
2008-04-27|6|North Melbourne Kangaroos|Sydney Swans,2008-04-27,2008,45646.0,23.0,45783.0,3.0,45548,108
2008-05-02|7|Carlton Blues|West Coast Eagles,2008-05-02,2008,43529.0,42.0,45513.0,4.0,43529,140
2008-05-03|7|Adelaide Crows|North Melbourne Kangaroos,2008-05-03,2008,45881.0,31.0,44719.0,4.0,43407,114
2008-05-03|7|Brisbane Lions|Geelong Cats,2008-05-03,2008,44340.0,34.0,43569.0,3.0,44340,137
2008-05-03|7|Collingwood Magpies|Hawthorn Hawks,2008-05-03,2008,44508.0,39.0,43847.0,6.0,44905,150
2008-05-03|7|Richmond Tigers|St Kilda Saints,2008-05-03,2008,45309.0,29.0,44501.0,7.0,45833,133
2008-05-04|7|Essendon Bombers|Port Adelaide Power,2008-05-04,2008,44852.0,33.0,44541.0,7.0,44852,144
2008-05-04|7|Fremantle Dockers|Melbourne Demons,2008-05-04,2008,45390.0,31.0,45793.0,5.0,45390,131
2008-05-04|7|Sydney Swans|Western Bulldogs,2008-05-04,2008,45782.0,32.0,43614.0,5.0,45624,114
2008-05-16|8|Collingwood Magpies|St Kilda Saints,2008-05-16,2008,43334.0,30.0,43727.0,3.0,45582,124
2008-05-17|8|Brisbane Lions|Carlton Blues,2008-05-17,2008,45863.0,39.0,45387.0,6.0,45629,150
2008-05-17|8|Geelong Cats|Richmond Tigers,2008-05-17,2008,43262.0,27.0,45420.0,4.0,43262,135
2008-05-17|8|Hawthorn Hawks|Port Adelaide Power,2008-05-17,2008,44279.0,36.0,43847.0,6.0,43488,143
2008-05-17|8|North Melbourne Kangaroos|West Coast Eagles,2008-05-17,2008,45521.0,29.0,43963.0,3.0,43963,123
2008-05-18|8|Adelaide Crows|Melbourne Demons,2008-05-18,2008,43379.0,27.0,45396.0,5.0,45396,139
2008-05-18|8|Essendon Bombers|Sydney Swans,2008-05-18,2008,45646.0,29.0,45783.0,6.0,44169,132
2008-05-18|8|Fremantle Dockers|Western Bulldogs,2008-05-18,2008,45346.0,29.0,45793.0,4.0,45346,115
2008-05-23|9|Collingwood Magpies|Geelong Cats,2008-05-23,2008,43262.0,29.0,43580.0,4.0,45048,123
2008-05-24|9|Adelaide Crows|West Coast Eagles,2008-05-24,2008,44818.0,35.0,43379.0,2.0,45089,153
2008-05-24|9|Carlton Blues|Fremantle Dockers,2008-05-24,2008,43374.0,31.0,45793.0,4.0,45904,121
2008-05-24|9|Essendon Bombers|Richmond Tigers,2008-05-24,2008,43713.0,29.0,45677.0,4.0,43836,122
2008-05-24|9|Port Adelaide Power|Sydney Swans,2008-05-24,2008,45646.0,31.0,43773.0,6.0,45646,115
2008-05-25|9|Brisbane Lions|St Kilda Saints,2008-05-25,2008,45582.0,32.0,45381.0,6.0,45387,142
2008-05-25|9|Hawthorn Hawks|Melbourne Demons,2008-05-25,2008,44508.0,33.0,43847.0,3.0,44448,127
2008-05-25|9|North Melbourne Kangaroos|Western Bulldogs,2008-05-25,2008,43614.0,33.0,45316.0,4.0,43614,113
2008-05-30|10|Adelaide Crows|Essendon Bombers,2008-05-30,2008,45089.0,33.0,44458.0,3.0,45089,137
2008-05-31|10|Brisbane Lions|North Melbourne Kangaroos,2008-05-31,2008,45359.0,30.0,45381.0,6.0,45387,133
2008-05-31|10|Carlton Blues|Geelong Cats,2008-05-31,2008,45442.0,34.0,44161.0,5.0,44161,163
2008-05-31|10|Collingwood Magpies|West Coast Eagles,2008-05-31,2008,45048.0,36.0,44465.0,5.0,43634,152
2008-05-31|10|Hawthorn Hawks|Western Bulldogs,2008-05-31,2008,43645.0,31.0,43847.0,5.0,43883,131
2008-06-01|10|Fremantle Dockers|Port Adelaide Power,2008-06-01,2008,43621.0,31.0,44541.0,5.0,44856,117
2008-06-01|10|Melbourne Demons|St Kilda Saints,2008-06-01,2008,43334.0,29.0,44870.0,5.0,43334,142
2008-06-01|10|Richmond Tigers|Sydney Swans,2008-06-01,2008,43713.0,32.0,43475.0,3.0,43713,118
2008-06-06|11|Geelong Cats|North Melbourne Kangaroos,2008-06-06,2008,43262.0,39.0,45757.0,7.0,43262,148
2008-06-07|11|Adelaide Crows|Richmond Tigers,2008-06-07,2008,45309.0,34.0,45089.0,6.0,45089,129
2008-06-07|11|Essendon Bombers|Hawthorn Hawks,2008-06-07,2008,44279.0,28.0,43847.0,9.0,43847,138
2008-06-07|11|Sydney Swans|West Coast Eagles,2008-06-07,2008,44355.0,28.0,43384.0,2.0,44355,134
2008-06-08|11|Brisbane Lions|Fremantle Dockers,2008-06-08,2008,44159.0,30.0,45387.0,3.0,44159,141
2008-06-08|11|Carlton Blues|Port Adelaide Power,2008-06-08,2008,44558.0,33.0,44243.0,3.0,43621,134
2008-06-08|11|St Kilda Saints|Western Bulldogs,2008-06-08,2008,43428.0,34.0,45316.0,6.0,45316,147
2008-06-09|11|Collingwood Magpies|Melbourne Demons,2008-06-09,2008,44448.0,36.0,45054.0,3.0,45395,154
2008-06-13|12|Essendon Bombers|West Coast Eagles,2008-06-13,2008,44046.0,27.0,45974.0,4.0,44046,133
2008-06-14|12|Adelaide Crows|Hawthorn Hawks,2008-06-14,2008,45089.0,33.0,44719.0,3.0,43407,151
2008-06-14|12|Brisbane Lions|Western Bulldogs,2008-06-14,2008,43614.0,37.0,45956.0,5.0,43614,148
2008-06-14|12|Fremantle Dockers|North Melbourne Kangaroos,2008-06-14,2008,45576.0,29.0,45793.0,8.0,45793,123
2008-06-14|12|St Kilda Saints|Sydney Swans,2008-06-14,2008,44463.0,28.0,43867.0,3.0,44463,119
2008-06-15|12|Carlton Blues|Collingwood Magpies,2008-06-15,2008,44558.0,31.0,45513.0,8.0,45513,155
2008-06-15|12|Geelong Cats|Port Adelaide Power,2008-06-15,2008,45442.0,34.0,45420.0,4.0,43262,127
2008-06-15|12|Melbourne Demons|Richmond Tigers,2008-06-15,2008,43713.0,29.0,45833.0,5.0,45833,145
2008-06-20|13|Fremantle Dockers|St Kilda Saints,2008-06-20,2008,43334.0,32.0,45793.0,5.0,44786,152
2008-06-21|13|Adelaide Crows|Brisbane Lions,2008-06-21,2008,45813.0,40.0,43569.0,3.0,43442,138
2008-06-21|13|Geelong Cats|West Coast Eagles,2008-06-21,2008,43262.0,37.0,45420.0,5.0,43262,147
2008-06-21|13|Hawthorn Hawks|North Melbourne Kangaroos,2008-06-21,2008,44508.0,38.0,45082.0,4.0,44508,141
2008-06-21|13|Port Adelaide Power|Richmond Tigers,2008-06-21,2008,45377.0,39.0,44102.0,6.0,45377,180
2008-06-22|13|Carlton Blues|Essendon Bombers,2008-06-22,2008,45904.0,30.0,45513.0,7.0,44515,134
2008-06-22|13|Collingwood Magpies|Western Bulldogs,2008-06-22,2008,44905.0,31.0,45562.0,3.0,44905,136
2008-06-22|13|Melbourne Demons|Sydney Swans,2008-06-22,2008,45646.0,27.0,45563.0,5.0,45563,115
2008-06-27|14|Hawthorn Hawks|West Coast Eagles,2008-06-27,2008,44221.0,40.0,44825.0,6.0,44733,135
2008-06-28|14|Carlton Blues|Richmond Tigers,2008-06-28,2008,45377.0,32.0,45513.0,4.0,43713,132
2008-06-28|14|North Melbourne Kangaroos|St Kilda Saints,2008-06-28,2008,45881.0,32.0,44501.0,4.0,44786,128
2008-06-28|14|Port Adelaide Power|Western Bulldogs,2008-06-28,2008,43621.0,41.0,45316.0,4.0,43621,131
2008-06-29|14|Brisbane Lions|Melbourne Demons,2008-06-29,2008,44156.0,33.0,45387.0,5.0,45555,145
2008-06-29|14|Essendon Bombers|Fremantle Dockers,2008-06-29,2008,45191.0,36.0,45793.0,6.0,44856,129
2008-07-04|14|Adelaide Crows|Geelong Cats,2008-07-04,2008,43349.0,41.0,44303.0,4.0,43349,145
2008-07-05|14|Collingwood Magpies|Sydney Swans,2008-07-05,2008,45048.0,30.0,43580.0,3.0,45646,131
2008-07-11|15|Carlton Blues|St Kilda Saints,2008-07-11,2008,44194.0,30.0,44501.0,5.0,44786,121
2008-07-12|15|Adelaide Crows|Collingwood Magpies,2008-07-12,2008,44231.0,37.0,44465.0,5.0,44465,128
2008-07-12|15|Brisbane Lions|Essendon Bombers,2008-07-12,2008,45213.0,33.0,45387.0,5.0,45001,174
2008-07-12|15|Fremantle Dockers|Geelong Cats,2008-07-12,2008,43796.0,37.0,44303.0,4.0,43796,157
2008-07-12|15|North Melbourne Kangaroos|Port Adelaide Power,2008-07-12,2008,43621.0,30.0,43773.0,3.0,44309,118
2008-07-13|15|Hawthorn Hawks|Sydney Swans,2008-07-13,2008,45646.0,29.0,43847.0,4.0,45548,112
2008-07-13|15|Melbourne Demons|Western Bulldogs,2008-07-13,2008,45390.0,38.0,44495.0,3.0,45390,141
2008-07-13|15|Richmond Tigers|West Coast Eagles,2008-07-13,2008,44451.0,33.0,44785.0,5.0,43634,152
2008-07-18|16|Collingwood Magpies|North Melbourne Kangaroos,2008-07-18,2008,45212.0,27.0,43294.0,4.0,44684,129
2008-07-19|16|Brisbane Lions|West Coast Eagles,2008-07-19,2008,43634.0,36.0,45381.0,4.0,43634,157
2008-07-19|16|Essendon Bombers|Richmond Tigers,2008-07-19,2008,45001.0,27.0,44538.0,4.0,45001,135
2008-07-19|16|Geelong Cats|Western Bulldogs,2008-07-19,2008,45748.0,32.0,43863.0,4.0,45024,122
2008-07-19|16|Hawthorn Hawks|St Kilda Saints,2008-07-19,2008,44857.0,32.0,44786.0,6.0,44857,131
2008-07-20|16|Adelaide Crows|Port Adelaide Power,2008-07-20,2008,44852.0,33.0,43773.0,4.0,45492,138
2008-07-20|16|Carlton Blues|Sydney Swans,2008-07-20,2008,43529.0,29.0,45513.0,5.0,45782,155
2008-07-20|16|Fremantle Dockers|Melbourne Demons,2008-07-20,2008,45793.0,28.0,45793.0,5.0,45793,148
2008-07-25|17|Geelong Cats|Hawthorn Hawks,2008-07-25,2008,43349.0,36.0,43847.0,4.0,43349,147
2008-07-26|17|Adelaide Crows|Sydney Swans,2008-07-26,2008,45782.0,35.0,44719.0,5.0,45782,138
2008-07-26|17|Brisbane Lions|Richmond Tigers,2008-07-26,2008,45627.0,31.0,45309.0,4.0,45833,132
2008-07-26|17|Collingwood Magpies|Essendon Bombers,2008-07-26,2008,45191.0,41.0,45213.0,4.0,45213,131
2008-07-26|17|St Kilda Saints|West Coast Eagles,2008-07-26,2008,45582.0,31.0,44786.0,5.0,44329,119
2008-07-27|17|Carlton Blues|Western Bulldogs,2008-07-27,2008,44194.0,32.0,45513.0,6.0,45513,114
2008-07-27|17|Fremantle Dockers|Port Adelaide Power,2008-07-27,2008,43621.0,39.0,45214.0,4.0,43621,128
2008-07-27|17|Melbourne Demons|North Melbourne Kangaroos,2008-07-27,2008,45881.0,30.0,45082.0,5.0,45212,114
2008-08-01|18|Collingwood Magpies|Hawthorn Hawks,2008-08-01,2008,44279.0,38.0,43847.0,8.0,43847,139
2008-08-02|18|Adelaide Crows|Carlton Blues,2008-08-02,2008,43379.0,40.0,45513.0,5.0,43379,146
2008-08-02|18|Brisbane Lions|North Melbourne Kangaroos,2008-08-02,2008,43672.0,34.0,45381.0,5.0,43442,114
2008-08-02|18|Essendon Bombers|Melbourne Demons,2008-08-02,2008,44690.0,30.0,45677.0,8.0,45054,132
2008-08-02|18|Geelong Cats|Richmond Tigers,2008-08-02,2008,43349.0,32.0,43863.0,3.0,43349,144
2008-08-03|18|Fremantle Dockers|West Coast Eagles,2008-08-03,2008,43634.0,25.0,45735.0,5.0,45735,111
2008-08-03|18|Port Adelaide Power|St Kilda Saints,2008-08-03,2008,43925.0,34.0,44786.0,3.0,43925,127
2008-08-03|18|Sydney Swans|Western Bulldogs,2008-08-03,2008,45782.0,28.0,44463.0,6.0,44463,122
2008-08-08|19|Geelong Cats|Melbourne Demons,2008-08-08,2008,43796.0,33.0,44303.0,4.0,44340,136
2008-08-09|19|Brisbane Lions|Hawthorn Hawks,2008-08-09,2008,44066.0,31.0,43847.0,6.0,45450,123
2008-08-09|19|Carlton Blues|Port Adelaide Power,2008-08-09,2008,43529.0,34.0,45513.0,4.0,43884,130
2008-08-09|19|Collingwood Magpies|St Kilda Saints,2008-08-09,2008,43903.0,32.0,43294.0,3.0,45530,124
2008-08-09|19|Fremantle Dockers|Sydney Swans,2008-08-09,2008,45367.0,30.0,45548.0,8.0,45548,116
2008-08-10|19|Adelaide Crows|Richmond Tigers,2008-08-10,2008,45121.0,34.0,43894.0,2.0,43379,138
2008-08-10|19|Essendon Bombers|West Coast Eagles,2008-08-10,2008,45191.0,31.0,44446.0,7.0,45382,111
2008-08-10|19|North Melbourne Kangaroos|Western Bulldogs,2008-08-10,2008,45824.0,29.0,45624.0,5.0,45576,124
2008-08-15|20|Collingwood Magpies|Port Adelaide Power,2008-08-15,2008,43488.0,33.0,43580.0,4.0,45658,123
2008-08-16|20|Adelaide Crows|Essendon Bombers,2008-08-16,2008,44579.0,33.0,43894.0,5.0,43894,128
2008-08-16|20|Brisbane Lions|Western Bulldogs,2008-08-16,2008,43614.0,31.0,43883.0,3.0,44250,119
2008-08-16|20|Geelong Cats|Sydney Swans,2008-08-16,2008,43262.0,32.0,45563.0,5.0,43262,126
2008-08-16|20|Melbourne Demons|West Coast Eagles,2008-08-16,2008,45505.0,37.0,44446.0,2.0,43304,145
2008-08-17|20|Carlton Blues|North Melbourne Kangaroos,2008-08-17,2008,45576.0,30.0,45513.0,6.0,45576,121
2008-08-17|20|Fremantle Dockers|St Kilda Saints,2008-08-17,2008,44646.0,30.0,44786.0,5.0,43821,127
2008-08-17|20|Hawthorn Hawks|Richmond Tigers,2008-08-17,2008,45377.0,38.0,43608.0,3.0,45377,173
2008-08-22|21|Essendon Bombers|Western Bulldogs,2008-08-22,2008,43645.0,29.0,45562.0,6.0,45001,115
2008-08-23|21|Brisbane Lions|Carlton Blues,2008-08-23,2008,45904.0,35.0,45381.0,6.0,45904,134
2008-08-23|21|Collingwood Magpies|Sydney Swans,2008-08-23,2008,45048.0,31.0,43580.0,5.0,45048,122
2008-08-23|21|Fremantle Dockers|Richmond Tigers,2008-08-23,2008,45121.0,31.0,44538.0,3.0,45121,145
2008-08-23|21|Melbourne Demons|Port Adelaide Power,2008-08-23,2008,45392.0,37.0,44541.0,5.0,45392,130
2008-08-24|21|Adelaide Crows|St Kilda Saints,2008-08-24,2008,44516.0,31.0,44786.0,3.0,43903,136
2008-08-24|21|Geelong Cats|North Melbourne Kangaroos,2008-08-24,2008,43349.0,37.0,43963.0,8.0,43349,145
2008-08-24|21|Hawthorn Hawks|West Coast Eagles,2008-08-24,2008,44508.0,34.0,43463.0,4.0,45505,127
2008-08-29|22|Collingwood Magpies|Fremantle Dockers,2008-08-29,2008,44646.0,27.0,43432.0,3.0,45469,119
2008-08-30|22|Adelaide Crows|Western Bulldogs,2008-08-30,2008,43883.0,32.0,45501.0,3.0,43888,117
2008-08-30|22|Brisbane Lions|Sydney Swans,2008-08-30,2008,44463.0,28.0,44524.0,4.0,43475,122
2008-08-30|22|Carlton Blues|Hawthorn Hawks,2008-08-30,2008,44558.0,36.0,45513.0,7.0,43884,135
2008-08-30|22|Geelong Cats|West Coast Eagles,2008-08-30,2008,45674.0,34.0,44161.0,6.0,44161,138
2008-08-30|22|North Melbourne Kangaroos|Port Adelaide Power,2008-08-30,2008,45392.0,45.0,44808.0,5.0,45392,151
2008-08-31|22|Essendon Bombers|St Kilda Saints,2008-08-31,2008,43903.0,30.0,44501.0,7.0,44501,143
2008-08-31|22|Melbourne Demons|Richmond Tigers,2008-08-31,2008,45377.0,34.0,43713.0,4.0,45377,149
2008-09-05|QF|Hawthorn Hawks|Western Bulldogs,2008-09-05,2008,43645.0,39.0,43847.0,8.0,43645,151
2008-09-06|EF|Adelaide Crows|Collingwood Magpies,2008-09-06,2008,45048.0,27.0,45014.0,6.0,45014,124
2008-09-06|EF|North Melbourne Kangaroos|Sydney Swans,2008-09-06,2008,43475.0,27.0,44132.0,3.0,43475,98
2008-09-07|QF|Geelong Cats|St Kilda Saints,2008-09-07,2008,43262.0,35.0,45757.0,3.0,43262,129
2008-09-12|SF|Sydney Swans|Western Bulldogs,2008-09-12,2008,43428.0,33.0,45563.0,4.0,43428,131
2008-09-13|SF|Collingwood Magpies|St Kilda Saints,2008-09-13,2008,44857.0,32.0,44786.0,5.0,44857,135
2008-09-19|PF|Geelong Cats|Western Bulldogs,2008-09-19,2008,43645.0,32.0,43988.0,2.0,43645,125
2008-09-20|PF|Hawthorn Hawks|St Kilda Saints,2008-09-20,2008,43903.0,33.0,45245.0,5.0,43903,146
2008-09-27|GF|Geelong Cats|Hawthorn Hawks,2008-09-27,2008,43262.0,34.0,45245.0,3.0,43792,136
2009-03-26|1|Carlton Blues|Richmond Tigers,2009-03-26,2009,43884.0,30.0,43383.0,5.0,45233,131
2009-03-27|1|Geelong Cats|Hawthorn Hawks,2009-03-27,2009,43262.0,35.0,43847.0,5.0,44161,124
2009-03-28|1|Adelaide Crows|Collingwood Magpies,2009-03-28,2009,45733.0,30.0,45014.0,3.0,45149,131
2009-03-28|1|Brisbane Lions|West Coast Eagles,2009-03-28,2009,45629.0,37.0,44266.0,6.0,45629,140
2009-03-28|1|St Kilda Saints|Sydney Swans,2009-03-28,2009,44857.0,27.0,44501.0,3.0,44857,115
2009-03-29|1|Essendon Bombers|Port Adelaide Power,2009-03-29,2009,45392.0,32.0,44541.0,4.0,45001,125
2009-03-29|1|Fremantle Dockers|Western Bulldogs,2009-03-29,2009,43428.0,33.0,45562.0,5.0,43883,129
2009-03-29|1|Melbourne Demons|North Melbourne Kangaroos,2009-03-29,2009,44514.0,29.0,44433.0,3.0,43991,150
2009-04-03|2|Adelaide Crows|St Kilda Saints,2009-04-03,2009,44857.0,35.0,44239.0,4.0,44516,127
2009-04-04|2|Brisbane Lions|Carlton Blues,2009-04-04,2009,43884.0,34.0,45381.0,6.0,43884,152
2009-04-04|2|Collingwood Magpies|Melbourne Demons,2009-04-04,2009,45048.0,33.0,43294.0,4.0,43727,131
2009-04-04|2|Geelong Cats|Richmond Tigers,2009-04-04,2009,43713.0,30.0,44161.0,4.0,45309,135
2009-04-04|2|Hawthorn Hawks|Sydney Swans,2009-04-04,2009,44463.0,33.0,45548.0,4.0,44169,144
2009-04-05|2|Essendon Bombers|Fremantle Dockers,2009-04-05,2009,45191.0,30.0,44458.0,3.0,45522,119
2009-04-05|2|North Melbourne Kangaroos|Western Bulldogs,2009-04-05,2009,43428.0,28.0,44050.0,3.0,44250,136
2009-04-05|2|Port Adelaide Power|West Coast Eagles,2009-04-05,2009,43621.0,33.0,44221.0,4.0,44891,136
2009-04-09|3|Collingwood Magpies|Geelong Cats,2009-04-09,2009,43262.0,37.0,45420.0,4.0,45420,152
2009-04-11|3|Brisbane Lions|Sydney Swans,2009-04-11,2009,45367.0,29.0,45381.0,4.0,44169,133
2009-04-11|3|Carlton Blues|Essendon Bombers,2009-04-11,2009,44194.0,33.0,45677.0,5.0,44194,113
2009-04-11|3|St Kilda Saints|West Coast Eagles,2009-04-11,2009,44516.0,31.0,43903.0,4.0,44516,144
2009-04-12|3|Adelaide Crows|Fremantle Dockers,2009-04-12,2009,45579.0,28.0,44719.0,4.0,45579,107
2009-04-12|3|Hawthorn Hawks|North Melbourne Kangaroos,2009-04-12,2009,45561.0,38.0,44825.0,5.0,45824,122
2009-04-12|3|Melbourne Demons|Port Adelaide Power,2009-04-12,2009,45392.0,35.0,45925.0,6.0,45392,121
2009-04-13|3|Richmond Tigers|Western Bulldogs,2009-04-13,2009,45121.0,33.0,45316.0,4.0,45121,123
2009-04-17|4|Brisbane Lions|Collingwood Magpies,2009-04-17,2009,45681.0,29.0,44465.0,4.0,44673,135
2009-04-18|4|Adelaide Crows|Geelong Cats,2009-04-18,2009,43262.0,46.0,43262.0,3.0,43262,155
2009-04-18|4|Carlton Blues|Sydney Swans,2009-04-18,2009,45157.0,31.0,43383.0,3.0,45157,127
2009-04-18|4|Fremantle Dockers|St Kilda Saints,2009-04-18,2009,44866.0,32.0,44786.0,5.0,44516,119
2009-04-18|4|Hawthorn Hawks|Port Adelaide Power,2009-04-18,2009,45340.0,33.0,45925.0,6.0,43406,133
2009-04-19|4|Essendon Bombers|North Melbourne Kangaroos,2009-04-19,2009,45576.0,33.0,43963.0,4.0,45576,131
2009-04-19|4|Melbourne Demons|Richmond Tigers,2009-04-19,2009,45377.0,44.0,45833.0,4.0,45377,155
2009-04-19|4|West Coast Eagles|Western Bulldogs,2009-04-19,2009,43428.0,30.0,44044.0,4.0,45974,153
2009-04-24|5|Port Adelaide Power|St Kilda Saints,2009-04-24,2009,45582.0,32.0,44786.0,4.0,44786,136
2009-04-25|5|Collingwood Magpies|Essendon Bombers,2009-04-25,2009,45048.0,37.0,43294.0,4.0,45469,150
2009-04-25|5|Fremantle Dockers|Sydney Swans,2009-04-25,2009,45367.0,28.0,44553.0,3.0,45367,133
2009-04-25|5|Hawthorn Hawks|West Coast Eagles,2009-04-25,2009,44508.0,40.0,44540.0,4.0,44508,140
2009-04-25|5|North Melbourne Kangaroos|Richmond Tigers,2009-04-25,2009,44127.0,33.0,44785.0,3.0,44127,131
2009-04-26|5|Adelaide Crows|Melbourne Demons,2009-04-26,2009,45549.0,35.0,43758.0,2.0,45549,127
2009-04-26|5|Brisbane Lions|Geelong Cats,2009-04-26,2009,43262.0,42.0,44012.0,3.0,43262,140
2009-04-26|5|Carlton Blues|Western Bulldogs,2009-04-26,2009,45605.0,29.0,45624.0,4.0,44941,130
2009-05-01|6|Collingwood Magpies|North Melbourne Kangaroos,2009-05-01,2009,45881.0,34.0,43778.0,4.0,45469,137
2009-05-02|6|Adelaide Crows|Port Adelaide Power,2009-05-02,2009,43621.0,37.0,43927.0,3.0,45149,130
2009-05-02|6|Brisbane Lions|Essendon Bombers,2009-05-02,2009,45191.0,36.0,45387.0,5.0,45387,136
2009-05-02|6|Carlton Blues|Hawthorn Hawks,2009-05-02,2009,44508.0,35.0,44825.0,8.0,44825,142
2009-05-02|6|Fremantle Dockers|West Coast Eagles,2009-05-02,2009,45579.0,35.0,44051.0,2.0,43748,138
2009-05-03|6|Geelong Cats|Melbourne Demons,2009-05-03,2009,43349.0,41.0,44161.0,4.0,45420,161
2009-05-03|6|Richmond Tigers|Sydney Swans,2009-05-03,2009,44127.0,29.0,43599.0,2.0,44780,117
2009-05-03|6|St Kilda Saints|Western Bulldogs,2009-05-03,2009,43903.0,33.0,44786.0,4.0,43903,141
2009-05-08|7|Essendon Bombers|Hawthorn Hawks,2009-05-08,2009,45001.0,36.0,43847.0,5.0,45001,147
2009-05-09|7|Brisbane Lions|Richmond Tigers,2009-05-09,2009,45377.0,35.0,45387.0,4.0,45377,123
2009-05-09|7|Carlton Blues|Fremantle Dockers,2009-05-09,2009,45863.0,35.0,45157.0,3.0,43884,142
2009-05-09|7|Geelong Cats|Sydney Swans,2009-05-09,2009,44892.0,34.0,44161.0,4.0,44161,149
2009-05-09|7|North Melbourne Kangaroos|Port Adelaide Power,2009-05-09,2009,43621.0,29.0,43522.0,3.0,43406,126
2009-05-10|7|Adelaide Crows|Western Bulldogs,2009-05-10,2009,45089.0,34.0,45161.0,4.0,43888,120
2009-05-10|7|Melbourne Demons|West Coast Eagles,2009-05-10,2009,44536.0,34.0,44266.0,4.0,44536,146
2009-05-11|7|Collingwood Magpies|St Kilda Saints,2009-05-11,2009,44516.0,38.0,44786.0,5.0,45582,130
2009-05-15|8|Fremantle Dockers|Hawthorn Hawks,2009-05-15,2009,44508.0,34.0,43847.0,4.0,45793,146
2009-05-16|8|Adelaide Crows|Brisbane Lions,2009-05-16,2009,44917.0,35.0,45381.0,5.0,44917,162
2009-05-16|8|Geelong Cats|North Melbourne Kangaroos,2009-05-16,2009,43349.0,34.0,43349.0,3.0,43349,139
2009-05-16|8|Melbourne Demons|Western Bulldogs,2009-05-16,2009,44514.0,37.0,43353.0,4.0,43428,131
2009-05-16|8|Sydney Swans|West Coast Eagles,2009-05-16,2009,45873.0,29.0,45563.0,5.0,43634,129
2009-05-17|8|Carlton Blues|Collingwood Magpies,2009-05-17,2009,44194.0,32.0,43383.0,4.0,44941,133
2009-05-17|8|Essendon Bombers|St Kilda Saints,2009-05-17,2009,45191.0,39.0,44239.0,4.0,45582,147
2009-05-17|8|Port Adelaide Power|Richmond Tigers,2009-05-17,2009,45121.0,31.0,45925.0,7.0,45925,138
2009-05-22|9|Geelong Cats|Western Bulldogs,2009-05-22,2009,43262.0,38.0,44161.0,5.0,45316,122
2009-05-23|9|Adelaide Crows|Carlton Blues,2009-05-23,2009,45501.0,32.0,44231.0,5.0,45904,131
2009-05-23|9|Collingwood Magpies|West Coast Eagles,2009-05-23,2009,44673.0,38.0,44446.0,4.0,45048,158
2009-05-23|9|Essendon Bombers|Richmond Tigers,2009-05-23,2009,45121.0,30.0,45677.0,4.0,45263,139
2009-05-23|9|Fremantle Dockers|North Melbourne Kangaroos,2009-05-23,2009,45579.0,26.0,43963.0,5.0,45579,105
2009-05-24|9|Brisbane Lions|St Kilda Saints,2009-05-24,2009,44336.0,33.0,44239.0,4.0,44516,133
2009-05-24|9|Hawthorn Hawks|Melbourne Demons,2009-05-24,2009,45054.0,37.0,43847.0,4.0,45054,159
2009-05-24|9|Port Adelaide Power|Sydney Swans,2009-05-24,2009,45646.0,32.0,43773.0,2.0,45646,128
2009-05-29|10|Carlton Blues|West Coast Eagles,2009-05-29,2009,44558.0,32.0,44266.0,6.0,44941,125
2009-05-30|10|Brisbane Lions|North Melbourne Kangaroos,2009-05-30,2009,45881.0,37.0,44079.0,4.0,43270,130
2009-05-30|10|Fremantle Dockers|Richmond Tigers,2009-05-30,2009,45121.0,30.0,43713.0,2.0,43748,135
2009-05-30|10|Melbourne Demons|St Kilda Saints,2009-05-30,2009,45582.0,35.0,44786.0,4.0,44516,146
2009-05-30|10|Sydney Swans|Western Bulldogs,2009-05-30,2009,45782.0,31.0,45563.0,6.0,43883,126
2009-05-31|10|Adelaide Crows|Hawthorn Hawks,2009-05-31,2009,45089.0,38.0,45161.0,5.0,44898,133
2009-05-31|10|Collingwood Magpies|Port Adelaide Power,2009-05-31,2009,45048.0,48.0,43294.0,4.0,45048,154
2009-05-31|10|Essendon Bombers|Geelong Cats,2009-05-31,2009,44892.0,37.0,44161.0,6.0,43500,136
2009-06-05|11|Richmond Tigers|Western Bulldogs,2009-06-05,2009,43614.0,33.0,44050.0,4.0,44127,129
2009-06-06|11|Brisbane Lions|Carlton Blues,2009-06-06,2009,45359.0,33.0,45513.0,8.0,45513,136
2009-06-06|11|Fremantle Dockers|Port Adelaide Power,2009-06-06,2009,43621.0,34.0,44808.0,3.0,43621,112
2009-06-06|11|North Melbourne Kangaroos|St Kilda Saints,2009-06-06,2009,45582.0,32.0,44239.0,6.0,44786,120
2009-06-07|11|Adelaide Crows|Essendon Bombers,2009-06-07,2009,45501.0,41.0,45102.0,7.0,45501,166
2009-06-07|11|Geelong Cats|West Coast Eagles,2009-06-07,2009,43262.0,43.0,44012.0,3.0,43262,155
2009-06-07|11|Hawthorn Hawks|Sydney Swans,2009-06-07,2009,45782.0,26.0,43847.0,3.0,45548,124
2009-06-08|11|Collingwood Magpies|Melbourne Demons,2009-06-08,2009,44673.0,39.0,43725.0,5.0,44673,147
2009-06-12|12|Carlton Blues|St Kilda Saints,2009-06-12,2009,44516.0,36.0,44786.0,5.0,44516,137
2009-06-13|12|Port Adelaide Power|Western Bulldogs,2009-06-13,2009,43645.0,37.0,44050.0,3.0,43621,130
2009-06-13|12|Richmond Tigers|West Coast Eagles,2009-06-13,2009,45121.0,30.0,44538.0,5.0,44733,136
2009-06-14|12|Adelaide Crows|North Melbourne Kangaroos,2009-06-14,2009,45089.0,31.0,44719.0,3.0,45492,132
2009-06-14|12|Brisbane Lions|Hawthorn Hawks,2009-06-14,2009,45813.0,36.0,45387.0,5.0,45813,154
2009-06-19|12|Essendon Bombers|Melbourne Demons,2009-06-19,2009,43684.0,30.0,45677.0,3.0,45191,117
2009-06-20|12|Collingwood Magpies|Sydney Swans,2009-06-20,2009,45646.0,41.0,45469.0,3.0,45782,149
2009-06-21|12|Fremantle Dockers|Geelong Cats,2009-06-21,2009,45420.0,31.0,43500.0,5.0,43500,140
2009-06-26|13|Carlton Blues|Essendon Bombers,2009-06-26,2009,45213.0,30.0,44515.0,5.0,45213,110
2009-06-27|13|Adelaide Crows|Sydney Swans,2009-06-27,2009,44380.0,30.0,44719.0,4.0,44380,126
2009-06-27|13|Brisbane Lions|Melbourne Demons,2009-06-27,2009,45813.0,33.0,45387.0,5.0,45390,135
2009-06-27|13|Collingwood Magpies|Fremantle Dockers,2009-06-27,2009,45048.0,41.0,43294.0,4.0,45048,158
2009-06-27|13|Hawthorn Hawks|West Coast Eagles,2009-06-27,2009,44508.0,40.0,44825.0,5.0,44508,147
2009-06-28|13|Geelong Cats|Port Adelaide Power,2009-06-28,2009,43262.0,36.0,43500.0,4.0,43262,148
2009-06-28|13|North Melbourne Kangaroos|Western Bulldogs,2009-06-28,2009,43994.0,29.0,43883.0,3.0,45624,120
2009-06-28|13|Richmond Tigers|St Kilda Saints,2009-06-28,2009,43903.0,35.0,44239.0,5.0,43903,128
2009-07-03|14|Collingwood Magpies|Essendon Bombers,2009-07-03,2009,43727.0,36.0,43580.0,4.0,45530,133
2009-07-04|14|Adelaide Crows|Richmond Tigers,2009-07-04,2009,45121.0,33.0,45102.0,5.0,45089,124
2009-07-04|14|Brisbane Lions|Port Adelaide Power,2009-07-04,2009,44668.0,30.0,43773.0,4.0,43543,119
2009-07-04|14|Hawthorn Hawks|Western Bulldogs,2009-07-04,2009,43428.0,35.0,44044.0,3.0,45624,135
2009-07-04|14|Melbourne Demons|West Coast Eagles,2009-07-04,2009,43948.0,29.0,44216.0,4.0,43948,143
2009-07-05|14|Carlton Blues|Fremantle Dockers,2009-07-05,2009,43529.0,33.0,44623.0,4.0,43884,140
2009-07-05|14|Geelong Cats|St Kilda Saints,2009-07-05,2009,45420.0,39.0,45540.0,4.0,45420,151
2009-07-05|14|North Melbourne Kangaroos|Sydney Swans,2009-07-05,2009,45646.0,37.0,44177.0,3.0,45782,129
2009-07-10|15|Collingwood Magpies|Western Bulldogs,2009-07-10,2009,43994.0,35.0,45469.0,4.0,43727,140
2009-07-11|15|Adelaide Crows|Fremantle Dockers,2009-07-11,2009,43455.0,30.0,44719.0,5.0,44719,121
2009-07-11|15|Brisbane Lions|Geelong Cats,2009-07-11,2009,45420.0,35.0,45387.0,4.0,45387,140
2009-07-11|15|Carlton Blues|Richmond Tigers,2009-07-11,2009,45445.0,35.0,45513.0,9.0,45445,118
2009-07-11|15|Essendon Bombers|Sydney Swans,2009-07-11,2009,45873.0,30.0,45263.0,3.0,45001,131
2009-07-12|15|Hawthorn Hawks|North Melbourne Kangaroos,2009-07-12,2009,44898.0,30.0,43847.0,4.0,43296,118
2009-07-12|15|Melbourne Demons|Port Adelaide Power,2009-07-12,2009,45390.0,37.0,44195.0,4.0,43537,122
2009-07-12|15|St Kilda Saints|West Coast Eagles,2009-07-12,2009,44516.0,43.0,44501.0,4.0,44516,166
2009-07-17|16|Essendon Bombers|Western Bulldogs,2009-07-17,2009,45624.0,30.0,45562.0,5.0,45624,137
2009-07-18|16|Brisbane Lions|Fremantle Dockers,2009-07-18,2009,44782.0,31.0,45387.0,4.0,43569,114
2009-07-18|16|Carlton Blues|Sydney Swans,2009-07-18,2009,45782.0,33.0,45513.0,5.0,45782,173
2009-07-18|16|Collingwood Magpies|Hawthorn Hawks,2009-07-18,2009,45048.0,35.0,43847.0,5.0,45048,141
2009-07-18|16|Geelong Cats|Melbourne Demons,2009-07-18,2009,43262.0,40.0,43353.0,3.0,44892,131
2009-07-19|16|Adelaide Crows|St Kilda Saints,2009-07-19,2009,44754.0,39.0,44501.0,4.0,44754,160
2009-07-19|16|North Melbourne Kangaroos|Richmond Tigers,2009-07-19,2009,45576.0,31.0,43991.0,3.0,45576,127
2009-07-19|16|Port Adelaide Power|West Coast Eagles,2009-07-19,2009,44377.0,38.0,43773.0,3.0,43683,133
2009-07-24|17|Carlton Blues|Collingwood Magpies,2009-07-24,2009,45048.0,38.0,45469.0,3.0,45048,131
2009-07-25|17|Brisbane Lions|North Melbourne Kangaroos,2009-07-25,2009,45881.0,34.0,45387.0,8.0,45387,145
2009-07-25|17|Fremantle Dockers|West Coast Eagles,2009-07-25,2009,45793.0,36.0,43378.0,2.0,45793,136
2009-07-25|17|Geelong Cats|Hawthorn Hawks,2009-07-25,2009,44892.0,42.0,43847.0,5.0,44892,185
2009-07-25|17|St Kilda Saints|Western Bulldogs,2009-07-25,2009,43428.0,39.0,44501.0,5.0,43428,140
2009-07-26|17|Adelaide Crows|Port Adelaide Power,2009-07-26,2009,44767.0,32.0,45396.0,4.0,43537,126
2009-07-26|17|Essendon Bombers|Richmond Tigers,2009-07-26,2009,44735.0,34.0,44785.0,6.0,44785,124
2009-07-26|17|Melbourne Demons|Sydney Swans,2009-07-26,2009,44463.0,31.0,44169.0,3.0,45367,108
2009-07-31|18|Carlton Blues|North Melbourne Kangaroos,2009-07-31,2009,43296.0,33.0,44558.0,4.0,43884,119
2009-08-01|18|Adelaide Crows|Geelong Cats,2009-08-01,2009,45549.0,35.0,45420.0,6.0,45420,136
2009-08-01|18|Brisbane Lions|Collingwood Magpies,2009-08-01,2009,44673.0,36.0,45387.0,5.0,45387,130
2009-08-01|18|Fremantle Dockers|Western Bulldogs,2009-08-01,2009,43645.0,35.0,45316.0,5.0,45316,142
2009-08-01|18|St Kilda Saints|Sydney Swans,2009-08-01,2009,44516.0,34.0,45224.0,3.0,44516,129
2009-08-02|18|Essendon Bombers|West Coast Eagles,2009-08-02,2009,45505.0,31.0,44446.0,4.0,45191,121
2009-08-02|18|Hawthorn Hawks|Port Adelaide Power,2009-08-02,2009,43406.0,35.0,43927.0,4.0,43406,119
2009-08-02|18|Melbourne Demons|Richmond Tigers,2009-08-02,2009,45445.0,27.0,45309.0,3.0,45721,124
2009-08-07|19|Carlton Blues|Geelong Cats,2009-08-07,2009,43884.0,32.0,45513.0,4.0,45513,142
2009-08-08|19|Adelaide Crows|Collingwood Magpies,2009-08-08,2009,45089.0,35.0,43294.0,3.0,43727,141
2009-08-08|19|Brisbane Lions|Essendon Bombers,2009-08-08,2009,44917.0,33.0,44583.0,3.0,43569,145
2009-08-08|19|Hawthorn Hawks|St Kilda Saints,2009-08-08,2009,44508.0,31.0,44501.0,3.0,43334,136
2009-08-08|19|West Coast Eagles|Western Bulldogs,2009-08-08,2009,45505.0,32.0,44216.0,4.0,45505,148
2009-08-09|19|Fremantle Dockers|Port Adelaide Power,2009-08-09,2009,43455.0,37.0,44385.0,4.0,43455,128
2009-08-09|19|Melbourne Demons|North Melbourne Kangaroos,2009-08-09,2009,43353.0,27.0,43908.0,5.0,43908,121
2009-08-09|19|Richmond Tigers|Sydney Swans,2009-08-09,2009,45548.0,25.0,45548.0,4.0,45548,158
2009-08-14|20|Adelaide Crows|Hawthorn Hawks,2009-08-14,2009,44415.0,38.0,43847.0,4.0,44415,122
2009-08-15|20|Brisbane Lions|Western Bulldogs,2009-08-15,2009,45359.0,37.0,43744.0,3.0,43988,123
2009-08-15|20|Collingwood Magpies|Richmond Tigers,2009-08-15,2009,45048.0,34.0,45469.0,4.0,43580,130
2009-08-15|20|Geelong Cats|Sydney Swans,2009-08-15,2009,43262.0,44.0,43500.0,3.0,43262,141
2009-08-15|20|North Melbourne Kangaroos|West Coast Eagles,2009-08-15,2009,44891.0,33.0,43268.0,3.0,43296,114
2009-08-16|20|Carlton Blues|Port Adelaide Power,2009-08-16,2009,44558.0,33.0,45513.0,6.0,45513,131
2009-08-16|20|Essendon Bombers|St Kilda Saints,2009-08-16,2009,45191.0,37.0,44515.0,4.0,45191,146
2009-08-16|20|Fremantle Dockers|Melbourne Demons,2009-08-16,2009,43684.0,31.0,44195.0,4.0,43353,121
2009-08-21|21|Geelong Cats|Western Bulldogs,2009-08-21,2009,43262.0,40.0,45757.0,4.0,44892,136
2009-08-22|21|Adelaide Crows|West Coast Eagles,2009-08-22,2009,45492.0,37.0,44719.0,6.0,45089,127
2009-08-22|21|Brisbane Lions|Port Adelaide Power,2009-08-22,2009,43406.0,32.0,45381.0,5.0,45813,120
2009-08-22|21|Carlton Blues|Melbourne Demons,2009-08-22,2009,44558.0,37.0,45513.0,7.0,43529,129
2009-08-22|21|Hawthorn Hawks|Richmond Tigers,2009-08-22,2009,43713.0,36.0,43847.0,5.0,43713,139
2009-08-23|21|Collingwood Magpies|Sydney Swans,2009-08-23,2009,43358.0,24.0,43294.0,4.0,45548,123
2009-08-23|21|Essendon Bombers|Fremantle Dockers,2009-08-23,2009,43769.0,27.0,43330.0,4.0,44856,117
2009-08-23|21|North Melbourne Kangaroos|St Kilda Saints,2009-08-23,2009,45046.0,33.0,44684.0,4.0,45046,152
2009-08-28|22|Richmond Tigers|West Coast Eagles,2009-08-28,2009,43713.0,28.0,44266.0,5.0,43713,136
2009-08-29|22|Adelaide Crows|Carlton Blues,2009-08-29,2009,43884.0,37.0,45513.0,5.0,45149,134
2009-08-29|22|Brisbane Lions|Sydney Swans,2009-08-29,2009,45782.0,26.0,45783.0,4.0,43569,130
2009-08-29|22|Essendon Bombers|Hawthorn Hawks,2009-08-29,2009,44508.0,36.0,44114.0,4.0,45001,139
2009-08-29|22|Fremantle Dockers|Geelong Cats,2009-08-29,2009,45748.0,36.0,44012.0,3.0,45748,133
2009-08-29|22|North Melbourne Kangaroos|Port Adelaide Power,2009-08-29,2009,43621.0,33.0,43773.0,3.0,43887,109
2009-08-30|22|Collingwood Magpies|Western Bulldogs,2009-08-30,2009,43428.0,35.0,45624.0,4.0,43994,149
2009-08-30|22|Melbourne Demons|St Kilda Saints,2009-08-30,2009,45582.0,37.0,44786.0,6.0,44857,141
2009-09-04|EF|Adelaide Crows|Essendon Bombers,2009-09-04,2009,45733.0,30.0,44719.0,5.0,45733,114
2009-09-05|EF|Brisbane Lions|Carlton Blues,2009-09-05,2009,44194.0,30.0,45381.0,5.0,43529,117
2009-09-05|QF|Geelong Cats|Western Bulldogs,2009-09-05,2009,43796.0,35.0,43349.0,3.0,45855,122
2009-09-06|QF|Collingwood Magpies|St Kilda Saints,2009-09-06,2009,43821.0,42.0,44786.0,5.0,43821,158
2009-09-11|SF|Brisbane Lions|Western Bulldogs,2009-09-11,2009,43428.0,36.0,45562.0,4.0,45498,131
2009-09-12|SF|Adelaide Crows|Collingwood Magpies,2009-09-12,2009,45549.0,34.0,45102.0,4.0,44927,122
2009-09-18|PF|St Kilda Saints|Western Bulldogs,2009-09-18,2009,45582.0,34.0,44786.0,4.0,45582,123
2009-09-19|PF|Collingwood Magpies|Geelong Cats,2009-09-19,2009,43262.0,34.0,45420.0,5.0,43349,147
2009-09-26|GF|Geelong Cats|St Kilda Saints,2009-09-26,2009,43925.0,30.0,45420.0,3.0,45420,119
2010-03-25|1|Carlton Blues|Richmond Tigers,2010-03-25,2010,43529.0,40.0,43383.0,3.0,43529,131
2010-03-26|1|Essendon Bombers|Geelong Cats,2010-03-26,2010,43262.0,37.0,43500.0,3.0,45001,145
2010-03-27|1|Brisbane Lions|West Coast Eagles,2010-03-27,2010,43442.0,31.0,45387.0,5.0,45387,138
2010-03-27|1|Hawthorn Hawks|Melbourne Demons,2010-03-27,2010,44066.0,34.0,43463.0,3.0,44066,142
2010-03-27|1|St Kilda Saints|Sydney Swans,2010-03-27,2010,45782.0,33.0,44786.0,4.0,45782,123
2010-03-28|1|Adelaide Crows|Fremantle Dockers,2010-03-28,2010,43344.0,33.0,45161.0,4.0,43344,128
2010-03-28|1|Collingwood Magpies|Western Bulldogs,2010-03-28,2010,43428.0,38.0,43727.0,4.0,44905,143
2010-03-28|1|North Melbourne Kangaroos|Port Adelaide Power,2010-03-28,2010,43621.0,39.0,45576.0,3.0,43296,132
2010-04-01|2|Brisbane Lions|Carlton Blues,2010-04-01,2010,44558.0,34.0,45387.0,7.0,45387,141
2010-04-03|2|Collingwood Magpies|Melbourne Demons,2010-04-03,2010,43358.0,27.0,44686.0,4.0,44673,116
2010-04-03|2|North Melbourne Kangaroos|St Kilda Saints,2010-04-03,2010,44516.0,35.0,44786.0,7.0,44786,147
2010-04-03|2|Port Adelaide Power|West Coast Eagles,2010-04-03,2010,44891.0,30.0,43683.0,4.0,44891,130
2010-04-04|2|Adelaide Crows|Sydney Swans,2010-04-04,2010,45782.0,29.0,43674.0,5.0,44415,134
2010-04-04|2|Essendon Bombers|Fremantle Dockers,2010-04-04,2010,43344.0,34.0,43330.0,3.0,43344,127
2010-04-04|2|Richmond Tigers|Western Bulldogs,2010-04-04,2010,43428.0,26.0,44050.0,3.0,43888,130
2010-04-05|2|Geelong Cats|Hawthorn Hawks,2010-04-05,2010,43262.0,38.0,44825.0,4.0,43349,132
2010-04-09|3|Collingwood Magpies|St Kilda Saints,2010-04-09,2010,43889.0,32.0,43903.0,2.0,43889,152
2010-04-10|3|Brisbane Lions|Port Adelaide Power,2010-04-10,2010,43621.0,30.0,45387.0,5.0,44852,113
2010-04-10|3|Carlton Blues|Essendon Bombers,2010-04-10,2010,44315.0,31.0,45245.0,4.0,44941,120
2010-04-10|3|North Melbourne Kangaroos|West Coast Eagles,2010-04-10,2010,45576.0,44.0,44266.0,5.0,45576,163
2010-04-10|3|Richmond Tigers|Sydney Swans,2010-04-10,2010,43951.0,33.0,45381.0,4.0,44415,142
2010-04-11|3|Adelaide Crows|Melbourne Demons,2010-04-11,2010,45549.0,35.0,45396.0,3.0,45549,116
2010-04-11|3|Fremantle Dockers|Geelong Cats,2010-04-11,2010,43262.0,33.0,45793.0,5.0,45420,146
2010-04-11|3|Hawthorn Hawks|Western Bulldogs,2010-04-11,2010,43428.0,35.0,45563.0,6.0,43428,154
2010-04-16|4|Essendon Bombers|West Coast Eagles,2010-04-16,2010,45191.0,34.0,44266.0,4.0,44046,114
2010-04-17|4|Adelaide Crows|Carlton Blues,2010-04-17,2010,45158.0,36.0,43872.0,3.0,44558,144
2010-04-17|4|Brisbane Lions|Western Bulldogs,2010-04-17,2010,45813.0,31.0,45513.0,4.0,45813,110
2010-04-17|4|Collingwood Magpies|Hawthorn Hawks,2010-04-17,2010,44066.0,34.0,45079.0,3.0,45048,119
2010-04-17|4|North Melbourne Kangaroos|Sydney Swans,2010-04-17,2010,43982.0,27.0,45381.0,4.0,45381,117
2010-04-18|4|Fremantle Dockers|St Kilda Saints,2010-04-18,2010,43748.0,36.0,43903.0,5.0,43748,135
2010-04-18|4|Geelong Cats|Port Adelaide Power,2010-04-18,2010,43262.0,37.0,44161.0,6.0,43262,133
2010-04-18|4|Melbourne Demons|Richmond Tigers,2010-04-18,2010,44514.0,37.0,45054.0,5.0,44514,131
2010-04-23|5|Adelaide Crows|Western Bulldogs,2010-04-23,2010,43883.0,35.0,45563.0,5.0,43883,125
2010-04-24|5|Brisbane Lions|Melbourne Demons,2010-04-24,2010,45359.0,32.0,45513.0,4.0,45054,112
2010-04-24|5|Port Adelaide Power|St Kilda Saints,2010-04-24,2010,44516.0,36.0,44870.0,3.0,43543,130
2010-04-24|5|Sydney Swans|West Coast Eagles,2010-04-24,2010,44355.0,30.0,45381.0,6.0,45188,115
2010-04-25|5|Collingwood Magpies|Essendon Bombers,2010-04-25,2010,45001.0,34.0,43580.0,4.0,45001,139
2010-04-25|5|Fremantle Dockers|Richmond Tigers,2010-04-25,2010,43344.0,32.0,45793.0,4.0,43344,115
2010-04-25|5|Hawthorn Hawks|North Melbourne Kangaroos,2010-04-25,2010,44066.0,33.0,43847.0,5.0,45561,113
2010-04-26|5|Carlton Blues|Geelong Cats,2010-04-26,2010,43262.0,33.0,43872.0,3.0,43262,145
2010-04-30|6|St Kilda Saints|Western Bulldogs,2010-04-30,2010,43614.0,36.0,43302.0,2.0,43888,167
2010-05-01|6|Adelaide Crows|Port Adelaide Power,2010-05-01,2010,43621.0,29.0,43927.0,5.0,43927,120
2010-05-01|6|Brisbane Lions|Sydney Swans,2010-05-01,2010,45782.0,26.0,45381.0,6.0,44132,108
2010-05-01|6|Essendon Bombers|Hawthorn Hawks,2010-05-01,2010,44315.0,32.0,43847.0,5.0,44315,137
2010-05-01|6|Melbourne Demons|North Melbourne Kangaroos,2010-05-01,2010,43948.0,33.0,45555.0,4.0,43948,128
2010-05-02|6|Carlton Blues|Collingwood Magpies,2010-05-02,2010,44194.0,37.0,44623.0,5.0,45048,140
2010-05-02|6|Fremantle Dockers|West Coast Eagles,2010-05-02,2010,43772.0,28.0,45793.0,5.0,45793,119
2010-05-02|6|Geelong Cats|Richmond Tigers,2010-05-02,2010,45121.0,38.0,44161.0,5.0,44161,153
2010-05-07|7|Melbourne Demons|Western Bulldogs,2010-05-07,2010,44886.0,39.0,43353.0,3.0,43883,142
2010-05-08|7|Brisbane Lions|Fremantle Dockers,2010-05-08,2010,45359.0,36.0,45513.0,3.0,45359,137
2010-05-08|7|Collingwood Magpies|North Melbourne Kangaroos,2010-05-08,2010,45048.0,38.0,44927.0,5.0,45048,123
2010-05-08|7|Essendon Bombers|Port Adelaide Power,2010-05-08,2010,45191.0,31.0,43685.0,3.0,44515,130
2010-05-08|7|Hawthorn Hawks|West Coast Eagles,2010-05-08,2010,44279.0,31.0,44216.0,6.0,44825,119
2010-05-09|7|Adelaide Crows|Richmond Tigers,2010-05-09,2010,45549.0,30.0,45102.0,4.0,45089,121
2010-05-09|7|Geelong Cats|Sydney Swans,2010-05-09,2010,43262.0,38.0,44712.0,5.0,43262,167
2010-05-10|7|Carlton Blues|St Kilda Saints,2010-05-10,2010,44839.0,35.0,43383.0,5.0,44839,152
2010-05-14|8|Collingwood Magpies|Fremantle Dockers,2010-05-14,2010,43344.0,34.0,43580.0,5.0,43344,146
2010-05-15|8|Adelaide Crows|North Melbourne Kangaroos,2010-05-15,2010,45824.0,37.0,45161.0,3.0,45046,129
2010-05-15|8|Brisbane Lions|Geelong Cats,2010-05-15,2010,45420.0,34.0,44161.0,6.0,43349,132
2010-05-15|8|Melbourne Demons|West Coast Eagles,2010-05-15,2010,43948.0,30.0,44216.0,2.0,44733,154
2010-05-15|8|Sydney Swans|Western Bulldogs,2010-05-15,2010,43645.0,32.0,45563.0,5.0,45563,130
2010-05-16|8|Carlton Blues|Port Adelaide Power,2010-05-16,2010,43529.0,28.0,44243.0,3.0,44243,127
2010-05-16|8|Essendon Bombers|St Kilda Saints,2010-05-16,2010,45582.0,33.0,44046.0,4.0,44516,137
2010-05-16|8|Hawthorn Hawks|Richmond Tigers,2010-05-16,2010,43713.0,35.0,44785.0,4.0,44590,122
2010-05-21|9|Collingwood Magpies|Geelong Cats,2010-05-21,2010,43262.0,32.0,43358.0,4.0,43349,125
2010-05-22|9|Essendon Bombers|Richmond Tigers,2010-05-22,2010,45121.0,30.0,44785.0,6.0,44046,156
2010-05-22|9|Fremantle Dockers|Sydney Swans,2010-05-22,2010,43982.0,28.0,45793.0,3.0,44355,119
2010-05-22|9|Melbourne Demons|Port Adelaide Power,2010-05-22,2010,43621.0,28.0,44495.0,5.0,43406,130
2010-05-22|9|North Melbourne Kangaroos|Western Bulldogs,2010-05-22,2010,44250.0,41.0,44050.0,4.0,44250,192
2010-05-23|9|Adelaide Crows|Brisbane Lions,2010-05-23,2010,43379.0,29.0,45513.0,5.0,44421,140
2010-05-23|9|Carlton Blues|Hawthorn Hawks,2010-05-23,2010,44194.0,30.0,43847.0,5.0,45863,132
2010-05-23|9|St Kilda Saints|West Coast Eagles,2010-05-23,2010,45582.0,35.0,44446.0,4.0,45582,140
2010-05-28|10|Essendon Bombers|Western Bulldogs,2010-05-28,2010,45001.0,32.0,45563.0,5.0,44146,127
2010-05-29|10|Adelaide Crows|St Kilda Saints,2010-05-29,2010,44516.0,38.0,44516.0,5.0,44516,151
2010-05-29|10|Brisbane Lions|Collingwood Magpies,2010-05-29,2010,45813.0,35.0,45387.0,4.0,45813,147
2010-05-29|10|Geelong Cats|Melbourne Demons,2010-05-29,2010,44892.0,35.0,44712.0,5.0,43262,124
2010-05-29|10|Port Adelaide Power|Richmond Tigers,2010-05-29,2010,45121.0,31.0,44785.0,4.0,45121,136
2010-05-30|10|Carlton Blues|West Coast Eagles,2010-05-30,2010,43884.0,45.0,44266.0,5.0,43884,166
2010-05-30|10|Fremantle Dockers|North Melbourne Kangaroos,2010-05-30,2010,44553.0,31.0,45082.0,5.0,43748,118
2010-05-30|10|Hawthorn Hawks|Sydney Swans,2010-05-30,2010,44279.0,23.0,43847.0,3.0,43982,126
2010-06-04|11|Richmond Tigers|St Kilda Saints,2010-06-04,2010,43903.0,38.0,44785.0,6.0,44516,146
2010-06-05|11|Adelaide Crows|Fremantle Dockers,2010-06-05,2010,45089.0,34.0,45161.0,4.0,45089,143
2010-06-05|11|Brisbane Lions|North Melbourne Kangaroos,2010-06-05,2010,45629.0,37.0,45513.0,5.0,45629,162
2010-06-05|11|Carlton Blues|Melbourne Demons,2010-06-05,2010,43959.0,27.0,45605.0,4.0,45157,119
2010-06-05|11|Geelong Cats|West Coast Eagles,2010-06-05,2010,45420.0,36.0,43500.0,4.0,45188,155
2010-06-06|11|Collingwood Magpies|Western Bulldogs,2010-06-06,2010,43428.0,36.0,45563.0,4.0,43428,143
2010-06-06|11|Essendon Bombers|Sydney Swans,2010-06-06,2010,45367.0,36.0,44146.0,3.0,45367,150
2010-06-06|11|Hawthorn Hawks|Port Adelaide Power,2010-06-06,2010,43406.0,29.0,43683.0,2.0,44066,131
2010-06-11|12|Carlton Blues|North Melbourne Kangaroos,2010-06-11,2010,43884.0,33.0,45082.0,7.0,45082,165
2010-06-12|12|Adelaide Crows|Hawthorn Hawks,2010-06-12,2010,44066.0,32.0,45102.0,4.0,44789,143
2010-06-12|12|Essendon Bombers|Geelong Cats,2010-06-12,2010,44206.0,32.0,44712.0,5.0,43349,137
2010-06-12|12|Port Adelaide Power|Sydney Swans,2010-06-12,2010,44355.0,35.0,45548.0,3.0,44355,146
2010-06-13|12|Brisbane Lions|Western Bulldogs,2010-06-13,2010,43428.0,31.0,45563.0,6.0,44793,126
2010-06-13|12|Fremantle Dockers|St Kilda Saints,2010-06-13,2010,43903.0,33.0,44501.0,4.0,44857,121
2010-06-13|12|Richmond Tigers|West Coast Eagles,2010-06-13,2010,45505.0,30.0,44785.0,10.0,44785,150
2010-06-14|12|Collingwood Magpies|Melbourne Demons,2010-06-14,2010,44514.0,38.0,43725.0,4.0,45048,150
2010-06-18|13|Essendon Bombers|Hawthorn Hawks,2010-06-18,2010,45263.0,35.0,43847.0,5.0,43847,130
2010-06-19|13|Brisbane Lions|Richmond Tigers,2010-06-19,2010,43713.0,33.0,43599.0,3.0,44756,117
2010-06-19|13|Carlton Blues|Fremantle Dockers,2010-06-19,2010,43344.0,30.0,43344.0,4.0,44856,128
2010-06-20|13|North Melbourne Kangaroos|Port Adelaide Power,2010-06-20,2010,45824.0,29.0,44879.0,7.0,44879,123
2010-06-20|13|West Coast Eagles|Western Bulldogs,2010-06-20,2010,43645.0,31.0,44266.0,3.0,43888,119
2010-06-25|13|Geelong Cats|St Kilda Saints,2010-06-25,2010,44892.0,34.0,44870.0,4.0,44857,134
2010-06-26|13|Collingwood Magpies|Sydney Swans,2010-06-26,2010,44215.0,26.0,43698.0,3.0,44169,123
2010-06-27|13|Adelaide Crows|Melbourne Demons,2010-06-27,2010,45549.0,36.0,43353.0,4.0,45549,133
2010-07-01|14|Brisbane Lions|Carlton Blues,2010-07-01,2010,45359.0,33.0,43383.0,5.0,44277,121
2010-07-02|14|Hawthorn Hawks|Western Bulldogs,2010-07-02,2010,43428.0,35.0,43847.0,3.0,44250,137
2010-07-03|14|Adelaide Crows|Essendon Bombers,2010-07-03,2010,45089.0,34.0,45102.0,6.0,45089,146
2010-07-03|14|Collingwood Magpies|West Coast Eagles,2010-07-03,2010,45048.0,38.0,43698.0,4.0,45048,161
2010-07-03|14|Fremantle Dockers|Port Adelaide Power,2010-07-03,2010,44646.0,31.0,43649.0,5.0,44646,112
2010-07-04|14|Geelong Cats|North Melbourne Kangaroos,2010-07-04,2010,45420.0,37.0,44712.0,5.0,45420,130
2010-07-04|14|Melbourne Demons|St Kilda Saints,2010-07-04,2010,44516.0,35.0,44501.0,3.0,44516,135
2010-07-04|14|Richmond Tigers|Sydney Swans,2010-07-04,2010,45367.0,32.0,44785.0,5.0,45367,130
2010-07-09|15|Collingwood Magpies|Port Adelaide Power,2010-07-09,2010,45048.0,39.0,43773.0,4.0,45048,141
2010-07-10|15|Adelaide Crows|West Coast Eagles,2010-07-10,2010,44818.0,29.0,44266.0,4.0,45505,124
2010-07-10|15|Brisbane Lions|St Kilda Saints,2010-07-10,2010,44516.0,33.0,45513.0,4.0,45359,139
2010-07-10|15|Fremantle Dockers|Richmond Tigers,2010-07-10,2010,45121.0,30.0,44785.0,5.0,43608,132
2010-07-10|15|Geelong Cats|Hawthorn Hawks,2010-07-10,2010,43262.0,32.0,45024.0,4.0,43349,139
2010-07-11|15|Carlton Blues|Western Bulldogs,2010-07-11,2010,43428.0,33.0,45563.0,6.0,43428,142
2010-07-11|15|Essendon Bombers|Melbourne Demons,2010-07-11,2010,45191.0,32.0,45555.0,5.0,45555,141
2010-07-11|15|North Melbourne Kangaroos|Sydney Swans,2010-07-11,2010,44218.0,34.0,45548.0,3.0,45548,158
2010-07-16|16|Adelaide Crows|Geelong Cats,2010-07-16,2010,44892.0,35.0,45161.0,4.0,45065,132
2010-07-17|16|Brisbane Lions|Hawthorn Hawks,2010-07-17,2010,44066.0,39.0,44279.0,4.0,44279,145
2010-07-17|16|Collingwood Magpies|St Kilda Saints,2010-07-17,2010,45048.0,36.0,44333.0,3.0,43821,143
2010-07-17|16|Essendon Bombers|West Coast Eagles,2010-07-17,2010,44733.0,27.0,44266.0,12.0,44266,176
2010-07-17|16|Port Adelaide Power|Western Bulldogs,2010-07-17,2010,43621.0,36.0,43428.0,2.0,43645,141
2010-07-18|16|Carlton Blues|Sydney Swans,2010-07-18,2010,44194.0,28.0,45873.0,3.0,45548,116
2010-07-18|16|Fremantle Dockers|Melbourne Demons,2010-07-18,2010,43748.0,22.0,43330.0,4.0,43748,107
2010-07-18|16|North Melbourne Kangaroos|Richmond Tigers,2010-07-18,2010,45046.0,31.0,43268.0,3.0,43268,139
2010-07-23|17|Hawthorn Hawks|St Kilda Saints,2010-07-23,2010,44066.0,33.0,43847.0,5.0,45582,136
2010-07-24|17|Brisbane Lions|Geelong Cats,2010-07-24,2010,44892.0,41.0,43262.0,5.0,44892,162
2010-07-24|17|Carlton Blues|West Coast Eagles,2010-07-24,2010,43944.0,29.0,43383.0,3.0,44941,125
2010-07-24|17|Collingwood Magpies|Richmond Tigers,2010-07-24,2010,45048.0,37.0,45469.0,4.0,45048,133
2010-07-24|17|Essendon Bombers|North Melbourne Kangaroos,2010-07-24,2010,45191.0,38.0,43778.0,4.0,45046,160
2010-07-25|17|Adelaide Crows|Port Adelaide Power,2010-07-25,2010,43621.0,28.0,45214.0,4.0,43537,124
2010-07-25|17|Fremantle Dockers|Western Bulldogs,2010-07-25,2010,43614.0,36.0,45563.0,4.0,43988,134
2010-07-25|17|Melbourne Demons|Sydney Swans,2010-07-25,2010,45054.0,28.0,45555.0,5.0,45054,124
2010-07-30|18|Essendon Bombers|St Kilda Saints,2010-07-30,2010,45001.0,36.0,44515.0,4.0,43925,139
2010-07-31|18|Brisbane Lions|Melbourne Demons,2010-07-31,2010,45054.0,31.0,43758.0,3.0,45054,149
2010-07-31|18|Carlton Blues|Collingwood Magpies,2010-07-31,2010,44673.0,34.0,43358.0,3.0,43358,129
2010-07-31|18|Geelong Cats|Sydney Swans,2010-07-31,2010,44892.0,32.0,44161.0,6.0,44161,144
2010-07-31|18|Hawthorn Hawks|Port Adelaide Power,2010-07-31,2010,43621.0,23.0,44879.0,4.0,44898,106
2010-08-01|18|Adelaide Crows|Richmond Tigers,2010-08-01,2010,45121.0,33.0,43735.0,2.0,45121,141
2010-08-01|18|Fremantle Dockers|West Coast Eagles,2010-08-01,2010,43455.0,31.0,43330.0,6.0,43455,120
2010-08-01|18|North Melbourne Kangaroos|Western Bulldogs,2010-08-01,2010,43428.0,40.0,45563.0,7.0,43428,145
2010-08-06|19|Carlton Blues|Essendon Bombers,2010-08-06,2010,44194.0,28.0,43872.0,6.0,45001,116
2010-08-07|19|Brisbane Lions|West Coast Eagles,2010-08-07,2010,44793.0,29.0,45387.0,5.0,44893,131
2010-08-07|19|Collingwood Magpies|Geelong Cats,2010-08-07,2010,43727.0,35.0,43358.0,3.0,43727,128
2010-08-07|19|Fremantle Dockers|North Melbourne Kangaroos,2010-08-07,2010,45824.0,39.0,43351.0,3.0,45576,163
2010-08-07|19|Hawthorn Hawks|Sydney Swans,2010-08-07,2010,43951.0,32.0,43847.0,4.0,43951,128
2010-08-08|19|Adelaide Crows|Western Bulldogs,2010-08-08,2010,45089.0,33.0,44184.0,2.0,43883,140
2010-08-08|19|Melbourne Demons|Richmond Tigers,2010-08-08,2010,44127.0,32.0,43758.0,5.0,44127,114
2010-08-08|19|Port Adelaide Power|St Kilda Saints,2010-08-08,2010,43903.0,34.0,44501.0,4.0,44870,154
2010-08-13|20|Collingwood Magpies|Essendon Bombers,2010-08-13,2010,44673.0,32.0,43580.0,5.0,43580,162
2010-08-14|20|Carlton Blues|Richmond Tigers,2010-08-14,2010,44194.0,30.0,43872.0,4.0,44194,122
2010-08-14|20|Fremantle Dockers|Sydney Swans,2010-08-14,2010,43982.0,38.0,44415.0,3.0,43982,125
2010-08-14|20|Geelong Cats|Western Bulldogs,2010-08-14,2010,43262.0,39.0,44161.0,5.0,43262,143
2010-08-14|20|Port Adelaide Power|West Coast Eagles,2010-08-14,2010,45083.0,32.0,45032.0,3.0,43537,132
2010-08-15|20|Adelaide Crows|Brisbane Lions,2010-08-15,2010,43735.0,31.0,43569.0,5.0,43735,135
2010-08-15|20|Hawthorn Hawks|Melbourne Demons,2010-08-15,2010,44898.0,27.0,43792.0,3.0,45390,125
2010-08-15|20|North Melbourne Kangaroos|St Kilda Saints,2010-08-15,2010,43903.0,37.0,44786.0,7.0,44786,142
2010-08-20|21|Carlton Blues|Geelong Cats,2010-08-20,2010,45420.0,33.0,43262.0,4.0,45420,126
2010-08-21|21|Adelaide Crows|Collingwood Magpies,2010-08-21,2010,44673.0,30.0,45079.0,2.0,44151,117
2010-08-21|21|Fremantle Dockers|Hawthorn Hawks,2010-08-21,2010,43488.0,37.0,43847.0,5.0,43488,143
2010-08-21|21|Richmond Tigers|St Kilda Saints,2010-08-21,2010,44516.0,42.0,44785.0,7.0,44857,145
2010-08-21|21|Sydney Swans|Western Bulldogs,2010-08-21,2010,43982.0,27.0,43720.0,4.0,44132,111
2010-08-22|21|Brisbane Lions|Essendon Bombers,2010-08-22,2010,45359.0,31.0,45387.0,4.0,45387,140
2010-08-22|21|Melbourne Demons|Port Adelaide Power,2010-08-22,2010,45390.0,39.0,44879.0,5.0,45390,120
2010-08-22|21|North Melbourne Kangaroos|West Coast Eagles,2010-08-22,2010,45505.0,33.0,45257.0,4.0,45505,138
2010-08-27|22|Carlton Blues|Fremantle Dockers,2010-08-27,2010,44558.0,30.0,43872.0,3.0,44194,121
2010-08-28|22|Adelaide Crows|St Kilda Saints,2010-08-28,2010,45089.0,37.0,45161.0,3.0,44857,117
2010-08-28|22|Brisbane Lions|Sydney Swans,2010-08-28,2010,44132.0,26.0,43720.0,3.0,44132,128
2010-08-28|22|Collingwood Magpies|Hawthorn Hawks,2010-08-28,2010,45048.0,34.0,43847.0,6.0,45048,133
2010-08-28|22|Essendon Bombers|Western Bulldogs,2010-08-28,2010,43428.0,33.0,43926.0,6.0,43926,134
2010-08-28|22|Geelong Cats|West Coast Eagles,2010-08-28,2010,43262.0,33.0,43262.0,4.0,45748,131
2010-08-29|22|Melbourne Demons|North Melbourne Kangaroos,2010-08-29,2010,43934.0,39.0,44195.0,5.0,43934,139
2010-08-29|22|Port Adelaide Power|Richmond Tigers,2010-08-29,2010,43406.0,31.0,45015.0,4.0,43406,148
2010-09-03|QF|Geelong Cats|St Kilda Saints,2010-09-03,2010,43349.0,32.0,44501.0,3.0,44786,129
2010-09-04|EF|Fremantle Dockers|Hawthorn Hawks,2010-09-04,2010,44508.0,34.0,44825.0,4.0,43455,122
2010-09-04|QF|Collingwood Magpies|Western Bulldogs,2010-09-04,2010,45048.0,39.0,44927.0,3.0,45048,157
2010-09-05|EF|Carlton Blues|Sydney Swans,2010-09-05,2010,44194.0,29.0,43720.0,4.0,44132,105
2010-09-10|SF|Fremantle Dockers|Geelong Cats,2010-09-10,2010,43262.0,36.0,45793.0,4.0,43349,136
2010-09-11|SF|Sydney Swans|Western Bulldogs,2010-09-11,2010,44215.0,32.0,45563.0,4.0,45548,111
2010-09-17|PF|Collingwood Magpies|Geelong Cats,2010-09-17,2010,43262.0,40.0,43580.0,3.0,45048,141
2010-09-18|PF|St Kilda Saints|Western Bulldogs,2010-09-18,2010,44516.0,33.0,44786.0,3.0,43958,119
2010-09-25|GF|Collingwood Magpies|St Kilda Saints,2010-09-25,2010,45582.0,32.0,43580.0,2.0,45582,153
2010-10-02|GF|Collingwood Magpies|St Kilda Saints,2010-10-02,2010,43903.0,29.0,43698.0,2.0,44673,141
2011-03-24|1|Carlton Blues|Richmond Tigers,2011-03-24,2011,44558.0,31.0,44785.0,6.0,43884,147
2011-03-25|1|Geelong Cats|St Kilda Saints,2011-03-25,2011,43796.0,31.0,43753.0,2.0,43796,124
2011-03-26|1|Adelaide Crows|Hawthorn Hawks,2011-03-26,2011,44508.0,38.0,45161.0,4.0,45014,125
2011-03-26|1|Brisbane Lions|Fremantle Dockers,2011-03-26,2011,43858.0,29.0,45387.0,3.0,44856,114
2011-03-26|1|Collingwood Magpies|Port Adelaide Power,2011-03-26,2011,45048.0,34.0,43698.0,4.0,45048,137
2011-03-27|1|Essendon Bombers|Western Bulldogs,2011-03-27,2011,45191.0,35.0,43883.0,2.0,45001,138
2011-03-27|1|Melbourne Demons|Sydney Swans,2011-03-27,2011,45782.0,31.0,44415.0,3.0,45782,119
2011-03-27|1|North Melbourne Kangaroos|West Coast Eagles,2011-03-27,2011,45824.0,32.0,45082.0,4.0,43634,142
2011-04-01|2|Richmond Tigers|St Kilda Saints,2011-04-01,2011,43713.0,29.0,44501.0,4.0,44501,124
2011-04-02|2|Carlton Blues|Gold Coast Suns,2011-04-02,2011,43884.0,36.0,43872.0,5.0,43884,144
2011-04-02|2|Collingwood Magpies|North Melbourne Kangaroos,2011-04-02,2011,45048.0,40.0,43580.0,5.0,45048,162
2011-04-02|2|Fremantle Dockers|Geelong Cats,2011-04-02,2011,44553.0,29.0,43432.0,3.0,44553,134
2011-04-02|2|Port Adelaide Power|West Coast Eagles,2011-04-02,2011,45505.0,32.0,43927.0,4.0,45505,155
2011-04-03|2|Brisbane Lions|Western Bulldogs,2011-04-03,2011,43428.0,32.0,43940.0,3.0,43940,129
2011-04-03|2|Essendon Bombers|Sydney Swans,2011-04-03,2011,45782.0,27.0,44415.0,3.0,45367,135
2011-04-03|2|Hawthorn Hawks|Melbourne Demons,2011-04-03,2011,45038.0,32.0,43488.0,4.0,45038,141
2011-04-08|3|Carlton Blues|Collingwood Magpies,2011-04-08,2011,45048.0,34.0,43398.0,5.0,45048,116
2011-04-09|3|Adelaide Crows|Fremantle Dockers,2011-04-09,2011,45089.0,40.0,44385.0,2.0,45089,154
2011-04-09|3|Gold Coast Suns|Western Bulldogs,2011-04-09,2011,43645.0,37.0,45563.0,5.0,44044,126
2011-04-09|3|Hawthorn Hawks|Richmond Tigers,2011-04-09,2011,44279.0,32.0,43847.0,5.0,44279,126
2011-04-09|3|Sydney Swans|West Coast Eagles,2011-04-09,2011,44891.0,24.0,44329.0,4.0,43634,127
2011-04-10|3|Brisbane Lions|Melbourne Demons,2011-04-10,2011,44514.0,36.0,44195.0,5.0,44514,138
2011-04-10|3|Essendon Bombers|St Kilda Saints,2011-04-10,2011,43925.0,33.0,44114.0,3.0,45191,134
2011-04-10|3|Geelong Cats|Port Adelaide Power,2011-04-10,2011,44206.0,38.0,43349.0,2.0,43349,140
2011-04-15|4|Collingwood Magpies|Richmond Tigers,2011-04-15,2011,43713.0,33.0,44785.0,4.0,45048,131
2011-04-16|4|Adelaide Crows|Port Adelaide Power,2011-04-16,2011,45089.0,32.0,44808.0,4.0,45089,141
2011-04-16|4|Carlton Blues|Essendon Bombers,2011-04-16,2011,45191.0,30.0,44941.0,3.0,43529,142
2011-04-16|4|Geelong Cats|Sydney Swans,2011-04-16,2011,44215.0,29.0,45976.0,3.0,45420,120
2011-04-16|4|Hawthorn Hawks|West Coast Eagles,2011-04-16,2011,44508.0,37.0,43847.0,6.0,44733,132
2011-04-17|4|Fremantle Dockers|North Melbourne Kangaroos,2011-04-17,2011,45793.0,34.0,43330.0,4.0,43330,140
2011-04-17|4|Gold Coast Suns|Melbourne Demons,2011-04-17,2011,44514.0,32.0,44195.0,3.0,45054,132
2011-04-21|5|Brisbane Lions|St Kilda Saints,2011-04-21,2011,44516.0,33.0,43569.0,4.0,44756,138
2011-04-23|5|Adelaide Crows|Carlton Blues,2011-04-23,2011,44558.0,34.0,45158.0,4.0,44558,126
2011-04-23|5|Gold Coast Suns|Port Adelaide Power,2011-04-23,2011,44793.0,31.0,44378.0,4.0,44002,124
2011-04-24|5|North Melbourne Kangaroos|Richmond Tigers,2011-04-24,2011,44371.0,33.0,44684.0,6.0,44684,143
2011-04-25|5|Collingwood Magpies|Essendon Bombers,2011-04-25,2011,44673.0,34.0,43638.0,4.0,44673,166
2011-04-25|5|Fremantle Dockers|Western Bulldogs,2011-04-25,2011,43428.0,45.0,43378.0,4.0,43428,162
2011-04-26|5|Geelong Cats|Hawthorn Hawks,2011-04-26,2011,44892.0,32.0,43753.0,3.0,44892,134
2011-04-28|6|Melbourne Demons|West Coast Eagles,2011-04-28,2011,44733.0,28.0,43682.0,3.0,43493,122
2011-04-29|6|Carlton Blues|Sydney Swans,2011-04-29,2011,44194.0,33.0,43383.0,4.0,44552,131
2011-04-30|6|Adelaide Crows|St Kilda Saints,2011-04-30,2011,44857.0,29.0,45102.0,4.0,44857,126
2011-04-30|6|Brisbane Lions|Richmond Tigers,2011-04-30,2011,43836.0,35.0,44785.0,5.0,44572,138
2011-04-30|6|North Melbourne Kangaroos|Port Adelaide Power,2011-04-30,2011,44002.0,29.0,44541.0,4.0,43908,120
2011-05-01|6|Collingwood Magpies|Western Bulldogs,2011-05-01,2011,44905.0,31.0,45388.0,4.0,44927,128
2011-05-01|6|Essendon Bombers|Gold Coast Suns,2011-05-01,2011,45191.0,35.0,44768.0,8.0,44768,151
2011-05-06|7|Hawthorn Hawks|Port Adelaide Power,2011-05-06,2011,44508.0,31.0,43847.0,3.0,44508,110
2011-05-07|7|Brisbane Lions|Gold Coast Suns,2011-05-07,2011,45359.0,31.0,44421.0,6.0,43442,132
2011-05-07|7|Fremantle Dockers|Richmond Tigers,2011-05-07,2011,45793.0,33.0,43432.0,4.0,44572,136
2011-05-07|7|Geelong Cats|North Melbourne Kangaroos,2011-05-07,2011,44206.0,34.0,44684.0,3.0,45024,132
2011-05-07|7|Sydney Swans|Western Bulldogs,2011-05-07,2011,43428.0,33.0,43801.0,2.0,43428,134
2011-05-08|7|Adelaide Crows|Melbourne Demons,2011-05-08,2011,44360.0,31.0,44686.0,4.0,45054,149
2011-05-08|7|Essendon Bombers|West Coast Eagles,2011-05-08,2011,45191.0,31.0,43638.0,3.0,45191,127
2011-05-09|7|Carlton Blues|St Kilda Saints,2011-05-09,2011,43529.0,29.0,44501.0,4.0,43884,121
2011-05-13|8|Collingwood Magpies|Geelong Cats,2011-05-13,2011,45048.0,30.0,43349.0,2.0,44161,127
2011-05-14|8|Adelaide Crows|Gold Coast Suns,2011-05-14,2011,43262.0,41.0,43674.0,6.0,43262,156
2011-05-14|8|Brisbane Lions|Essendon Bombers,2011-05-14,2011,44809.0,30.0,45304.0,4.0,45304,126
2011-05-14|8|Melbourne Demons|North Melbourne Kangaroos,2011-05-14,2011,45212.0,29.0,43778.0,6.0,45212,150
2011-05-14|8|Port Adelaide Power|Sydney Swans,2011-05-14,2011,45367.0,33.0,44765.0,3.0,45367,148
2011-05-15|8|Fremantle Dockers|West Coast Eagles,2011-05-15,2011,43858.0,28.0,44216.0,3.0,44553,116
2011-05-15|8|Hawthorn Hawks|St Kilda Saints,2011-05-15,2011,43821.0,31.0,43847.0,5.0,44862,144
2011-05-15|8|Richmond Tigers|Western Bulldogs,2011-05-15,2011,43428.0,32.0,43888.0,6.0,45176,120
2011-05-20|9|Carlton Blues|Geelong Cats,2011-05-20,2011,45863.0,34.0,44161.0,3.0,45863,128
2011-05-21|9|Brisbane Lions|North Melbourne Kangaroos,2011-05-21,2011,45046.0,33.0,45387.0,4.0,44684,125
2011-05-21|9|Essendon Bombers|Richmond Tigers,2011-05-21,2011,43713.0,34.0,44785.0,4.0,43624,109
2011-05-21|9|Fremantle Dockers|Port Adelaide Power,2011-05-21,2011,43858.0,30.0,43432.0,3.0,43649,136
2011-05-21|9|Melbourne Demons|St Kilda Saints,2011-05-21,2011,44516.0,38.0,44195.0,3.0,44516,151
2011-05-22|9|Adelaide Crows|Collingwood Magpies,2011-05-22,2011,45089.0,33.0,44241.0,3.0,45079,133
2011-05-22|9|Hawthorn Hawks|Sydney Swans,2011-05-22,2011,43392.0,30.0,43847.0,6.0,43847,144
2011-05-22|9|West Coast Eagles|Western Bulldogs,2011-05-22,2011,45505.0,34.0,44216.0,10.0,44216,177
2011-05-27|10|Carlton Blues|Melbourne Demons,2011-05-27,2011,44194.0,31.0,44623.0,3.0,44558,145
2011-05-28|10|Fremantle Dockers|St Kilda Saints,2011-05-28,2011,44857.0,30.0,44870.0,4.0,43455,120
2011-05-28|10|Geelong Cats|Gold Coast Suns,2011-05-28,2011,43262.0,31.0,44161.0,7.0,44161,171
2011-05-28|10|North Melbourne Kangaroos|Sydney Swans,2011-05-28,2011,45046.0,28.0,44415.0,3.0,45046,116
2011-05-28|10|Port Adelaide Power|Richmond Tigers,2011-05-28,2011,44089.0,31.0,43927.0,4.0,43836,121
2011-05-29|10|Adelaide Crows|Brisbane Lions,2011-05-29,2011,45089.0,36.0,44421.0,4.0,45089,126
2011-05-29|10|Collingwood Magpies|West Coast Eagles,2011-05-29,2011,44673.0,31.0,44216.0,3.0,44673,131
2011-05-29|10|Hawthorn Hawks|Western Bulldogs,2011-05-29,2011,45561.0,35.0,43847.0,3.0,45561,180
2011-06-03|11|Essendon Bombers|Melbourne Demons,2011-06-03,2011,43959.0,30.0,45555.0,4.0,44514,127
2011-06-04|11|Brisbane Lions|Sydney Swans,2011-06-04,2011,45367.0,35.0,44800.0,3.0,45367,133
2011-06-04|11|Collingwood Magpies|St Kilda Saints,2011-06-04,2011,44673.0,32.0,45048.0,4.0,44414,139
2011-06-04|11|Geelong Cats|Western Bulldogs,2011-06-04,2011,43349.0,29.0,43883.0,5.0,44161,143
2011-06-04|11|Gold Coast Suns|West Coast Eagles,2011-06-04,2011,43262.0,32.0,44216.0,4.0,43634,145
2011-06-05|11|Adelaide Crows|North Melbourne Kangaroos,2011-06-05,2011,45046.0,39.0,44684.0,4.0,43908,144
2011-06-05|11|Carlton Blues|Port Adelaide Power,2011-06-05,2011,44558.0,32.0,45158.0,6.0,44807,141
2011-06-05|11|Fremantle Dockers|Hawthorn Hawks,2011-06-05,2011,44508.0,31.0,44789.0,5.0,44508,129
2011-06-10|12|St Kilda Saints|Western Bulldogs,2011-06-10,2011,43428.0,39.0,43883.0,2.0,43428,143
2011-06-11|12|Adelaide Crows|West Coast Eagles,2011-06-11,2011,44818.0,31.0,44266.0,5.0,44818,127
2011-06-11|12|Geelong Cats|Hawthorn Hawks,2011-06-11,2011,44508.0,38.0,44712.0,6.0,44918,144
2011-06-11|12|Gold Coast Suns|North Melbourne Kangaroos,2011-06-11,2011,43262.0,38.0,43778.0,5.0,43262,146
2011-06-12|12|Brisbane Lions|Carlton Blues,2011-06-12,2011,44756.0,32.0,45158.0,5.0,44558,128
2011-06-12|12|Essendon Bombers|Fremantle Dockers,2011-06-12,2011,45735.0,28.0,44847.0,4.0,44122,122
2011-06-12|12|Richmond Tigers|Sydney Swans,2011-06-12,2011,43713.0,27.0,44147.0,2.0,44887,115
2011-06-13|12|Collingwood Magpies|Melbourne Demons,2011-06-13,2011,44886.0,29.0,43580.0,6.0,45211,125
2011-06-17|13|Adelaide Crows|Western Bulldogs,2011-06-17,2011,45176.0,29.0,43883.0,4.0,45089,116
2011-06-18|13|Brisbane Lions|Richmond Tigers,2011-06-18,2011,43624.0,30.0,44371.0,5.0,44277,120
2011-06-18|13|Essendon Bombers|North Melbourne Kangaroos,2011-06-18,2011,45191.0,29.0,44114.0,4.0,45304,123
2011-06-18|13|Geelong Cats|St Kilda Saints,2011-06-18,2011,44857.0,32.0,44475.0,4.0,44857,133
2011-06-18|13|Gold Coast Suns|Hawthorn Hawks,2011-06-18,2011,44508.0,38.0,43444.0,4.0,44862,164
2011-06-19|13|Carlton Blues|Sydney Swans,2011-06-19,2011,43884.0,30.0,43787.0,2.0,44243,133
2011-06-19|13|Fremantle Dockers|Melbourne Demons,2011-06-19,2011,44442.0,28.0,45555.0,5.0,45555,117
2011-06-19|13|Port Adelaide Power|West Coast Eagles,2011-06-19,2011,44221.0,27.0,44266.0,4.0,43537,133
2011-06-24|14|Essendon Bombers|Hawthorn Hawks,2011-06-24,2011,44508.0,38.0,44146.0,3.0,44966,138
2011-06-25|14|Brisbane Lions|Fremantle Dockers,2011-06-25,2011,45359.0,33.0,45793.0,5.0,43455,139
2011-06-25|14|Collingwood Magpies|Sydney Swans,2011-06-25,2011,45048.0,33.0,43580.0,6.0,43580,136
2011-06-25|14|Gold Coast Suns|Western Bulldogs,2011-06-25,2011,43428.0,39.0,43614.0,3.0,43428,136
2011-06-25|14|Melbourne Demons|Richmond Tigers,2011-06-25,2011,44514.0,30.0,45114.0,3.0,44514,119
2011-06-26|14|Adelaide Crows|Geelong Cats,2011-06-26,2011,43796.0,35.0,43466.0,3.0,43796,153
2011-06-26|14|Carlton Blues|West Coast Eagles,2011-06-26,2011,45863.0,32.0,43872.0,3.0,45863,123
2011-06-26|14|North Melbourne Kangaroos|Port Adelaide Power,2011-06-26,2011,43621.0,29.0,44684.0,4.0,43908,120
2011-07-01|15|Melbourne Demons|Western Bulldogs,2011-07-01,2011,45114.0,27.0,43883.0,4.0,43883,132
2011-07-02|15|Adelaide Crows|Sydney Swans,2011-07-02,2011,44463.0,28.0,45102.0,3.0,44134,120
2011-07-02|15|Carlton Blues|Richmond Tigers,2011-07-02,2011,44194.0,31.0,43383.0,5.0,44194,138
2011-07-02|15|Essendon Bombers|Geelong Cats,2011-07-02,2011,44033.0,30.0,44161.0,3.0,45420,128
2011-07-02|15|Fremantle Dockers|Gold Coast Suns,2011-07-02,2011,43262.0,34.0,43262.0,3.0,43262,175
2011-07-03|15|Brisbane Lions|Port Adelaide Power,2011-07-03,2011,44809.0,31.0,44879.0,7.0,44756,129
2011-07-03|15|Collingwood Magpies|Hawthorn Hawks,2011-07-03,2011,44066.0,40.0,43580.0,3.0,44918,147
2011-07-03|15|North Melbourne Kangaroos|St Kilda Saints,2011-07-03,2011,44857.0,31.0,43268.0,3.0,43903,130
2011-07-08|16|Geelong Cats|West Coast Eagles,2011-07-08,2011,45505.0,32.0,44600.0,3.0,45505,120
2011-07-09|16|Brisbane Lions|Hawthorn Hawks,2011-07-09,2011,44508.0,34.0,43847.0,3.0,44756,130
2011-07-09|16|Essendon Bombers|Richmond Tigers,2011-07-09,2011,43624.0,27.0,43638.0,3.0,45001,135
2011-07-09|16|Gold Coast Suns|Sydney Swans,2011-07-09,2011,45782.0,31.0,44463.0,3.0,45047,114
2011-07-10|16|Carlton Blues|Western Bulldogs,2011-07-10,2011,44558.0,34.0,45563.0,4.0,43884,130
2011-07-10|16|Collingwood Magpies|North Melbourne Kangaroos,2011-07-10,2011,45048.0,39.0,44927.0,4.0,45048,148
2011-07-10|16|Port Adelaide Power|St Kilda Saints,2011-07-10,2011,44857.0,36.0,43863.0,4.0,44857,134
2011-07-15|17|Adelaide Crows|Essendon Bombers,2011-07-15,2011,45089.0,37.0,43674.0,3.0,44515,132
2011-07-16|17|Carlton Blues|Collingwood Magpies,2011-07-16,2011,44194.0,35.0,43580.0,3.0,45079,135
2011-07-16|17|Gold Coast Suns|Richmond Tigers,2011-07-16,2011,43944.0,32.0,43442.0,3.0,44590,135
2011-07-16|17|Melbourne Demons|Port Adelaide Power,2011-07-16,2011,43621.0,26.0,43340.0,3.0,44686,123
2011-07-16|17|St Kilda Saints|West Coast Eagles,2011-07-16,2011,44516.0,34.0,44501.0,3.0,44516,124
2011-07-17|17|Brisbane Lions|Geelong Cats,2011-07-17,2011,43349.0,32.0,44712.0,8.0,43981,129
2011-07-17|17|Fremantle Dockers|Sydney Swans,2011-07-17,2011,43455.0,31.0,43330.0,3.0,44319,130
2011-07-17|17|North Melbourne Kangaroos|Western Bulldogs,2011-07-17,2011,45306.0,41.0,44684.0,5.0,45306,156
2011-07-22|18|Adelaide Crows|St Kilda Saints,2011-07-22,2011,44857.0,31.0,44501.0,8.0,44857,140
2011-07-23|18|Brisbane Lions|North Melbourne Kangaroos,2011-07-23,2011,45359.0,37.0,44671.0,3.0,45359,130
2011-07-23|18|Carlton Blues|Essendon Bombers,2011-07-23,2011,44194.0,33.0,43383.0,8.0,44194,138
2011-07-23|18|Collingwood Magpies|Gold Coast Suns,2011-07-23,2011,43262.0,36.0,44204.0,3.0,45623,131
2011-07-23|18|Sydney Swans|Western Bulldogs,2011-07-23,2011,44132.0,34.0,45563.0,5.0,45548,150
2011-07-24|18|Fremantle Dockers|West Coast Eagles,2011-07-24,2011,43344.0,26.0,44216.0,3.0,43634,137
2011-07-24|18|Geelong Cats|Richmond Tigers,2011-07-24,2011,43624.0,38.0,44012.0,3.0,43624,129
2011-07-24|18|Hawthorn Hawks|Melbourne Demons,2011-07-24,2011,44898.0,33.0,43847.0,5.0,43847,127
2011-07-29|19|Carlton Blues|North Melbourne Kangaroos,2011-07-29,2011,45046.0,33.0,43884.0,4.0,43884,144
2011-07-30|19|Fremantle Dockers|Hawthorn Hawks,2011-07-30,2011,43455.0,29.0,43963.0,3.0,45793,122
2011-07-30|19|Geelong Cats|Melbourne Demons,2011-07-30,2011,44892.0,43.0,44161.0,7.0,44892,178
2011-07-30|19|Gold Coast Suns|St Kilda Saints,2011-07-30,2011,44857.0,39.0,44501.0,3.0,44857,154
2011-07-30|19|West Coast Eagles|Western Bulldogs,2011-07-30,2011,43428.0,40.0,45563.0,5.0,43634,155
2011-07-31|19|Adelaide Crows|Port Adelaide Power,2011-07-31,2011,44231.0,31.0,45161.0,4.0,43379,120
2011-07-31|19|Collingwood Magpies|Essendon Bombers,2011-07-31,2011,45048.0,45.0,43809.0,5.0,45048,171
2011-08-05|20|Fremantle Dockers|St Kilda Saints,2011-08-05,2011,44570.0,30.0,44501.0,4.0,44239,118
2011-08-06|20|Carlton Blues|Melbourne Demons,2011-08-06,2011,45863.0,32.0,43787.0,3.0,45863,148
2011-08-06|20|Collingwood Magpies|Port Adelaide Power,2011-08-06,2011,45048.0,37.0,43398.0,4.0,45048,155
2011-08-06|20|Essendon Bombers|Sydney Swans,2011-08-06,2011,45191.0,31.0,44768.0,4.0,45548,139
2011-08-06|20|Geelong Cats|Gold Coast Suns,2011-08-06,2011,44892.0,33.0,44161.0,6.0,44161,146
2011-08-07|20|Adelaide Crows|Brisbane Lions,2011-08-07,2011,45089.0,38.0,43620.0,4.0,44809,138
2011-08-07|20|Hawthorn Hawks|North Melbourne Kangaroos,2011-08-07,2011,44508.0,31.0,43522.0,5.0,44452,129
2011-08-07|20|Richmond Tigers|West Coast Eagles,2011-08-07,2011,44221.0,34.0,44600.0,6.0,44924,130
2011-08-12|21|Collingwood Magpies|St Kilda Saints,2011-08-12,2011,45469.0,36.0,44516.0,3.0,45048,137
2011-08-13|21|Brisbane Lions|Gold Coast Suns,2011-08-13,2011,44809.0,34.0,43338.0,2.0,44277,140
2011-08-13|21|Carlton Blues|Fremantle Dockers,2011-08-13,2011,44194.0,34.0,43383.0,6.0,43884,139
2011-08-13|21|Essendon Bombers|Western Bulldogs,2011-08-13,2011,45001.0,39.0,45563.0,6.0,45001,153
2011-08-13|21|Hawthorn Hawks|Port Adelaide Power,2011-08-13,2011,44508.0,33.0,43847.0,8.0,44789,151
2011-08-14|21|Adelaide Crows|Geelong Cats,2011-08-14,2011,44955.0,36.0,45161.0,3.0,44955,137
2011-08-14|21|Melbourne Demons|West Coast Eagles,2011-08-14,2011,43859.0,33.0,44097.0,3.0,44733,110
2011-08-14|21|Richmond Tigers|Sydney Swans,2011-08-14,2011,44089.0,32.0,44572.0,3.0,43624,121
2011-08-19|22|Carlton Blues|Hawthorn Hawks,2011-08-19,2011,44279.0,30.0,43847.0,4.0,44941,127
2011-08-20|22|Adelaide Crows|Gold Coast Suns,2011-08-20,2011,45089.0,51.0,45102.0,4.0,45089,151
2011-08-20|22|Brisbane Lions|Collingwood Magpies,2011-08-20,2011,45048.0,33.0,43580.0,5.0,43580,134
2011-08-20|22|Essendon Bombers|West Coast Eagles,2011-08-20,2011,45001.0,27.0,44216.0,4.0,44216,117
2011-08-20|22|Fremantle Dockers|North Melbourne Kangaroos,2011-08-20,2011,45046.0,30.0,43778.0,3.0,43563,129
2011-08-21|22|Melbourne Demons|Richmond Tigers,2011-08-21,2011,45054.0,29.0,45054.0,5.0,45054,132
2011-08-21|22|Port Adelaide Power|Western Bulldogs,2011-08-21,2011,43428.0,39.0,43490.0,6.0,43428,123
2011-08-21|22|St Kilda Saints|Sydney Swans,2011-08-21,2011,45873.0,29.0,43302.0,2.0,44552,146
2011-08-26|23|Collingwood Magpies|Fremantle Dockers,2011-08-26,2011,44319.0,37.0,43580.0,4.0,44673,145
2011-08-27|23|Brisbane Lions|West Coast Eagles,2011-08-27,2011,44377.0,31.0,44377.0,3.0,44809,151
2011-08-27|23|Geelong Cats|Sydney Swans,2011-08-27,2011,45548.0,30.0,45674.0,3.0,44552,135
2011-08-27|23|Hawthorn Hawks|Western Bulldogs,2011-08-27,2011,43428.0,35.0,43847.0,5.0,44738,129
2011-08-27|23|North Melbourne Kangaroos|St Kilda Saints,2011-08-27,2011,45046.0,34.0,44786.0,5.0,45046,142
2011-08-28|23|Adelaide Crows|Richmond Tigers,2011-08-28,2011,45933.0,36.0,43955.0,5.0,45149,144
2011-08-28|23|Essendon Bombers|Port Adelaide Power,2011-08-28,2011,44515.0,27.0,43927.0,6.0,45304,133
2011-08-28|23|Gold Coast Suns|Melbourne Demons,2011-08-28,2011,44793.0,30.0,45555.0,4.0,43869,124
2011-09-02|24|Collingwood Magpies|Geelong Cats,2011-09-02,2011,44673.0,30.0,44475.0,5.0,45420,135
2011-09-03|24|Adelaide Crows|West Coast Eagles,2011-09-03,2011,45089.0,40.0,44329.0,3.0,45089,128
2011-09-03|24|Brisbane Lions|Sydney Swans,2011-09-03,2011,45873.0,30.0,45367.0,4.0,45548,133
2011-09-03|24|Carlton Blues|St Kilda Saints,2011-09-03,2011,44558.0,36.0,44623.0,4.0,44941,163
2011-09-03|24|Fremantle Dockers|Western Bulldogs,2011-09-03,2011,43428.0,35.0,45563.0,5.0,43428,155
2011-09-03|24|Gold Coast Suns|Hawthorn Hawks,2011-09-03,2011,43262.0,43.0,43444.0,5.0,43262,147
2011-09-04|24|Melbourne Demons|Port Adelaide Power,2011-09-04,2011,44514.0,35.0,45214.0,4.0,43773,129
2011-09-04|24|North Melbourne Kangaroos|Richmond Tigers,2011-09-04,2011,45576.0,31.0,44572.0,5.0,45576,129
2011-09-09|QF|Geelong Cats|Hawthorn Hawks,2011-09-09,2011,43392.0,27.0,43847.0,4.0,44066,129
2011-09-10|EF|St Kilda Saints|Sydney Swans,2011-09-10,2011,44857.0,33.0,45782.0,4.0,44176,120
2011-09-10|QF|Collingwood Magpies|West Coast Eagles,2011-09-10,2011,45048.0,43.0,44329.0,3.0,45048,144
2011-09-11|EF|Carlton Blues|Essendon Bombers,2011-09-11,2011,44558.0,37.0,43383.0,4.0,45863,126
2011-09-16|SF|Hawthorn Hawks|Sydney Swans,2011-09-16,2011,44215.0,35.0,43847.0,4.0,44552,117
2011-09-17|SF|Carlton Blues|West Coast Eagles,2011-09-17,2011,45505.0,28.0,43682.0,3.0,44807,126
2011-09-23|PF|Collingwood Magpies|Hawthorn Hawks,2011-09-23,2011,44673.0,32.0,43580.0,3.0,43580,131
2011-09-24|PF|Geelong Cats|West Coast Eagles,2011-09-24,2011,45188.0,33.0,44216.0,3.0,45188,140
2011-10-01|GF|Collingwood Magpies|Geelong Cats,2011-10-01,2011,44673.0,33.0,44161.0,4.0,45079,139
2012-03-24|1|Greater Western Sydney Giants|Sydney Swans,2012-03-24,2012,44132.0,30.0,43393.0,2.0,43393,127
2012-03-29|1|Carlton Blues|Richmond Tigers,2012-03-29,2012,44558.0,32.0,44785.0,4.0,43624,120
2012-03-30|1|Collingwood Magpies|Hawthorn Hawks,2012-03-30,2012,44673.0,33.0,43847.0,5.0,44673,132
2012-03-31|1|Adelaide Crows|Gold Coast Suns,2012-03-31,2012,43262.0,42.0,45161.0,5.0,43262,136
2012-03-31|1|Brisbane Lions|Melbourne Demons,2012-03-31,2012,45359.0,30.0,43338.0,3.0,44809,130
2012-03-31|1|Essendon Bombers|North Melbourne Kangaroos,2012-03-31,2012,45001.0,35.0,45576.0,3.0,45001,153
2012-03-31|1|Fremantle Dockers|Geelong Cats,2012-03-31,2012,44892.0,33.0,44012.0,4.0,43858,124
2012-04-01|1|Port Adelaide Power|St Kilda Saints,2012-04-01,2012,43903.0,29.0,44239.0,3.0,43772,129
2012-04-01|1|West Coast Eagles|Western Bulldogs,2012-04-01,2012,43428.0,38.0,44216.0,7.0,44818,127
2012-04-05|2|Brisbane Lions|Carlton Blues,2012-04-05,2012,44194.0,33.0,45157.0,5.0,44194,136
2012-04-07|2|Adelaide Crows|Western Bulldogs,2012-04-07,2012,45089.0,34.0,45161.0,3.0,43428,125
2012-04-07|2|Collingwood Magpies|Richmond Tigers,2012-04-07,2012,43713.0,35.0,44495.0,4.0,43713,140
2012-04-07|2|Essendon Bombers|Port Adelaide Power,2012-04-07,2012,43621.0,27.0,44146.0,4.0,45191,139
2012-04-07|2|Fremantle Dockers|Sydney Swans,2012-04-07,2012,44215.0,36.0,44385.0,4.0,44215,136
2012-04-07|2|Melbourne Demons|West Coast Eagles,2012-04-07,2012,44377.0,34.0,43569.0,5.0,44115,141
2012-04-08|2|Gold Coast Suns|St Kilda Saints,2012-04-08,2012,43262.0,40.0,44786.0,4.0,43262,143
2012-04-08|2|Greater Western Sydney Giants|North Melbourne Kangaroos,2012-04-08,2012,43351.0,44.0,43778.0,5.0,43351,138
2012-04-09|2|Geelong Cats|Hawthorn Hawks,2012-04-09,2012,44508.0,30.0,44712.0,5.0,44012,125
2012-04-13|3|Carlton Blues|Collingwood Magpies,2012-04-13,2012,44558.0,39.0,43383.0,5.0,44558,139
2012-04-14|3|Brisbane Lions|Fremantle Dockers,2012-04-14,2012,43748.0,28.0,44666.0,3.0,43748,117
2012-04-14|3|Essendon Bombers|Gold Coast Suns,2012-04-14,2012,43262.0,45.0,43638.0,4.0,43262,162
2012-04-14|3|Melbourne Demons|Richmond Tigers,2012-04-14,2012,43944.0,37.0,43624.0,3.0,45121,146
2012-04-14|3|Port Adelaide Power|Sydney Swans,2012-04-14,2012,43982.0,36.0,44147.0,3.0,43772,123
2012-04-14|3|St Kilda Saints|Western Bulldogs,2012-04-14,2012,43428.0,39.0,44501.0,3.0,43428,146
2012-04-15|3|Adelaide Crows|Hawthorn Hawks,2012-04-15,2012,43887.0,30.0,43444.0,3.0,43887,151
2012-04-15|3|Geelong Cats|North Melbourne Kangaroos,2012-04-15,2012,45576.0,38.0,44712.0,5.0,45306,139
2012-04-15|3|Greater Western Sydney Giants|West Coast Eagles,2012-04-15,2012,45176.0,36.0,44924.0,5.0,44893,150
2012-04-20|4|Fremantle Dockers|St Kilda Saints,2012-04-20,2012,43344.0,30.0,44239.0,3.0,44856,122
2012-04-21|4|Adelaide Crows|Greater Western Sydney Giants,2012-04-21,2012,45176.0,33.0,45102.0,4.0,45813,119
2012-04-21|4|Brisbane Lions|Gold Coast Suns,2012-04-21,2012,44809.0,37.0,43620.0,4.0,44809,143
2012-04-21|4|Carlton Blues|Essendon Bombers,2012-04-21,2012,45001.0,36.0,43638.0,5.0,45001,175
2012-04-21|4|Collingwood Magpies|Port Adelaide Power,2012-04-21,2012,43621.0,37.0,43580.0,4.0,45048,134
2012-04-21|4|Hawthorn Hawks|West Coast Eagles,2012-04-21,2012,44221.0,33.0,43682.0,2.0,44508,122
2012-04-22|4|Geelong Cats|Richmond Tigers,2012-04-22,2012,43713.0,31.0,44572.0,2.0,44892,130
2012-04-22|4|Melbourne Demons|Western Bulldogs,2012-04-22,2012,43645.0,28.0,43353.0,2.0,43994,113
2012-04-22|4|North Melbourne Kangaroos|Sydney Swans,2012-04-22,2012,43296.0,30.0,43801.0,3.0,44651,104
2012-04-25|5|Collingwood Magpies|Essendon Bombers,2012-04-25,2012,45048.0,42.0,43580.0,3.0,45048,171
2012-04-27|5|Carlton Blues|Fremantle Dockers,2012-04-27,2012,44941.0,30.0,43872.0,2.0,44941,140
2012-04-28|5|Brisbane Lions|Geelong Cats,2012-04-28,2012,44809.0,32.0,44012.0,6.0,44809,136
2012-04-28|5|Gold Coast Suns|North Melbourne Kangaroos,2012-04-28,2012,45046.0,31.0,43373.0,3.0,43442,127
2012-04-28|5|Greater Western Sydney Giants|Western Bulldogs,2012-04-28,2012,43428.0,35.0,43516.0,5.0,43940,124
2012-04-28|5|Melbourne Demons|St Kilda Saints,2012-04-28,2012,44857.0,29.0,44354.0,3.0,43302,122
2012-04-29|5|Adelaide Crows|Port Adelaide Power,2012-04-29,2012,43674.0,39.0,45161.0,6.0,43674,140
2012-04-29|5|Hawthorn Hawks|Sydney Swans,2012-04-29,2012,43982.0,30.0,44825.0,5.0,44215,147
2012-04-29|5|Richmond Tigers|West Coast Eagles,2012-04-29,2012,43859.0,30.0,43682.0,4.0,43624,110
2012-05-04|6|Collingwood Magpies|Western Bulldogs,2012-05-04,2012,44673.0,34.0,43883.0,3.0,43940,149
2012-05-05|6|Adelaide Crows|Sydney Swans,2012-05-05,2012,45089.0,31.0,45161.0,5.0,44147,133
2012-05-05|6|Brisbane Lions|Essendon Bombers,2012-05-05,2012,45001.0,39.0,43638.0,4.0,45001,193
2012-05-05|6|Fremantle Dockers|Gold Coast Suns,2012-05-05,2012,43373.0,37.0,43373.0,3.0,43373,128
2012-05-05|6|Geelong Cats|Melbourne Demons,2012-05-05,2012,43796.0,31.0,43569.0,4.0,44161,163
2012-05-05|6|Hawthorn Hawks|St Kilda Saints,2012-05-05,2012,44508.0,29.0,44789.0,6.0,44918,124
2012-05-06|6|Carlton Blues|Greater Western Sydney Giants,2012-05-06,2012,43932.0,28.0,43975.0,3.0,44807,123
2012-05-06|6|North Melbourne Kangaroos|West Coast Eagles,2012-05-06,2012,44893.0,35.0,44050.0,4.0,45046,126
2012-05-06|6|Port Adelaide Power|Richmond Tigers,2012-05-06,2012,43772.0,30.0,44785.0,4.0,44361,124
2012-05-11|7|Hawthorn Hawks|Melbourne Demons,2012-05-11,2012,44898.0,32.0,43569.0,3.0,45038,127
2012-05-12|7|Adelaide Crows|Geelong Cats,2012-05-12,2012,45089.0,34.0,43753.0,3.0,45089,138
2012-05-12|7|Brisbane Lions|Collingwood Magpies,2012-05-12,2012,44927.0,35.0,43907.0,3.0,45048,143
2012-05-12|7|Essendon Bombers|West Coast Eagles,2012-05-12,2012,45001.0,36.0,43638.0,3.0,45001,140
2012-05-12|7|Gold Coast Suns|Greater Western Sydney Giants,2012-05-12,2012,43262.0,33.0,43890.0,3.0,44731,127
2012-05-12|7|Richmond Tigers|Sydney Swans,2012-05-12,2012,43624.0,27.0,44785.0,4.0,44748,115
2012-05-13|7|Fremantle Dockers|Port Adelaide Power,2012-05-13,2012,44393.0,30.0,45793.0,4.0,43772,122
2012-05-13|7|North Melbourne Kangaroos|Western Bulldogs,2012-05-13,2012,43428.0,44.0,43724.0,4.0,43428,162
2012-05-14|7|Carlton Blues|St Kilda Saints,2012-05-14,2012,44194.0,29.0,44501.0,4.0,44857,114
2012-05-18|8|Collingwood Magpies|Geelong Cats,2012-05-18,2012,44927.0,38.0,44673.0,4.0,44927,139
2012-05-19|8|Essendon Bombers|Richmond Tigers,2012-05-19,2012,43713.0,35.0,44847.0,4.0,43713,160
2012-05-19|8|Fremantle Dockers|Hawthorn Hawks,2012-05-19,2012,43455.0,28.0,44825.0,4.0,45295,132
2012-05-19|8|Gold Coast Suns|Western Bulldogs,2012-05-19,2012,43262.0,29.0,43373.0,1.0,43428,128
2012-05-19|8|Melbourne Demons|Sydney Swans,2012-05-19,2012,45196.0,34.0,44132.0,3.0,43982,138
2012-05-19|8|North Melbourne Kangaroos|Port Adelaide Power,2012-05-19,2012,45046.0,28.0,44879.0,7.0,45046,138
2012-05-20|8|Adelaide Crows|Carlton Blues,2012-05-20,2012,43674.0,35.0,43510.0,3.0,43674,142
2012-05-20|8|Brisbane Lions|Greater Western Sydney Giants,2012-05-20,2012,44809.0,36.0,44479.0,7.0,44479,149
2012-05-20|8|St Kilda Saints|West Coast Eagles,2012-05-20,2012,44893.0,31.0,43634.0,5.0,44924,125
2012-05-25|9|Geelong Cats|Western Bulldogs,2012-05-25,2012,43428.0,34.0,43883.0,3.0,44161,148
2012-05-26|9|Adelaide Crows|Collingwood Magpies,2012-05-26,2012,43358.0,36.0,43358.0,2.0,44927,135
2012-05-26|9|Essendon Bombers|Greater Western Sydney Giants,2012-05-26,2012,45304.0,32.0,43369.0,3.0,45112,119
2012-05-26|9|Gold Coast Suns|Port Adelaide Power,2012-05-26,2012,43772.0,29.0,43406.0,3.0,43772,124
2012-05-26|9|Hawthorn Hawks|Richmond Tigers,2012-05-26,2012,45121.0,35.0,44785.0,6.0,45121,152
2012-05-26|9|St Kilda Saints|Sydney Swans,2012-05-26,2012,43302.0,29.0,44147.0,3.0,44516,121
2012-05-27|9|Brisbane Lions|North Melbourne Kangaroos,2012-05-27,2012,43908.0,28.0,43620.0,4.0,43908,140
2012-05-27|9|Carlton Blues|Melbourne Demons,2012-05-27,2012,44448.0,33.0,43383.0,5.0,44807,146
2012-05-27|9|Fremantle Dockers|West Coast Eagles,2012-05-27,2012,44818.0,43.0,44050.0,3.0,44818,162
2012-06-01|10|Richmond Tigers|St Kilda Saints,2012-06-01,2012,43624.0,29.0,44785.0,8.0,44785,147
2012-06-02|10|Adelaide Crows|Fremantle Dockers,2012-06-02,2012,44955.0,33.0,45161.0,4.0,44955,150
2012-06-02|10|Carlton Blues|Port Adelaide Power,2012-06-02,2012,43621.0,28.0,44002.0,3.0,44002,133
2012-06-02|10|Essendon Bombers|Melbourne Demons,2012-06-02,2012,45304.0,30.0,43869.0,2.0,45191,128
2012-06-02|10|Geelong Cats|Greater Western Sydney Giants,2012-06-02,2012,43349.0,32.0,45065.0,6.0,44161,146
2012-06-02|10|Hawthorn Hawks|North Melbourne Kangaroos,2012-06-02,2012,44508.0,35.0,43847.0,13.0,43847,204
2012-06-03|10|Brisbane Lions|West Coast Eagles,2012-06-03,2012,43270.0,28.0,43744.0,3.0,44756,127
2012-06-03|10|Collingwood Magpies|Gold Coast Suns,2012-06-03,2012,43262.0,53.0,43463.0,3.0,43262,186
2012-06-03|10|Sydney Swans|Western Bulldogs,2012-06-03,2012,45367.0,41.0,44147.0,4.0,45367,154
2012-06-08|11|Carlton Blues|Geelong Cats,2012-06-08,2012,44448.0,27.0,43383.0,4.0,44892,118
2012-06-09|11|Essendon Bombers|Sydney Swans,2012-06-09,2012,45191.0,32.0,43685.0,3.0,45191,131
2012-06-09|11|Fremantle Dockers|Richmond Tigers,2012-06-09,2012,43624.0,30.0,45793.0,6.0,43410,147
2012-06-09|11|Gold Coast Suns|St Kilda Saints,2012-06-09,2012,43925.0,30.0,44786.0,7.0,44786,136
2012-06-10|11|Hawthorn Hawks|Port Adelaide Power,2012-06-10,2012,44898.0,33.0,43847.0,4.0,43621,125
2012-06-11|11|Collingwood Magpies|Melbourne Demons,2012-06-11,2012,45048.0,42.0,43569.0,4.0,43358,155
2012-06-14|12|Carlton Blues|West Coast Eagles,2012-06-14,2012,44893.0,33.0,43682.0,3.0,44574,136
2012-06-15|12|Adelaide Crows|St Kilda Saints,2012-06-15,2012,44857.0,34.0,45102.0,5.0,45089,141
2012-06-16|12|Gold Coast Suns|North Melbourne Kangaroos,2012-06-16,2012,43262.0,42.0,43262.0,4.0,43262,148
2012-06-16|12|Greater Western Sydney Giants|Richmond Tigers,2012-06-16,2012,43713.0,30.0,43516.0,3.0,44361,113
2012-06-17|12|Brisbane Lions|Hawthorn Hawks,2012-06-17,2012,43270.0,27.0,43847.0,5.0,45307,140
2012-06-17|12|Port Adelaide Power|Western Bulldogs,2012-06-17,2012,43428.0,34.0,43724.0,4.0,43428,133
2012-06-22|13|Geelong Cats|Sydney Swans,2012-06-22,2012,43796.0,29.0,44132.0,2.0,45420,118
2012-06-23|13|Brisbane Lions|Western Bulldogs,2012-06-23,2012,44809.0,40.0,44421.0,5.0,44809,141
2012-06-23|13|Collingwood Magpies|West Coast Eagles,2012-06-23,2012,45048.0,38.0,43580.0,5.0,45048,132
2012-06-23|13|Essendon Bombers|Fremantle Dockers,2012-06-23,2012,44319.0,30.0,44114.0,6.0,44319,115
2012-06-24|13|Adelaide Crows|North Melbourne Kangaroos,2012-06-24,2012,45212.0,31.0,45062.0,4.0,45161,109
2012-06-24|13|Greater Western Sydney Giants|Melbourne Demons,2012-06-24,2012,44186.0,33.0,43569.0,4.0,45176,111
2012-06-29|14|Carlton Blues|Hawthorn Hawks,2012-06-29,2012,44508.0,32.0,43847.0,4.0,44508,124
2012-06-30|14|Adelaide Crows|Richmond Tigers,2012-06-30,2012,45121.0,31.0,45161.0,5.0,45121,135
2012-06-30|14|Collingwood Magpies|Fremantle Dockers,2012-06-30,2012,45048.0,43.0,45793.0,5.0,45048,172
2012-06-30|14|Essendon Bombers|Western Bulldogs,2012-06-30,2012,43428.0,34.0,44114.0,5.0,44114,133
2012-06-30|14|Gold Coast Suns|West Coast Eagles,2012-06-30,2012,44377.0,33.0,44329.0,4.0,44924,148
2012-06-30|14|Greater Western Sydney Giants|Sydney Swans,2012-06-30,2012,44463.0,37.0,44147.0,3.0,44463,149
2012-07-01|14|Brisbane Lions|Melbourne Demons,2012-07-01,2012,44756.0,32.0,45387.0,4.0,45387,130
2012-07-01|14|Geelong Cats|Port Adelaide Power,2012-07-01,2012,44892.0,27.0,45065.0,3.0,44892,119
2012-07-01|14|North Melbourne Kangaroos|St Kilda Saints,2012-07-01,2012,45212.0,34.0,44684.0,4.0,45046,144
2012-07-06|15|Carlton Blues|Collingwood Magpies,2012-07-06,2012,44194.0,32.0,43383.0,4.0,43529,114
2012-07-07|15|Adelaide Crows|Port Adelaide Power,2012-07-07,2012,45089.0,32.0,44027.0,6.0,44134,122
2012-07-07|15|Brisbane Lions|Sydney Swans,2012-07-07,2012,43981.0,34.0,44765.0,6.0,44463,141
2012-07-07|15|Essendon Bombers|St Kilda Saints,2012-07-07,2012,44857.0,27.0,44501.0,5.0,44786,135
2012-07-07|15|Melbourne Demons|Richmond Tigers,2012-07-07,2012,43624.0,28.0,44572.0,4.0,43944,123
2012-07-07|15|North Melbourne Kangaroos|West Coast Eagles,2012-07-07,2012,44221.0,31.0,45062.0,4.0,43634,148
2012-07-08|15|Fremantle Dockers|Western Bulldogs,2012-07-08,2012,45164.0,27.0,45793.0,6.0,45793,144
2012-07-08|15|Geelong Cats|Gold Coast Suns,2012-07-08,2012,44892.0,32.0,44012.0,4.0,45420,132
2012-07-08|15|Greater Western Sydney Giants|Hawthorn Hawks,2012-07-08,2012,45038.0,35.0,44825.0,6.0,44789,159
2012-07-13|16|Carlton Blues|North Melbourne Kangaroos,2012-07-13,2012,44194.0,36.0,44684.0,7.0,44194,147
2012-07-14|16|Brisbane Lions|St Kilda Saints,2012-07-14,2012,45359.0,31.0,44849.0,4.0,44176,118
2012-07-14|16|Collingwood Magpies|Geelong Cats,2012-07-14,2012,45048.0,40.0,45079.0,3.0,43358,137
2012-07-14|16|Essendon Bombers|Port Adelaide Power,2012-07-14,2012,43406.0,29.0,43773.0,3.0,45191,124
2012-07-14|16|Fremantle Dockers|Melbourne Demons,2012-07-14,2012,44553.0,27.0,45793.0,4.0,44375,118
2012-07-14|16|Gold Coast Suns|Richmond Tigers,2012-07-14,2012,43624.0,38.0,44785.0,5.0,43713,141
2012-07-15|16|Adelaide Crows|Greater Western Sydney Giants,2012-07-15,2012,45283.0,32.0,43510.0,4.0,45176,134
2012-07-15|16|Hawthorn Hawks|Western Bulldogs,2012-07-15,2012,43428.0,37.0,43955.0,4.0,43428,131
2012-07-15|16|Sydney Swans|West Coast Eagles,2012-07-15,2012,43982.0,42.0,44147.0,4.0,45782,142
2012-07-20|17|Essendon Bombers|Geelong Cats,2012-07-20,2012,43753.0,31.0,44012.0,5.0,45191,121
2012-07-21|17|Adelaide Crows|West Coast Eagles,2012-07-21,2012,43859.0,33.0,45149.0,4.0,43674,118
2012-07-21|17|Brisbane Lions|Gold Coast Suns,2012-07-21,2012,43262.0,37.0,44756.0,2.0,43262,143
2012-07-21|17|Carlton Blues|Western Bulldogs,2012-07-21,2012,44448.0,29.0,43666.0,4.0,45863,112
2012-07-21|17|Collingwood Magpies|Hawthorn Hawks,2012-07-21,2012,45048.0,49.0,43444.0,5.0,45048,165
2012-07-21|17|Melbourne Demons|Port Adelaide Power,2012-07-21,2012,43948.0,32.0,45018.0,5.0,43948,135
2012-07-22|17|Fremantle Dockers|Greater Western Sydney Giants,2012-07-22,2012,43932.0,29.0,45793.0,7.0,45793,120
2012-07-22|17|North Melbourne Kangaroos|Richmond Tigers,2012-07-22,2012,43713.0,31.0,44684.0,7.0,44684,128
2012-07-22|17|St Kilda Saints|Sydney Swans,2012-07-22,2012,44215.0,35.0,44501.0,5.0,44463,107
2012-07-27|18|Essendon Bombers|Hawthorn Hawks,2012-07-27,2012,45191.0,37.0,44066.0,5.0,45221,133
2012-07-28|18|Adelaide Crows|Geelong Cats,2012-07-28,2012,45089.0,40.0,44012.0,3.0,44012,116
2012-07-28|18|Carlton Blues|Richmond Tigers,2012-07-28,2012,44558.0,36.0,43383.0,4.0,44448,120
2012-07-28|18|Collingwood Magpies|Greater Western Sydney Giants,2012-07-28,2012,45048.0,37.0,43580.0,6.0,45048,159
2012-07-28|18|Gold Coast Suns|Sydney Swans,2012-07-28,2012,43262.0,42.0,44800.0,4.0,43262,152
2012-07-28|18|Melbourne Demons|North Melbourne Kangaroos,2012-07-28,2012,43886.0,36.0,44684.0,4.0,45046,160
2012-07-29|18|Brisbane Lions|West Coast Eagles,2012-07-29,2012,43859.0,30.0,43682.0,5.0,44574,124
2012-07-29|18|Fremantle Dockers|Port Adelaide Power,2012-07-29,2012,43621.0,31.0,43773.0,2.0,43621,110
2012-07-29|18|St Kilda Saints|Western Bulldogs,2012-07-29,2012,43903.0,33.0,44786.0,4.0,44786,133
2012-08-03|19|Geelong Cats|Hawthorn Hawks,2012-08-03,2012,44892.0,29.0,44012.0,6.0,44892,129
2012-08-04|19|Brisbane Lions|Richmond Tigers,2012-08-04,2012,43713.0,33.0,45387.0,4.0,43713,126
2012-08-04|19|Collingwood Magpies|St Kilda Saints,2012-08-04,2012,43358.0,32.0,44501.0,3.0,44169,153
2012-08-04|19|Fremantle Dockers|West Coast Eagles,2012-08-04,2012,44221.0,36.0,45793.0,8.0,45793,144
2012-08-04|19|Greater Western Sydney Giants|Port Adelaide Power,2012-08-04,2012,43932.0,31.0,43481.0,3.0,45176,126
2012-08-04|19|North Melbourne Kangaroos|Western Bulldogs,2012-08-04,2012,43428.0,34.0,44684.0,5.0,43351,116
2012-08-05|19|Adelaide Crows|Essendon Bombers,2012-08-05,2012,45191.0,31.0,45161.0,4.0,43674,130
2012-08-05|19|Carlton Blues|Sydney Swans,2012-08-05,2012,43982.0,31.0,44415.0,3.0,43884,130
2012-08-05|19|Gold Coast Suns|Melbourne Demons,2012-08-05,2012,43262.0,33.0,45555.0,5.0,43373,156
2012-08-10|20|Geelong Cats|West Coast Eagles,2012-08-10,2012,44221.0,29.0,43634.0,3.0,43634,147
2012-08-11|20|Adelaide Crows|Fremantle Dockers,2012-08-11,2012,45283.0,37.0,45161.0,4.0,45283,139
2012-08-11|20|Brisbane Lions|Carlton Blues,2012-08-11,2012,43884.0,33.0,43383.0,3.0,43884,141
2012-08-11|20|Collingwood Magpies|Sydney Swans,2012-08-11,2012,44215.0,40.0,43358.0,3.0,44215,153
2012-08-11|20|Gold Coast Suns|Greater Western Sydney Giants,2012-08-11,2012,45112.0,32.0,44086.0,5.0,45112,112
2012-08-11|20|Melbourne Demons|St Kilda Saints,2012-08-11,2012,44857.0,30.0,43402.0,5.0,44354,121
2012-08-12|20|Essendon Bombers|North Melbourne Kangaroos,2012-08-12,2012,45191.0,32.0,43685.0,3.0,45191,132
2012-08-12|20|Hawthorn Hawks|Port Adelaide Power,2012-08-12,2012,43392.0,32.0,44738.0,5.0,43392,127
2012-08-12|20|Richmond Tigers|Western Bulldogs,2012-08-12,2012,43624.0,35.0,44785.0,5.0,43624,152
2012-08-17|21|Geelong Cats|St Kilda Saints,2012-08-17,2012,43925.0,31.0,44012.0,6.0,43903,125
2012-08-18|21|Adelaide Crows|Brisbane Lions,2012-08-18,2012,45089.0,32.0,43510.0,4.0,44756,121
2012-08-18|21|Carlton Blues|Essendon Bombers,2012-08-18,2012,44558.0,37.0,45157.0,5.0,44558,163
2012-08-18|21|Collingwood Magpies|North Melbourne Kangaroos,2012-08-18,2012,43358.0,38.0,44684.0,3.0,43358,129
2012-08-18|21|Fremantle Dockers|Richmond Tigers,2012-08-18,2012,43624.0,32.0,43330.0,3.0,44553,130
2012-08-18|21|Greater Western Sydney Giants|Melbourne Demons,2012-08-18,2012,43932.0,38.0,44097.0,3.0,43932,146
2012-08-19|21|Gold Coast Suns|Hawthorn Hawks,2012-08-19,2012,43262.0,43.0,43955.0,4.0,43262,175
2012-08-19|21|Port Adelaide Power|West Coast Eagles,2012-08-19,2012,44893.0,34.0,43682.0,3.0,44893,144
2012-08-19|21|Sydney Swans|Western Bulldogs,2012-08-19,2012,43940.0,42.0,43271.0,4.0,45548,137
2012-08-24|22|Essendon Bombers|Richmond Tigers,2012-08-24,2012,43713.0,33.0,44515.0,3.0,43624,145
2012-08-25|22|Brisbane Lions|Port Adelaide Power,2012-08-25,2012,43772.0,32.0,45387.0,4.0,44756,121
2012-08-25|22|Carlton Blues|Gold Coast Suns,2012-08-25,2012,45863.0,33.0,44331.0,4.0,45157,116
2012-08-25|22|Collingwood Magpies|West Coast Eagles,2012-08-25,2012,44221.0,36.0,43809.0,3.0,43358,129
2012-08-25|22|Greater Western Sydney Giants|St Kilda Saints,2012-08-25,2012,43932.0,34.0,44501.0,5.0,43719,140
2012-08-25|22|Hawthorn Hawks|Sydney Swans,2012-08-25,2012,44215.0,35.0,43847.0,4.0,45782,142
2012-08-26|22|Adelaide Crows|Melbourne Demons,2012-08-26,2012,45054.0,34.0,43510.0,4.0,45161,148
2012-08-26|22|Fremantle Dockers|North Melbourne Kangaroos,2012-08-26,2012,45046.0,30.0,43330.0,4.0,45046,140
2012-08-26|22|Geelong Cats|Western Bulldogs,2012-08-26,2012,43428.0,46.0,44012.0,4.0,43428,131
2012-08-31|23|Hawthorn Hawks|West Coast Eagles,2012-08-31,2012,44893.0,35.0,43847.0,4.0,43682,126
2012-09-01|23|Adelaide Crows|Gold Coast Suns,2012-09-01,2012,43674.0,36.0,43510.0,4.0,43674,136
2012-09-01|23|Collingwood Magpies|Essendon Bombers,2012-09-01,2012,45048.0,42.0,43580.0,5.0,45048,187
2012-09-01|23|Fremantle Dockers|Melbourne Demons,2012-09-01,2012,43344.0,32.0,43330.0,3.0,43858,111
2012-09-01|23|Geelong Cats|Sydney Swans,2012-09-01,2012,44463.0,32.0,44012.0,4.0,44206,129
2012-09-01|23|Greater Western Sydney Giants|North Melbourne Kangaroos,2012-09-01,2012,45088.0,39.0,43995.0,4.0,45088,139
2012-09-02|23|Brisbane Lions|Western Bulldogs,2012-09-02,2012,43428.0,37.0,45387.0,5.0,44782,126
2012-09-02|23|Carlton Blues|St Kilda Saints,2012-09-02,2012,44448.0,39.0,45157.0,5.0,44448,156
2012-09-02|23|Port Adelaide Power|Richmond Tigers,2012-09-02,2012,43624.0,31.0,44785.0,6.0,43624,121
2012-09-07|QF|Collingwood Magpies|Hawthorn Hawks,2012-09-07,2012,44898.0,32.0,43580.0,6.0,44898,112
2012-09-08|EF|Fremantle Dockers|Geelong Cats,2012-09-08,2012,44892.0,28.0,45793.0,6.0,43344,127
2012-09-08|QF|Adelaide Crows|Sydney Swans,2012-09-08,2012,44215.0,35.0,45548.0,3.0,45782,140
2012-09-09|EF|North Melbourne Kangaroos|West Coast Eagles,2012-09-09,2012,45046.0,31.0,43682.0,4.0,45505,121
2012-09-14|SF|Adelaide Crows|Fremantle Dockers,2012-09-14,2012,44553.0,30.0,45161.0,5.0,44719,129
2012-09-15|SF|Collingwood Magpies|West Coast Eagles,2012-09-15,2012,43358.0,30.0,45079.0,3.0,45048,128
2012-09-21|PF|Collingwood Magpies|Sydney Swans,2012-09-21,2012,45782.0,34.0,43580.0,3.0,45782,154
2012-09-22|PF|Adelaide Crows|Hawthorn Hawks,2012-09-22,2012,45089.0,31.0,45102.0,4.0,44789,130
2012-09-29|GF|Hawthorn Hawks|Sydney Swans,2012-09-29,2012,44898.0,33.0,43847.0,3.0,44898,141
2013-03-22|1|Adelaide Crows|Essendon Bombers,2013-03-22,2013,45191.0,34.0,44099.0,4.0,44099,127
2013-03-23|1|Fremantle Dockers|West Coast Eagles,2013-03-23,2013,44553.0,27.0,45037.0,3.0,43344,126
2013-03-28|1|Carlton Blues|Richmond Tigers,2013-03-28,2013,43884.0,34.0,43713.0,3.0,43884,133
2013-03-30|1|Brisbane Lions|Western Bulldogs,2013-03-30,2013,44809.0,33.0,43883.0,3.0,43940,126
2013-03-30|1|Gold Coast Suns|St Kilda Saints,2013-03-30,2013,43262.0,34.0,43262.0,4.0,43262,135
2013-03-30|1|Greater Western Sydney Giants|Sydney Swans,2013-03-30,2013,44215.0,28.0,44132.0,3.0,45782,116
2013-03-31|1|Collingwood Magpies|North Melbourne Kangaroos,2013-03-31,2013,45046.0,34.0,43580.0,4.0,45046,141
2013-03-31|1|Melbourne Demons|Port Adelaide Power,2013-03-31,2013,43772.0,30.0,44879.0,4.0,43772,129
2013-04-01|1|Geelong Cats|Hawthorn Hawks,2013-04-01,2013,44508.0,37.0,43444.0,2.0,44508,128
2013-04-05|2|Richmond Tigers|St Kilda Saints,2013-04-05,2013,43624.0,31.0,44785.0,7.0,43624,121
2013-04-06|2|Adelaide Crows|Brisbane Lions,2013-04-06,2013,45089.0,31.0,43674.0,2.0,43981,124
2013-04-06|2|Essendon Bombers|Melbourne Demons,2013-04-06,2013,45191.0,38.0,43638.0,6.0,44033,147
2013-04-06|2|Fremantle Dockers|Western Bulldogs,2013-04-06,2013,43614.0,31.0,43666.0,3.0,44281,120
2013-04-06|2|Gold Coast Suns|Sydney Swans,2013-04-06,2013,44132.0,28.0,44463.0,4.0,44463,124
2013-04-06|2|Greater Western Sydney Giants|Port Adelaide Power,2013-04-06,2013,43621.0,30.0,45214.0,5.0,45214,154
2013-04-07|2|Carlton Blues|Collingwood Magpies,2013-04-07,2013,44558.0,26.0,43788.0,5.0,43788,125
2013-04-07|2|Geelong Cats|North Melbourne Kangaroos,2013-04-07,2013,43351.0,29.0,45082.0,5.0,43351,136
2013-04-07|2|Hawthorn Hawks|West Coast Eagles,2013-04-07,2013,44377.0,33.0,43847.0,5.0,43392,121
2013-04-12|3|Essendon Bombers|Fremantle Dockers,2013-04-12,2013,43858.0,27.0,43638.0,3.0,45001,109
2013-04-13|3|Brisbane Lions|Gold Coast Suns,2013-04-13,2013,43442.0,30.0,45387.0,5.0,43373,116
2013-04-13|3|Carlton Blues|Geelong Cats,2013-04-13,2013,45158.0,33.0,44012.0,3.0,45024,126
2013-04-13|3|Greater Western Sydney Giants|St Kilda Saints,2013-04-13,2013,45013.0,32.0,43302.0,4.0,43302,136
2013-04-13|3|Melbourne Demons|West Coast Eagles,2013-04-13,2013,44377.0,39.0,43682.0,5.0,44893,142
2013-04-13|3|North Melbourne Kangaroos|Sydney Swans,2013-04-13,2013,44215.0,29.0,45367.0,4.0,45046,123
2013-04-14|3|Adelaide Crows|Port Adelaide Power,2013-04-14,2013,43406.0,30.0,45214.0,4.0,45214,140
2013-04-14|3|Collingwood Magpies|Hawthorn Hawks,2013-04-14,2013,44066.0,31.0,43580.0,5.0,44066,135
2013-04-14|3|Richmond Tigers|Western Bulldogs,2013-04-14,2013,43624.0,36.0,44785.0,5.0,44371,144
2013-04-19|4|Geelong Cats|Sydney Swans,2013-04-19,2013,44892.0,31.0,44012.0,3.0,44892,123
2013-04-20|4|Carlton Blues|West Coast Eagles,2013-04-20,2013,44893.0,32.0,45291.0,4.0,44893,127
2013-04-20|4|Collingwood Magpies|Richmond Tigers,2013-04-20,2013,45048.0,35.0,43580.0,7.0,43580,147
2013-04-20|4|Essendon Bombers|St Kilda Saints,2013-04-20,2013,45191.0,37.0,43954.0,4.0,45001,130
2013-04-20|4|Fremantle Dockers|Hawthorn Hawks,2013-04-20,2013,43392.0,37.0,43847.0,4.0,43392,151
2013-04-20|4|Gold Coast Suns|Port Adelaide Power,2013-04-20,2013,43262.0,35.0,44879.0,4.0,43621,156
2013-04-21|4|Adelaide Crows|Western Bulldogs,2013-04-21,2013,44281.0,33.0,43674.0,4.0,43614,120
2013-04-21|4|Brisbane Lions|North Melbourne Kangaroos,2013-04-21,2013,44809.0,34.0,44684.0,4.0,43886,119
2013-04-21|4|Greater Western Sydney Giants|Melbourne Demons,2013-04-21,2013,45112.0,30.0,44623.0,5.0,43948,126
2013-04-25|5|Collingwood Magpies|Essendon Bombers,2013-04-25,2013,45304.0,34.0,45304.0,4.0,44927,143
2013-04-25|5|St Kilda Saints|Sydney Swans,2013-04-25,2013,43982.0,30.0,44415.0,2.0,44786,153
2013-04-26|5|Fremantle Dockers|Richmond Tigers,2013-04-26,2013,43344.0,31.0,43330.0,4.0,43344,122
2013-04-27|5|Adelaide Crows|Carlton Blues,2013-04-27,2013,45158.0,32.0,43872.0,4.0,44448,118
2013-04-27|5|Geelong Cats|Western Bulldogs,2013-04-27,2013,43428.0,29.0,45065.0,5.0,44161,141
2013-04-27|5|Gold Coast Suns|Greater Western Sydney Giants,2013-04-27,2013,43262.0,32.0,43728.0,6.0,43262,131
2013-04-27|5|Port Adelaide Power|West Coast Eagles,2013-04-27,2013,44924.0,32.0,44216.0,4.0,44893,136
2013-04-28|5|Brisbane Lions|Melbourne Demons,2013-04-28,2013,44514.0,36.0,44277.0,3.0,44809,125
2013-04-28|5|Hawthorn Hawks|North Melbourne Kangaroos,2013-04-28,2013,45046.0,35.0,45082.0,5.0,45046,116
2013-05-03|6|Collingwood Magpies|St Kilda Saints,2013-05-03,2013,44516.0,30.0,43580.0,4.0,44323,125
2013-05-04|6|Adelaide Crows|Hawthorn Hawks,2013-05-04,2013,43674.0,35.0,43955.0,3.0,43674,145
2013-05-04|6|Essendon Bombers|Greater Western Sydney Giants,2013-05-04,2013,44039.0,29.0,43516.0,6.0,43269,120
2013-05-04|6|Fremantle Dockers|Gold Coast Suns,2013-05-04,2013,43988.0,32.0,45170.0,4.0,43988,110
2013-05-04|6|Geelong Cats|Richmond Tigers,2013-05-04,2013,43551.0,28.0,44227.0,4.0,43349,138
2013-05-04|6|North Melbourne Kangaroos|Port Adelaide Power,2013-05-04,2013,43406.0,30.0,44684.0,3.0,43621,108
2013-05-05|6|Brisbane Lions|Sydney Swans,2013-05-05,2013,43982.0,32.0,44765.0,3.0,44756,109
2013-05-05|6|Carlton Blues|Melbourne Demons,2013-05-05,2013,44320.0,29.0,43383.0,4.0,44558,124
2013-05-05|6|West Coast Eagles|Western Bulldogs,2013-05-05,2013,44377.0,26.0,43682.0,5.0,44733,124
2013-05-10|7|Essendon Bombers|Geelong Cats,2013-05-10,2013,44161.0,31.0,45024.0,3.0,45304,122
2013-05-11|7|Brisbane Lions|West Coast Eagles,2013-05-11,2013,44809.0,34.0,44216.0,4.0,43981,129
2013-05-11|7|Collingwood Magpies|Fremantle Dockers,2013-05-11,2013,44927.0,33.0,45170.0,4.0,44122,136
2013-05-11|7|Hawthorn Hawks|Sydney Swans,2013-05-11,2013,44066.0,32.0,44825.0,4.0,44825,127
2013-05-11|7|North Melbourne Kangaroos|Western Bulldogs,2013-05-11,2013,43940.0,28.0,43704.0,6.0,43940,129
2013-05-11|7|Port Adelaide Power|Richmond Tigers,2013-05-11,2013,44371.0,33.0,44785.0,5.0,44371,144
2013-05-12|7|Adelaide Crows|Greater Western Sydney Giants,2013-05-12,2013,45089.0,32.0,44330.0,10.0,44330,165
2013-05-12|7|Gold Coast Suns|Melbourne Demons,2013-05-12,2013,43262.0,38.0,43463.0,3.0,43262,134
2013-05-13|7|Carlton Blues|St Kilda Saints,2013-05-13,2013,45013.0,39.0,44028.0,3.0,45013,145
2013-05-17|8|North Melbourne Kangaroos|West Coast Eagles,2013-05-17,2013,45576.0,24.0,43397.0,3.0,45576,112
2013-05-18|8|Brisbane Lions|Essendon Bombers,2013-05-18,2013,43903.0,32.0,45307.0,3.0,44756,119
2013-05-18|8|Collingwood Magpies|Geelong Cats,2013-05-18,2013,44323.0,31.0,44012.0,4.0,44673,127
2013-05-18|8|Fremantle Dockers|Sydney Swans,2013-05-18,2013,44132.0,33.0,43982.0,4.0,44132,138
2013-05-18|8|Gold Coast Suns|Western Bulldogs,2013-05-18,2013,43262.0,31.0,43463.0,3.0,43262,135
2013-05-18|8|Greater Western Sydney Giants|Hawthorn Hawks,2013-05-18,2013,44508.0,35.0,44825.0,5.0,43269,126
2013-05-19|8|Adelaide Crows|St Kilda Saints,2013-05-19,2013,44516.0,34.0,44144.0,2.0,44516,129
2013-05-19|8|Carlton Blues|Port Adelaide Power,2013-05-19,2013,44194.0,25.0,43872.0,4.0,44558,105
2013-05-19|8|Melbourne Demons|Richmond Tigers,2013-05-19,2013,43790.0,39.0,43684.0,3.0,43790,155
2013-05-24|9|Collingwood Magpies|Sydney Swans,2013-05-24,2013,43982.0,31.0,43580.0,3.0,45548,147
2013-05-25|9|Brisbane Lions|Carlton Blues,2013-05-25,2013,44194.0,26.0,43385.0,3.0,45157,114
2013-05-25|9|Essendon Bombers|Richmond Tigers,2013-05-25,2013,45001.0,39.0,43638.0,3.0,45001,144
2013-05-25|9|Geelong Cats|Port Adelaide Power,2013-05-25,2013,45065.0,29.0,44012.0,6.0,44161,144
2013-05-25|9|Greater Western Sydney Giants|West Coast Eagles,2013-05-25,2013,44377.0,32.0,43682.0,5.0,44377,126
2013-05-25|9|St Kilda Saints|Western Bulldogs,2013-05-25,2013,43428.0,38.0,43271.0,4.0,43428,144
2013-05-26|9|Adelaide Crows|North Melbourne Kangaroos,2013-05-26,2013,43674.0,30.0,44220.0,6.0,45306,128
2013-05-26|9|Fremantle Dockers|Melbourne Demons,2013-05-26,2013,44553.0,34.0,43330.0,3.0,43344,149
2013-05-26|9|Gold Coast Suns|Hawthorn Hawks,2013-05-26,2013,43262.0,37.0,43847.0,5.0,43262,139
2013-05-31|10|Brisbane Lions|Collingwood Magpies,2013-05-31,2013,45048.0,36.0,44421.0,3.0,45048,130
2013-06-01|10|Adelaide Crows|Fremantle Dockers,2013-06-01,2013,43344.0,32.0,43674.0,3.0,43344,118
2013-06-01|10|Carlton Blues|Greater Western Sydney Giants,2013-06-01,2013,45158.0,34.0,43872.0,4.0,45158,121
2013-06-01|10|Essendon Bombers|Sydney Swans,2013-06-01,2013,44215.0,37.0,45548.0,4.0,45001,149
2013-06-01|10|Geelong Cats|Gold Coast Suns,2013-06-01,2013,43262.0,34.0,45143.0,4.0,43262,140
2013-06-01|10|Port Adelaide Power|Western Bulldogs,2013-06-01,2013,43940.0,35.0,43883.0,2.0,43940,166
2013-06-02|10|Hawthorn Hawks|Melbourne Demons,2013-06-02,2013,44898.0,31.0,43444.0,5.0,44279,111
2013-06-02|10|North Melbourne Kangaroos|St Kilda Saints,2013-06-02,2013,44548.0,31.0,43397.0,5.0,44684,136
2013-06-03|10|Richmond Tigers|West Coast Eagles,2013-06-03,2013,44893.0,31.0,44216.0,3.0,44893,135
2013-06-07|11|Carlton Blues|Essendon Bombers,2013-06-07,2013,44558.0,31.0,45157.0,7.0,45157,143
2013-06-08|11|Adelaide Crows|Sydney Swans,2013-06-08,2013,43982.0,42.0,44415.0,3.0,45782,145
2013-06-08|11|Geelong Cats|Greater Western Sydney Giants,2013-06-08,2013,45176.0,30.0,44712.0,5.0,44892,132
2013-06-08|11|Gold Coast Suns|North Melbourne Kangaroos,2013-06-08,2013,43262.0,33.0,43262.0,2.0,43262,119
2013-06-09|11|St Kilda Saints|West Coast Eagles,2013-06-09,2013,44893.0,33.0,44501.0,5.0,44893,124
2013-06-10|11|Collingwood Magpies|Melbourne Demons,2013-06-10,2013,45048.0,39.0,43580.0,3.0,45048,130
2013-06-14|12|Carlton Blues|Hawthorn Hawks,2013-06-14,2013,44194.0,29.0,43847.0,4.0,43884,123
2013-06-15|12|Adelaide Crows|Richmond Tigers,2013-06-15,2013,45089.0,29.0,44371.0,4.0,43713,129
2013-06-15|12|Brisbane Lions|Fremantle Dockers,2013-06-15,2013,43344.0,32.0,44286.0,3.0,44553,124
2013-06-15|12|Essendon Bombers|Gold Coast Suns,2013-06-15,2013,43903.0,38.0,43638.0,3.0,43903,153
2013-06-16|12|Collingwood Magpies|Western Bulldogs,2013-06-16,2013,45048.0,38.0,43580.0,5.0,45048,137
2013-06-16|12|Greater Western Sydney Giants|Port Adelaide Power,2013-06-16,2013,43621.0,34.0,43406.0,3.0,43621,120
2013-06-21|13|Hawthorn Hawks|West Coast Eagles,2013-06-21,2013,44924.0,33.0,43955.0,5.0,44216,131
2013-06-22|13|Melbourne Demons|St Kilda Saints,2013-06-22,2013,44516.0,35.0,44786.0,3.0,44516,146
2013-06-22|13|Port Adelaide Power|Sydney Swans,2013-06-22,2013,44215.0,31.0,45267.0,3.0,43446,115
2013-06-22|13|Richmond Tigers|Western Bulldogs,2013-06-22,2013,43428.0,34.0,44785.0,3.0,43428,152
2013-06-23|13|Brisbane Lions|Geelong Cats,2013-06-23,2013,45359.0,33.0,44012.0,3.0,44161,129
2013-06-23|13|Fremantle Dockers|North Melbourne Kangaroos,2013-06-23,2013,45046.0,33.0,45037.0,2.0,45046,129
2013-06-27|14|Essendon Bombers|West Coast Eagles,2013-06-27,2013,44377.0,30.0,43682.0,3.0,45191,122
2013-06-28|14|Carlton Blues|Sydney Swans,2013-06-28,2013,43393.0,33.0,44415.0,2.0,43884,119
2013-06-29|14|Adelaide Crows|Gold Coast Suns,2013-06-29,2013,44731.0,42.0,45283.0,4.0,44731,157
2013-06-29|14|Collingwood Magpies|Port Adelaide Power,2013-06-29,2013,44888.0,34.0,44879.0,3.0,44888,148
2013-06-29|14|Fremantle Dockers|Geelong Cats,2013-06-29,2013,43551.0,36.0,45170.0,3.0,43551,135
2013-06-29|14|Melbourne Demons|Western Bulldogs,2013-06-29,2013,44281.0,36.0,45196.0,4.0,44281,144
2013-06-30|14|Brisbane Lions|Hawthorn Hawks,2013-06-30,2013,44898.0,27.0,43847.0,4.0,44825,110
2013-06-30|14|Greater Western Sydney Giants|North Melbourne Kangaroos,2013-06-30,2013,45088.0,28.0,44684.0,5.0,43932,113
2013-06-30|14|Richmond Tigers|St Kilda Saints,2013-06-30,2013,43302.0,25.0,44127.0,3.0,45148,119
2013-07-05|15|Carlton Blues|Collingwood Magpies,2013-07-05,2013,45048.0,41.0,43580.0,5.0,45048,163
2013-07-06|15|Adelaide Crows|West Coast Eagles,2013-07-06,2013,44377.0,39.0,44216.0,4.0,43672,124
2013-07-06|15|Brisbane Lions|Gold Coast Suns,2013-07-06,2013,43373.0,28.0,43442.0,3.0,43981,125
2013-07-06|15|Geelong Cats|Hawthorn Hawks,2013-07-06,2013,44508.0,36.0,44554.0,3.0,44892,128
2013-07-06|15|Greater Western Sydney Giants|Western Bulldogs,2013-07-06,2013,45058.0,27.0,43516.0,3.0,44919,110
2013-07-06|15|North Melbourne Kangaroos|Richmond Tigers,2013-07-06,2013,43268.0,29.0,45062.0,4.0,43268,124
2013-07-07|15|Essendon Bombers|Port Adelaide Power,2013-07-07,2013,43772.0,36.0,43369.0,5.0,43772,135
2013-07-07|15|Fremantle Dockers|St Kilda Saints,2013-07-07,2013,43858.0,35.0,43330.0,5.0,44516,117
2013-07-07|15|Melbourne Demons|Sydney Swans,2013-07-07,2013,44215.0,33.0,44130.0,4.0,45782,128
2013-07-12|16|Adelaide Crows|Collingwood Magpies,2013-07-12,2013,44673.0,42.0,44330.0,4.0,44673,153
2013-07-13|16|Brisbane Lions|North Melbourne Kangaroos,2013-07-13,2013,43886.0,28.0,44684.0,5.0,44809,134
2013-07-13|16|Carlton Blues|St Kilda Saints,2013-07-13,2013,45582.0,28.0,44028.0,4.0,43302,109
2013-07-13|16|Geelong Cats|Melbourne Demons,2013-07-13,2013,44161.0,33.0,43500.0,2.0,44161,156
2013-07-13|16|Gold Coast Suns|Richmond Tigers,2013-07-13,2013,44371.0,31.0,44127.0,2.0,44686,132
2013-07-13|16|Hawthorn Hawks|Port Adelaide Power,2013-07-13,2013,43406.0,34.0,43955.0,5.0,44966,145
2013-07-14|16|Essendon Bombers|Western Bulldogs,2013-07-14,2013,44281.0,33.0,45263.0,4.0,45263,153
2013-07-14|16|Fremantle Dockers|West Coast Eagles,2013-07-14,2013,43858.0,30.0,43682.0,5.0,43858,131
2013-07-14|16|Greater Western Sydney Giants|Sydney Swans,2013-07-14,2013,44463.0,35.0,43516.0,3.0,44463,132
2013-07-19|17|Carlton Blues|North Melbourne Kangaroos,2013-07-19,2013,45576.0,26.0,45082.0,6.0,44684,112
2013-07-20|17|Brisbane Lions|Melbourne Demons,2013-07-20,2013,44809.0,34.0,43823.0,4.0,44809,120
2013-07-20|17|Collingwood Magpies|Gold Coast Suns,2013-07-20,2013,43262.0,49.0,43442.0,3.0,43262,163
2013-07-20|17|Essendon Bombers|Greater Western Sydney Giants,2013-07-20,2013,43269.0,28.0,43516.0,4.0,45105,110
2013-07-20|17|Hawthorn Hawks|Western Bulldogs,2013-07-20,2013,43940.0,32.0,44825.0,3.0,43614,124
2013-07-20|17|Port Adelaide Power|St Kilda Saints,2013-07-20,2013,44516.0,35.0,43490.0,3.0,44516,140
2013-07-21|17|Adelaide Crows|Geelong Cats,2013-07-21,2013,43735.0,33.0,45283.0,4.0,44027,133
2013-07-21|17|Fremantle Dockers|Richmond Tigers,2013-07-21,2013,43624.0,34.0,44785.0,4.0,44748,146
2013-07-21|17|Sydney Swans|West Coast Eagles,2013-07-21,2013,43982.0,40.0,44216.0,4.0,44377,134
2013-07-26|18|Essendon Bombers|Hawthorn Hawks,2013-07-26,2013,44508.0,31.0,43847.0,8.0,44066,126
2013-07-27|18|Adelaide Crows|Fremantle Dockers,2013-07-27,2013,44955.0,30.0,43858.0,4.0,43858,128
2013-07-27|18|Carlton Blues|Gold Coast Suns,2013-07-27,2013,45863.0,33.0,44028.0,4.0,45863,129
2013-07-27|18|Collingwood Magpies|Greater Western Sydney Giants,2013-07-27,2013,45048.0,39.0,43516.0,7.0,45048,163
2013-07-27|18|Geelong Cats|St Kilda Saints,2013-07-27,2013,45013.0,36.0,44012.0,5.0,44892,136
2013-07-27|18|Melbourne Demons|North Melbourne Kangaroos,2013-07-27,2013,45576.0,35.0,43351.0,4.0,43658,143
2013-07-28|18|Brisbane Lions|Port Adelaide Power,2013-07-28,2013,44809.0,28.0,44879.0,2.0,43406,109
2013-07-28|18|Richmond Tigers|Sydney Swans,2013-07-28,2013,43624.0,30.0,45224.0,4.0,44132,128
2013-07-28|18|West Coast Eagles|Western Bulldogs,2013-07-28,2013,43859.0,31.0,43666.0,4.0,44281,142
2013-08-02|19|Geelong Cats|North Melbourne Kangaroos,2013-08-02,2013,45576.0,37.0,45212.0,4.0,44548,123
2013-08-03|19|Brisbane Lions|St Kilda Saints,2013-08-03,2013,44809.0,39.0,44479.0,3.0,44809,144
2013-08-03|19|Carlton Blues|Fremantle Dockers,2013-08-03,2013,45863.0,31.0,45170.0,4.0,45863,126
2013-08-03|19|Gold Coast Suns|West Coast Eagles,2013-08-03,2013,44731.0,28.0,44216.0,5.0,43634,141
2013-08-03|19|Greater Western Sydney Giants|Melbourne Demons,2013-08-03,2013,45176.0,31.0,43516.0,4.0,45176,138
2013-08-03|19|Hawthorn Hawks|Richmond Tigers,2013-08-03,2013,43624.0,34.0,44785.0,3.0,43624,137
2013-08-04|19|Adelaide Crows|Port Adelaide Power,2013-08-04,2013,43621.0,31.0,45267.0,5.0,44002,120
2013-08-04|19|Collingwood Magpies|Essendon Bombers,2013-08-04,2013,45191.0,31.0,43580.0,5.0,44927,126
2013-08-04|19|Sydney Swans|Western Bulldogs,2013-08-04,2013,43940.0,36.0,45102.0,6.0,44132,140
2013-08-09|20|Hawthorn Hawks|St Kilda Saints,2013-08-09,2013,44516.0,35.0,44825.0,5.0,44754,129
2013-08-10|20|Brisbane Lions|Richmond Tigers,2013-08-10,2013,44809.0,34.0,43605.0,3.0,43790,119
2013-08-10|20|Carlton Blues|Western Bulldogs,2013-08-10,2013,43614.0,31.0,43926.0,4.0,43940,121
2013-08-10|20|Collingwood Magpies|Sydney Swans,2013-08-10,2013,44463.0,35.0,45102.0,6.0,44463,124
2013-08-10|20|Geelong Cats|Port Adelaide Power,2013-08-10,2013,43406.0,30.0,44515.0,7.0,44892,157
2013-08-10|20|Gold Coast Suns|Melbourne Demons,2013-08-10,2013,44186.0,29.0,43463.0,3.0,45047,103
2013-08-11|20|Adelaide Crows|North Melbourne Kangaroos,2013-08-11,2013,45212.0,30.0,43268.0,3.0,44955,145
2013-08-11|20|Essendon Bombers|West Coast Eagles,2013-08-11,2013,45191.0,32.0,44266.0,5.0,43903,128
2013-08-11|20|Fremantle Dockers|Greater Western Sydney Giants,2013-08-11,2013,45176.0,29.0,43516.0,4.0,45176,121
2013-08-16|21|Collingwood Magpies|Hawthorn Hawks,2013-08-16,2013,45048.0,35.0,43847.0,4.0,45048,131
2013-08-17|21|Brisbane Lions|Greater Western Sydney Giants,2013-08-17,2013,43932.0,31.0,44382.0,4.0,43606,118
2013-08-17|21|Carlton Blues|Richmond Tigers,2013-08-17,2013,43713.0,29.0,43535.0,3.0,44448,129
2013-08-17|21|Essendon Bombers|North Melbourne Kangaroos,2013-08-17,2013,43934.0,38.0,45212.0,4.0,44684,134
2013-08-17|21|Geelong Cats|West Coast Eagles,2013-08-17,2013,43349.0,32.0,44892.0,4.0,44161,143
2013-08-17|21|Gold Coast Suns|Port Adelaide Power,2013-08-17,2013,43406.0,35.0,43373.0,3.0,43406,152
2013-08-18|21|Adelaide Crows|Western Bulldogs,2013-08-18,2013,44281.0,30.0,43724.0,6.0,43724,115
2013-08-18|21|Fremantle Dockers|Melbourne Demons,2013-08-18,2013,44553.0,34.0,43330.0,4.0,44668,124
2013-08-18|21|St Kilda Saints|Sydney Swans,2013-08-18,2013,44215.0,38.0,45102.0,5.0,44215,126
2013-08-23|22|Collingwood Magpies|West Coast Eagles,2013-08-23,2013,44673.0,37.0,44761.0,4.0,44818,131
2013-08-24|22|Adelaide Crows|Melbourne Demons,2013-08-24,2013,45089.0,33.0,44164.0,6.0,45089,136
2013-08-24|22|Carlton Blues|Essendon Bombers,2013-08-24,2013,44941.0,28.0,44114.0,3.0,43903,122
2013-08-24|22|Fremantle Dockers|Port Adelaide Power,2013-08-24,2013,43621.0,29.0,43330.0,4.0,44293,136
2013-08-24|22|Geelong Cats|Sydney Swans,2013-08-24,2013,45024.0,37.0,44161.0,4.0,44161,132
2013-08-24|22|Hawthorn Hawks|North Melbourne Kangaroos,2013-08-24,2013,43886.0,28.0,43847.0,5.0,43908,118
2013-08-25|22|Brisbane Lions|Western Bulldogs,2013-08-25,2013,44809.0,33.0,43666.0,3.0,44809,139
2013-08-25|22|Gold Coast Suns|St Kilda Saints,2013-08-25,2013,44516.0,33.0,44501.0,4.0,44786,152
2013-08-25|22|Greater Western Sydney Giants|Richmond Tigers,2013-08-25,2013,44371.0,33.0,43778.0,5.0,44371,132
2013-08-30|23|Hawthorn Hawks|Sydney Swans,2013-08-30,2013,44215.0,33.0,44825.0,4.0,44552,134
2013-08-31|23|Adelaide Crows|West Coast Eagles,2013-08-31,2013,45089.0,33.0,43674.0,3.0,43634,133
2013-08-31|23|Brisbane Lions|Geelong Cats,2013-08-31,2013,44809.0,37.0,44421.0,6.0,44809,140
2013-08-31|23|Carlton Blues|Port Adelaide Power,2013-08-31,2013,43621.0,35.0,43772.0,4.0,43621,143
2013-08-31|23|Essendon Bombers|Richmond Tigers,2013-08-31,2013,43790.0,35.0,43778.0,4.0,45001,149
2013-08-31|23|Fremantle Dockers|St Kilda Saints,2013-08-31,2013,44516.0,47.0,44271.0,3.0,44516,189
2013-09-01|23|Collingwood Magpies|North Melbourne Kangaroos,2013-09-01,2013,43351.0,34.0,43580.0,5.0,45306,141
2013-09-01|23|Gold Coast Suns|Greater Western Sydney Giants,2013-09-01,2013,43262.0,33.0,43262.0,4.0,44731,133
2013-09-01|23|Melbourne Demons|Western Bulldogs,2013-09-01,2013,44281.0,36.0,45196.0,4.0,44281,148
2013-09-06|QF|Hawthorn Hawks|Sydney Swans,2013-09-06,2013,44132.0,32.0,43955.0,3.0,44132,128
2013-09-07|EF|Collingwood Magpies|Port Adelaide Power,2013-09-07,2013,43358.0,29.0,44879.0,3.0,43358,125
2013-09-07|QF|Fremantle Dockers|Geelong Cats,2013-09-07,2013,43344.0,32.0,43344.0,3.0,44994,129
2013-09-08|EF|Carlton Blues|Richmond Tigers,2013-09-08,2013,43884.0,27.0,43750.0,4.0,44558,111
2013-09-13|SF|Geelong Cats|Port Adelaide Power,2013-09-13,2013,44206.0,28.0,45420.0,4.0,44206,113
2013-09-14|SF|Carlton Blues|Sydney Swans,2013-09-14,2013,44463.0,42.0,44651.0,3.0,44463,168
2013-09-20|PF|Geelong Cats|Hawthorn Hawks,2013-09-20,2013,44508.0,38.0,43955.0,4.0,44161,150
2013-09-21|PF|Fremantle Dockers|Sydney Swans,2013-09-21,2013,44463.0,30.0,45170.0,3.0,44463,122
2013-09-28|GF|Fremantle Dockers|Hawthorn Hawks,2013-09-28,2013,43858.0,28.0,43955.0,4.0,44553,119
2014-03-14|1|Collingwood Magpies|Fremantle Dockers,2014-03-14,2014,43358.0,31.0,43330.0,3.0,43344,134
2014-03-15|1|Gold Coast Suns|Richmond Tigers,2014-03-15,2014,43262.0,41.0,43262.0,2.0,43262,141
2014-03-15|1|Greater Western Sydney Giants|Sydney Swans,2014-03-15,2014,45112.0,34.0,43516.0,4.0,43606,130
2014-03-16|1|Carlton Blues|Port Adelaide Power,2014-03-16,2014,43621.0,30.0,45214.0,5.0,45268,136
2014-03-20|1|Adelaide Crows|Geelong Cats,2014-03-20,2014,44892.0,34.0,43349.0,4.0,44892,132
2014-03-21|1|Essendon Bombers|North Melbourne Kangaroos,2014-03-21,2014,45191.0,38.0,45082.0,4.0,45191,153
2014-03-22|1|Brisbane Lions|Hawthorn Hawks,2014-03-22,2014,43392.0,31.0,43444.0,5.0,44279,111
2014-03-22|1|Melbourne Demons|St Kilda Saints,2014-03-22,2014,44176.0,39.0,44786.0,3.0,44186,147
2014-03-23|1|West Coast Eagles|Western Bulldogs,2014-03-23,2014,44818.0,34.0,44266.0,5.0,44266,139
2014-03-27|2|Carlton Blues|Richmond Tigers,2014-03-27,2014,44558.0,28.0,45148.0,4.0,43660,117
2014-03-28|2|Essendon Bombers|Hawthorn Hawks,2014-03-28,2014,43488.0,30.0,43284.0,3.0,43488,123
2014-03-29|2|Adelaide Crows|Port Adelaide Power,2014-03-29,2014,43621.0,33.0,43383.0,4.0,43621,136
2014-03-29|2|Collingwood Magpies|Sydney Swans,2014-03-29,2014,44673.0,33.0,43788.0,3.0,44673,152
2014-03-29|2|Fremantle Dockers|Gold Coast Suns,2014-03-29,2014,44553.0,33.0,43344.0,2.0,43344,130
2014-03-29|2|Greater Western Sydney Giants|St Kilda Saints,2014-03-29,2014,43302.0,29.0,44786.0,5.0,44786,148
2014-03-30|2|Brisbane Lions|Geelong Cats,2014-03-30,2014,43981.0,32.0,44382.0,4.0,44161,153
2014-03-30|2|Melbourne Demons|West Coast Eagles,2014-03-30,2014,44186.0,34.0,44216.0,4.0,44186,129
2014-03-30|2|North Melbourne Kangaroos|Western Bulldogs,2014-03-30,2014,44857.0,32.0,45576.0,3.0,45576,118
2014-04-04|3|Fremantle Dockers|Hawthorn Hawks,2014-04-04,2014,44279.0,37.0,45793.0,4.0,44966,142
2014-04-05|3|Adelaide Crows|Sydney Swans,2014-04-05,2014,44215.0,28.0,43847.0,4.0,44651,121
2014-04-05|3|Brisbane Lions|Gold Coast Suns,2014-04-05,2014,43262.0,38.0,43706.0,4.0,44809,157
2014-04-05|3|Collingwood Magpies|Geelong Cats,2014-04-05,2014,44892.0,30.0,43788.0,5.0,44927,126
2014-04-05|3|Richmond Tigers|Western Bulldogs,2014-04-05,2014,43428.0,29.0,44785.0,4.0,44343,131
2014-04-05|3|St Kilda Saints|West Coast Eagles,2014-04-05,2014,43760.0,29.0,43640.0,2.0,43760,113
2014-04-06|3|Carlton Blues|Essendon Bombers,2014-04-06,2014,44480.0,35.0,45263.0,4.0,45420,134
2014-04-06|3|Greater Western Sydney Giants|Melbourne Demons,2014-04-06,2014,45112.0,33.0,43516.0,2.0,45112,159
2014-04-06|3|North Melbourne Kangaroos|Port Adelaide Power,2014-04-06,2014,43934.0,34.0,44879.0,3.0,43934,147
2014-04-11|4|Collingwood Magpies|Richmond Tigers,2014-04-11,2014,43358.0,30.0,43358.0,3.0,43358,131
2014-04-12|4|Brisbane Lions|Port Adelaide Power,2014-04-12,2014,43406.0,41.0,44879.0,7.0,43772,152
2014-04-12|4|Carlton Blues|Melbourne Demons,2014-04-12,2014,43660.0,33.0,43323.0,2.0,43660,147
2014-04-12|4|Geelong Cats|West Coast Eagles,2014-04-12,2014,45024.0,38.0,44012.0,3.0,44161,168
2014-04-12|4|Gold Coast Suns|Hawthorn Hawks,2014-04-12,2014,44508.0,36.0,43955.0,5.0,43955,138
2014-04-12|4|Greater Western Sydney Giants|Western Bulldogs,2014-04-12,2014,43428.0,39.0,43638.0,4.0,44343,134
2014-04-13|4|Adelaide Crows|St Kilda Saints,2014-04-13,2014,45089.0,32.0,44144.0,4.0,44955,131
2014-04-13|4|Essendon Bombers|Fremantle Dockers,2014-04-13,2014,44033.0,35.0,45793.0,3.0,44033,144
2014-04-13|4|North Melbourne Kangaroos|Sydney Swans,2014-04-13,2014,44215.0,33.0,43397.0,3.0,43268,127
2014-04-17|5|Brisbane Lions|Richmond Tigers,2014-04-17,2014,43624.0,32.0,44785.0,4.0,43624,138
2014-04-19|5|Collingwood Magpies|North Melbourne Kangaroos,2014-04-19,2014,45048.0,35.0,43580.0,4.0,45048,145
2014-04-19|5|Essendon Bombers|St Kilda Saints,2014-04-19,2014,45582.0,32.0,44786.0,5.0,44516,135
2014-04-19|5|Fremantle Dockers|Sydney Swans,2014-04-19,2014,44215.0,38.0,43847.0,4.0,44415,153
2014-04-19|5|Port Adelaide Power|West Coast Eagles,2014-04-19,2014,44377.0,30.0,43682.0,2.0,44377,128
2014-04-20|5|Adelaide Crows|Greater Western Sydney Giants,2014-04-20,2014,45089.0,38.0,43674.0,5.0,43674,149
2014-04-20|5|Carlton Blues|Western Bulldogs,2014-04-20,2014,43884.0,29.0,44028.0,5.0,44558,141
2014-04-20|5|Gold Coast Suns|Melbourne Demons,2014-04-20,2014,43262.0,32.0,43262.0,2.0,43262,119
2014-04-21|5|Geelong Cats|Hawthorn Hawks,2014-04-21,2014,44161.0,29.0,44012.0,5.0,44161,139
2014-04-25|6|Brisbane Lions|St Kilda Saints,2014-04-25,2014,44516.0,37.0,44176.0,2.0,44516,158
2014-04-25|6|Collingwood Magpies|Essendon Bombers,2014-04-25,2014,44033.0,33.0,45048.0,4.0,45001,143
2014-04-25|6|Fremantle Dockers|North Melbourne Kangaroos,2014-04-25,2014,43858.0,33.0,43858.0,2.0,43886,134
2014-04-26|6|Carlton Blues|West Coast Eagles,2014-04-26,2014,44448.0,32.0,43872.0,3.0,44558,146
2014-04-26|6|Gold Coast Suns|Greater Western Sydney Giants,2014-04-26,2014,44731.0,32.0,44331.0,5.0,43262,122
2014-04-26|6|Melbourne Demons|Sydney Swans,2014-04-26,2014,43982.0,34.0,44132.0,2.0,44186,135
2014-04-27|6|Adelaide Crows|Western Bulldogs,2014-04-27,2014,43428.0,33.0,43724.0,3.0,44281,111
2014-04-27|6|Geelong Cats|Port Adelaide Power,2014-04-27,2014,43621.0,33.0,44012.0,3.0,44002,122
2014-04-27|6|Hawthorn Hawks|Richmond Tigers,2014-04-27,2014,44508.0,36.0,44789.0,4.0,44508,142
2014-05-02|7|Carlton Blues|Collingwood Magpies,2014-05-02,2014,45048.0,32.0,43358.0,4.0,43788,115
2014-05-03|7|Adelaide Crows|Melbourne Demons,2014-05-03,2014,44961.0,30.0,43698.0,3.0,44134,110
2014-05-03|7|Brisbane Lions|Sydney Swans,2014-05-03,2014,44463.0,35.0,45548.0,3.0,44809,141
2014-05-03|7|Essendon Bombers|Western Bulldogs,2014-05-03,2014,43666.0,32.0,43666.0,2.0,43666,120
2014-05-03|7|Greater Western Sydney Giants|Port Adelaide Power,2014-05-03,2014,45176.0,40.0,44879.0,6.0,45176,162
2014-05-03|7|Hawthorn Hawks|St Kilda Saints,2014-05-03,2014,44516.0,39.0,43444.0,4.0,44516,151
2014-05-04|7|Fremantle Dockers|West Coast Eagles,2014-05-04,2014,44585.0,32.0,43563.0,3.0,43748,118
2014-05-04|7|Geelong Cats|Richmond Tigers,2014-05-04,2014,44127.0,34.0,44291.0,3.0,44161,126
2014-05-04|7|Gold Coast Suns|North Melbourne Kangaroos,2014-05-04,2014,43886.0,30.0,43262.0,4.0,43986,138
2014-05-09|8|Hawthorn Hawks|Sydney Swans,2014-05-09,2014,43982.0,40.0,45102.0,4.0,43982,143
2014-05-10|8|Brisbane Lions|Essendon Bombers,2014-05-10,2014,44033.0,36.0,43935.0,3.0,45191,149
2014-05-10|8|Fremantle Dockers|Port Adelaide Power,2014-05-10,2014,43858.0,34.0,45267.0,5.0,43858,130
2014-05-10|8|Melbourne Demons|Western Bulldogs,2014-05-10,2014,44281.0,27.0,43638.0,4.0,44281,146
2014-05-11|8|Greater Western Sydney Giants|West Coast Eagles,2014-05-11,2014,43932.0,33.0,44216.0,11.0,44216,160
2014-05-12|8|Carlton Blues|St Kilda Saints,2014-05-12,2014,43884.0,38.0,44786.0,4.0,44941,145
2014-05-15|9|Adelaide Crows|Collingwood Magpies,2014-05-15,2014,44673.0,33.0,44144.0,4.0,43674,135
2014-05-16|9|Essendon Bombers|Sydney Swans,2014-05-16,2014,44215.0,39.0,43847.0,5.0,44215,139
2014-05-17|9|Brisbane Lions|North Melbourne Kangaroos,2014-05-17,2014,45576.0,39.0,45082.0,4.0,45576,144
2014-05-17|9|Fremantle Dockers|Geelong Cats,2014-05-17,2014,44892.0,35.0,43330.0,3.0,44892,138
2014-05-17|9|Melbourne Demons|Richmond Tigers,2014-05-17,2014,44186.0,33.0,45196.0,3.0,45196,118
2014-05-18|9|Gold Coast Suns|St Kilda Saints,2014-05-18,2014,43262.0,37.0,43262.0,4.0,44593,130
2014-05-23|10|Geelong Cats|North Melbourne Kangaroos,2014-05-23,2014,44206.0,33.0,44012.0,4.0,43349,155
2014-05-24|10|Collingwood Magpies|West Coast Eagles,2014-05-24,2014,44673.0,32.0,43398.0,3.0,44733,137
2014-05-24|10|Greater Western Sydney Giants|Richmond Tigers,2014-05-24,2014,43713.0,34.0,44785.0,11.0,44785,156
2014-05-24|10|Hawthorn Hawks|Port Adelaide Power,2014-05-24,2014,44279.0,38.0,44515.0,4.0,44279,136
2014-05-25|10|Adelaide Crows|Carlton Blues,2014-05-25,2014,44941.0,32.0,43383.0,4.0,44941,143
2014-05-25|10|Gold Coast Suns|Western Bulldogs,2014-05-25,2014,44731.0,35.0,43728.0,4.0,43988,119
2014-05-29|11|Geelong Cats|Sydney Swans,2014-05-29,2014,44355.0,37.0,45102.0,5.0,44355,143
2014-05-30|11|Collingwood Magpies|St Kilda Saints,2014-05-30,2014,43358.0,33.0,43580.0,5.0,43580,150
2014-05-31|11|Brisbane Lions|Carlton Blues,2014-05-31,2014,44558.0,38.0,43872.0,3.0,44558,153
2014-05-31|11|Essendon Bombers|Richmond Tigers,2014-05-31,2014,45304.0,31.0,44099.0,5.0,45304,131
2014-05-31|11|Melbourne Demons|Port Adelaide Power,2014-05-31,2014,43621.0,30.0,43323.0,2.0,45131,117
2014-06-01|11|Adelaide Crows|Gold Coast Suns,2014-06-01,2014,45047.0,37.0,45161.0,5.0,44731,130
2014-06-01|11|Fremantle Dockers|Western Bulldogs,2014-06-01,2014,44281.0,31.0,44051.0,4.0,43344,134
2014-06-01|11|Greater Western Sydney Giants|Hawthorn Hawks,2014-06-01,2014,45112.0,32.0,43955.0,4.0,44964,137
2014-06-01|11|North Melbourne Kangaroos|West Coast Eagles,2014-06-01,2014,44857.0,34.0,43268.0,2.0,44733,143
2014-06-06|12|Carlton Blues|Geelong Cats,2014-06-06,2014,43884.0,29.0,43884.0,4.0,43884,139
2014-06-07|12|Brisbane Lions|Western Bulldogs,2014-06-07,2014,43385.0,30.0,43883.0,2.0,44343,139
2014-06-07|12|Essendon Bombers|Greater Western Sydney Giants,2014-06-07,2014,45304.0,34.0,43678.0,3.0,45304,132
2014-06-07|12|Hawthorn Hawks|West Coast Eagles,2014-06-07,2014,44279.0,30.0,44825.0,8.0,44825,163
2014-06-07|12|Port Adelaide Power|St Kilda Saints,2014-06-07,2014,44002.0,36.0,43927.0,4.0,44002,138
2014-06-08|12|Adelaide Crows|Fremantle Dockers,2014-06-08,2014,44553.0,32.0,43512.0,3.0,44856,123
2014-06-08|12|Gold Coast Suns|Sydney Swans,2014-06-08,2014,43262.0,37.0,43657.0,4.0,43262,146
2014-06-08|12|North Melbourne Kangaroos|Richmond Tigers,2014-06-08,2014,44089.0,30.0,44371.0,4.0,43908,130
2014-06-09|12|Collingwood Magpies|Melbourne Demons,2014-06-09,2014,44186.0,29.0,43358.0,2.0,45149,120
2014-06-13|13|Carlton Blues|Hawthorn Hawks,2014-06-13,2014,43529.0,32.0,43535.0,4.0,43529,122
2014-06-14|13|Adelaide Crows|North Melbourne Kangaroos,2014-06-14,2014,43934.0,32.0,44220.0,4.0,45576,126
2014-06-14|13|Brisbane Lions|Greater Western Sydney Giants,2014-06-14,2014,45230.0,32.0,43516.0,4.0,45176,129
2014-06-14|13|Fremantle Dockers|Richmond Tigers,2014-06-14,2014,43858.0,33.0,43330.0,6.0,43836,114
2014-06-14|13|Gold Coast Suns|West Coast Eagles,2014-06-14,2014,44731.0,38.0,44216.0,7.0,44731,139
2014-06-14|13|Port Adelaide Power|Sydney Swans,2014-06-14,2014,43772.0,40.0,43847.0,5.0,43772,136
2014-06-15|13|Collingwood Magpies|Western Bulldogs,2014-06-15,2014,44281.0,34.0,43580.0,6.0,44281,126
2014-06-15|13|Essendon Bombers|Melbourne Demons,2014-06-15,2014,43903.0,31.0,45304.0,4.0,43903,157
2014-06-15|13|Geelong Cats|St Kilda Saints,2014-06-15,2014,45024.0,36.0,43753.0,3.0,43349,148
2014-06-20|14|Richmond Tigers|Sydney Swans,2014-06-20,2014,44371.0,36.0,43847.0,4.0,44371,128
2014-06-21|14|Adelaide Crows|Essendon Bombers,2014-06-21,2014,45089.0,41.0,44144.0,4.0,45089,149
2014-06-21|14|Brisbane Lions|Fremantle Dockers,2014-06-21,2014,44809.0,45.0,43330.0,5.0,44809,172
2014-06-21|14|Collingwood Magpies|Hawthorn Hawks,2014-06-21,2014,44673.0,35.0,43580.0,5.0,44279,120
2014-06-21|14|Geelong Cats|Gold Coast Suns,2014-06-21,2014,43262.0,33.0,43373.0,6.0,43373,155
2014-06-21|14|Port Adelaide Power|Western Bulldogs,2014-06-21,2014,43406.0,30.0,44879.0,8.0,44879,158
2014-06-22|14|Carlton Blues|Greater Western Sydney Giants,2014-06-22,2014,44807.0,31.0,44476.0,3.0,44552,139
2014-06-22|14|Melbourne Demons|North Melbourne Kangaroos,2014-06-22,2014,45149.0,36.0,43698.0,3.0,45149,169
2014-06-22|14|St Kilda Saints|West Coast Eagles,2014-06-22,2014,44818.0,37.0,43390.0,3.0,43390,119
2014-06-27|15|Essendon Bombers|Geelong Cats,2014-06-27,2014,44033.0,40.0,44012.0,3.0,44033,152
2014-06-28|15|Brisbane Lions|North Melbourne Kangaroos,2014-06-28,2014,43981.0,34.0,44684.0,4.0,43275,140
2014-06-28|15|Fremantle Dockers|West Coast Eagles,2014-06-28,2014,44051.0,32.0,43330.0,3.0,44051,145
2014-06-28|15|Gold Coast Suns|Hawthorn Hawks,2014-06-28,2014,43262.0,45.0,43444.0,3.0,43262,157
2014-06-28|15|Greater Western Sydney Giants|Sydney Swans,2014-06-28,2014,44132.0,32.0,43847.0,5.0,44215,136
2014-06-28|15|Richmond Tigers|St Kilda Saints,2014-06-28,2014,43790.0,36.0,43624.0,5.0,43624,138
2014-06-29|15|Adelaide Crows|Port Adelaide Power,2014-06-29,2014,45089.0,34.0,43383.0,4.0,45089,141
2014-06-29|15|Carlton Blues|Collingwood Magpies,2014-06-29,2014,44927.0,33.0,43334.0,2.0,44927,147
2014-06-29|15|Melbourne Demons|Western Bulldogs,2014-06-29,2014,43428.0,32.0,45033.0,4.0,43428,125
2014-07-04|16|Hawthorn Hawks|North Melbourne Kangaroos,2014-07-04,2014,44857.0,36.0,43955.0,6.0,43934,131
2014-07-05|16|Adelaide Crows|Greater Western Sydney Giants,2014-07-05,2014,44955.0,32.0,43383.0,5.0,44955,143
2014-07-05|16|Brisbane Lions|Richmond Tigers,2014-07-05,2014,43624.0,37.0,45148.0,4.0,44809,137
2014-07-05|16|Collingwood Magpies|Gold Coast Suns,2014-07-05,2014,45047.0,31.0,43706.0,4.0,44631,116
2014-07-05|16|Essendon Bombers|Port Adelaide Power,2014-07-05,2014,45304.0,30.0,44879.0,3.0,45304,118
2014-07-05|16|Fremantle Dockers|Melbourne Demons,2014-07-05,2014,44585.0,30.0,43330.0,3.0,43344,134
2014-07-06|16|Carlton Blues|St Kilda Saints,2014-07-06,2014,45158.0,28.0,43535.0,4.0,43801,123
2014-07-06|16|Geelong Cats|Western Bulldogs,2014-07-06,2014,44281.0,32.0,43414.0,2.0,44161,131
2014-07-06|16|Sydney Swans|West Coast Eagles,2014-07-06,2014,44651.0,33.0,45548.0,3.0,44651,125
2014-07-11|17|Adelaide Crows|Hawthorn Hawks,2014-07-11,2014,43674.0,41.0,44144.0,5.0,43674,132
2014-07-12|17|Brisbane Lions|West Coast Eagles,2014-07-12,2014,44924.0,30.0,43935.0,2.0,44375,113
2014-07-12|17|Carlton Blues|Sydney Swans,2014-07-12,2014,44215.0,41.0,43847.0,6.0,44215,130
2014-07-12|17|Geelong Cats|Melbourne Demons,2014-07-12,2014,44892.0,31.0,44012.0,3.0,44161,130
2014-07-12|17|Gold Coast Suns|Western Bulldogs,2014-07-12,2014,44343.0,38.0,43728.0,3.0,44343,168
2014-07-12|17|North Melbourne Kangaroos|St Kilda Saints,2014-07-12,2014,45286.0,30.0,43302.0,2.0,43302,153
2014-07-13|17|Collingwood Magpies|Essendon Bombers,2014-07-13,2014,45001.0,32.0,43527.0,4.0,43527,163
2014-07-13|17|Fremantle Dockers|Greater Western Sydney Giants,2014-07-13,2014,43932.0,35.0,43330.0,5.0,45176,125
2014-07-13|17|Port Adelaide Power|Richmond Tigers,2014-07-13,2014,43406.0,39.0,43927.0,4.0,43406,132
2014-07-18|18|Carlton Blues|North Melbourne Kangaroos,2014-07-18,2014,43884.0,27.0,44028.0,6.0,45157,135
2014-07-19|18|Fremantle Dockers|St Kilda Saints,2014-07-19,2014,44786.0,30.0,44786.0,4.0,44786,164
2014-07-19|18|Geelong Cats|Greater Western Sydney Giants,2014-07-19,2014,44892.0,39.0,44161.0,3.0,44161,145
2014-07-20|18|Essendon Bombers|Western Bulldogs,2014-07-20,2014,44343.0,27.0,43527.0,8.0,43527,165
2014-07-20|18|Melbourne Demons|Port Adelaide Power,2014-07-20,2014,45131.0,32.0,44879.0,2.0,45131,130
2014-07-25|18|Richmond Tigers|West Coast Eagles,2014-07-25,2014,43790.0,27.0,43682.0,2.0,44733,147
2014-07-26|18|Brisbane Lions|Gold Coast Suns,2014-07-26,2014,44809.0,47.0,43935.0,3.0,44809,190
2014-07-26|18|Hawthorn Hawks|Sydney Swans,2014-07-26,2014,44279.0,35.0,44825.0,4.0,44415,130
2014-07-27|18|Adelaide Crows|Collingwood Magpies,2014-07-27,2014,44927.0,32.0,43580.0,3.0,44927,123
2014-07-31|19|Carlton Blues|Fremantle Dockers,2014-07-31,2014,45079.0,29.0,43330.0,3.0,43344,124
2014-08-01|19|Essendon Bombers|Sydney Swans,2014-08-01,2014,44651.0,35.0,44415.0,2.0,44739,119
2014-08-02|19|Adelaide Crows|West Coast Eagles,2014-08-02,2014,43859.0,31.0,44216.0,5.0,44216,126
2014-08-02|19|Geelong Cats|North Melbourne Kangaroos,2014-08-02,2014,43551.0,29.0,43753.0,3.0,44892,137
2014-08-02|19|Gold Coast Suns|St Kilda Saints,2014-08-02,2014,44731.0,31.0,44331.0,4.0,45582,115
2014-08-02|19|Greater Western Sydney Giants|Richmond Tigers,2014-08-02,2014,43790.0,34.0,43429.0,2.0,43713,125
2014-08-03|19|Brisbane Lions|Melbourne Demons,2014-08-03,2014,44809.0,32.0,44461.0,3.0,43270,115
2014-08-03|19|Collingwood Magpies|Port Adelaide Power,2014-08-03,2014,43358.0,32.0,44002.0,4.0,44927,142
2014-08-03|19|Hawthorn Hawks|Western Bulldogs,2014-08-03,2014,45767.0,32.0,44825.0,6.0,44918,117
2014-08-08|20|Essendon Bombers|Richmond Tigers,2014-08-08,2014,44033.0,32.0,43527.0,2.0,44033,129
2014-08-09|20|Carlton Blues|Gold Coast Suns,2014-08-09,2014,43884.0,28.0,45157.0,5.0,45157,134
2014-08-09|20|Fremantle Dockers|Geelong Cats,2014-08-09,2014,43344.0,33.0,43349.0,3.0,43344,137
2014-08-09|20|Greater Western Sydney Giants|North Melbourne Kangaroos,2014-08-09,2014,43932.0,35.0,44684.0,5.0,43658,130
2014-08-09|20|Hawthorn Hawks|Melbourne Demons,2014-08-09,2014,44279.0,34.0,44825.0,5.0,44279,144
2014-08-09|20|Port Adelaide Power|Sydney Swans,2014-08-09,2014,44215.0,34.0,43657.0,3.0,43406,144
2014-08-10|20|Adelaide Crows|Brisbane Lions,2014-08-10,2014,44809.0,40.0,45161.0,6.0,44809,180
2014-08-10|20|Collingwood Magpies|West Coast Eagles,2014-08-10,2014,44733.0,37.0,43682.0,4.0,44733,146
2014-08-10|20|St Kilda Saints|Western Bulldogs,2014-08-10,2014,43614.0,25.0,45033.0,4.0,43614,106
2014-08-15|21|Carlton Blues|Geelong Cats,2014-08-15,2014,43529.0,32.0,44544.0,3.0,43504,108
2014-08-16|21|Adelaide Crows|Richmond Tigers,2014-08-16,2014,43790.0,31.0,43383.0,2.0,43624,118
2014-08-16|21|Brisbane Lions|Collingwood Magpies,2014-08-16,2014,44809.0,43.0,43851.0,4.0,44809,165
2014-08-16|21|Essendon Bombers|West Coast Eagles,2014-08-16,2014,44033.0,39.0,43640.0,3.0,44033,120
2014-08-16|21|Gold Coast Suns|Port Adelaide Power,2014-08-16,2014,43373.0,27.0,43373.0,2.0,44293,145
2014-08-16|21|St Kilda Saints|Sydney Swans,2014-08-16,2014,44651.0,33.0,43847.0,9.0,43847,157
2014-08-17|21|Fremantle Dockers|Hawthorn Hawks,2014-08-17,2014,44279.0,44.0,45793.0,5.0,44279,156
2014-08-17|21|Greater Western Sydney Giants|Melbourne Demons,2014-08-17,2014,43481.0,33.0,44646.0,4.0,44964,147
2014-08-17|21|North Melbourne Kangaroos|Western Bulldogs,2014-08-17,2014,43886.0,31.0,43658.0,4.0,45046,129
2014-08-22|22|Carlton Blues|Port Adelaide Power,2014-08-22,2014,43884.0,29.0,43927.0,4.0,43927,137
2014-08-23|22|Adelaide Crows|North Melbourne Kangaroos,2014-08-23,2014,44857.0,28.0,45306.0,4.0,45306,132
2014-08-23|22|Collingwood Magpies|Greater Western Sydney Giants,2014-08-23,2014,43932.0,42.0,45081.0,3.0,43932,165
2014-08-23|22|Essendon Bombers|Gold Coast Suns,2014-08-23,2014,43903.0,28.0,44331.0,4.0,43903,137
2014-08-23|22|Geelong Cats|Hawthorn Hawks,2014-08-23,2014,43753.0,37.0,43963.0,3.0,43753,116
2014-08-23|22|Melbourne Demons|West Coast Eagles,2014-08-23,2014,44377.0,32.0,44216.0,4.0,44266,133
2014-08-24|22|Brisbane Lions|Fremantle Dockers,2014-08-24,2014,44809.0,45.0,43330.0,3.0,44809,154
2014-08-24|22|Richmond Tigers|St Kilda Saints,2014-08-24,2014,43543.0,29.0,44785.0,6.0,44686,128
2014-08-24|22|Sydney Swans|Western Bulldogs,2014-08-24,2014,44463.0,33.0,43847.0,6.0,44651,128
2014-08-29|23|Collingwood Magpies|Hawthorn Hawks,2014-08-29,2014,43887.0,36.0,43955.0,5.0,44279,149
2014-08-30|23|Brisbane Lions|Geelong Cats,2014-08-30,2014,43753.0,35.0,44012.0,7.0,44892,139
2014-08-30|23|Carlton Blues|Essendon Bombers,2014-08-30,2014,44448.0,30.0,45193.0,4.0,44448,122
2014-08-30|23|Fremantle Dockers|Port Adelaide Power,2014-08-30,2014,44585.0,34.0,44879.0,6.0,44585,124
2014-08-30|23|Melbourne Demons|North Melbourne Kangaroos,2014-08-30,2014,44186.0,27.0,45127.0,4.0,45131,113
2014-08-30|23|Richmond Tigers|Sydney Swans,2014-08-30,2014,43982.0,33.0,44785.0,4.0,43982,143
2014-08-31|23|Adelaide Crows|St Kilda Saints,2014-08-31,2014,44961.0,34.0,43383.0,5.0,44955,130
2014-08-31|23|Gold Coast Suns|West Coast Eagles,2014-08-31,2014,44793.0,34.0,44216.0,8.0,44793,133
2014-08-31|23|Greater Western Sydney Giants|Western Bulldogs,2014-08-31,2014,43940.0,33.0,44086.0,5.0,43940,144
2014-09-05|QF|Geelong Cats|Hawthorn Hawks,2014-09-05,2014,44508.0,36.0,43955.0,3.0,44892,133
2014-09-06|EF|Essendon Bombers|North Melbourne Kangaroos,2014-09-06,2014,44033.0,34.0,43460.0,4.0,43934,133
2014-09-06|QF|Fremantle Dockers|Sydney Swans,2014-09-06,2014,44651.0,32.0,45793.0,4.0,44651,119
2014-09-07|EF|Port Adelaide Power|Richmond Tigers,2014-09-07,2014,43713.0,29.0,44582.0,3.0,43713,107
2014-09-12|SF|Geelong Cats|North Melbourne Kangaroos,2014-09-12,2014,43886.0,35.0,44012.0,5.0,44857,141
2014-09-13|SF|Fremantle Dockers|Port Adelaide Power,2014-09-13,2014,44002.0,33.0,43927.0,4.0,43858,124
2014-09-19|PF|North Melbourne Kangaroos|Sydney Swans,2014-09-19,2014,43658.0,28.0,43847.0,5.0,43847,137
2014-09-20|PF|Hawthorn Hawks|Port Adelaide Power,2014-09-20,2014,43406.0,33.0,44825.0,6.0,44066,134
2014-09-27|GF|Hawthorn Hawks|Sydney Swans,2014-09-27,2014,44279.0,37.0,44825.0,5.0,44066,157
2015-04-02|1|Carlton Blues|Richmond Tigers,2015-04-02,2015,44113.0,27.0,44785.0,4.0,43790,121
2015-04-04|1|Brisbane Lions|Collingwood Magpies,2015-04-04,2015,43358.0,33.0,43398.0,2.0,44782,111
2015-04-04|1|Essendon Bombers|Sydney Swans,2015-04-04,2015,44651.0,35.0,43614.0,3.0,44033,111
2015-04-04|1|Gold Coast Suns|Melbourne Demons,2015-04-04,2015,44731.0,29.0,45196.0,3.0,44410,125
2015-04-04|1|West Coast Eagles|Western Bulldogs,2015-04-04,2015,43428.0,33.0,43640.0,5.0,44418,114
2015-04-05|1|Adelaide Crows|North Melbourne Kangaroos,2015-04-05,2015,43735.0,31.0,45161.0,6.0,45161,146
2015-04-05|1|Fremantle Dockers|Port Adelaide Power,2015-04-05,2015,43772.0,34.0,45793.0,4.0,43772,163
2015-04-05|1|Greater Western Sydney Giants|St Kilda Saints,2015-04-05,2015,45112.0,32.0,43516.0,4.0,45112,119
2015-04-06|1|Geelong Cats|Hawthorn Hawks,2015-04-06,2015,44279.0,35.0,43444.0,5.0,44279,156
2015-04-10|2|Carlton Blues|West Coast Eagles,2015-04-10,2015,43859.0,28.0,44216.0,10.0,44216,141
2015-04-11|2|Adelaide Crows|Collingwood Magpies,2015-04-11,2015,44643.0,33.0,43398.0,3.0,44134,119
2015-04-11|2|Gold Coast Suns|St Kilda Saints,2015-04-11,2015,43302.0,36.0,43470.0,6.0,43470,112
2015-04-11|2|Greater Western Sydney Giants|Melbourne Demons,2015-04-11,2015,44208.0,27.0,44392.0,3.0,44919,136
2015-04-11|2|Port Adelaide Power|Sydney Swans,2015-04-11,2015,44215.0,36.0,43847.0,3.0,44707,128
2015-04-11|2|Richmond Tigers|Western Bulldogs,2015-04-11,2015,44371.0,31.0,43724.0,4.0,43414,133
2015-04-12|2|Brisbane Lions|North Melbourne Kangaroos,2015-04-12,2015,43886.0,33.0,45157.0,7.0,43908,153
2015-04-12|2|Essendon Bombers|Hawthorn Hawks,2015-04-12,2015,44033.0,34.0,43678.0,3.0,44033,129
2015-04-12|2|Fremantle Dockers|Geelong Cats,2015-04-12,2015,44553.0,39.0,43344.0,3.0,44553,151
2015-04-17|3|Collingwood Magpies|St Kilda Saints,2015-04-17,2015,45048.0,39.0,43580.0,5.0,45048,144
2015-04-18|3|Adelaide Crows|Melbourne Demons,2015-04-18,2015,44955.0,31.0,45161.0,3.0,44337,130
2015-04-18|3|Brisbane Lions|Richmond Tigers,2015-04-18,2015,43624.0,37.0,44785.0,4.0,43358,126
2015-04-18|3|Carlton Blues|Essendon Bombers,2015-04-18,2015,45191.0,36.0,43678.0,3.0,45191,140
2015-04-18|3|Greater Western Sydney Giants|Sydney Swans,2015-04-18,2015,45230.0,37.0,43847.0,5.0,45230,128
2015-04-18|3|North Melbourne Kangaroos|Port Adelaide Power,2015-04-18,2015,44133.0,30.0,44879.0,4.0,45046,119
2015-04-19|3|Fremantle Dockers|West Coast Eagles,2015-04-19,2015,44585.0,42.0,44266.0,5.0,44585,162
2015-04-19|3|Geelong Cats|Gold Coast Suns,2015-04-19,2015,44892.0,38.0,45160.0,4.0,44892,137
2015-04-19|3|Hawthorn Hawks|Western Bulldogs,2015-04-19,2015,44066.0,44.0,44825.0,7.0,44066,159
2015-04-24|4|Melbourne Demons|Richmond Tigers,2015-04-24,2015,44491.0,25.0,43698.0,2.0,45141,106
2015-04-25|4|Carlton Blues|St Kilda Saints,2015-04-25,2015,44558.0,34.0,44028.0,5.0,43642,137
2015-04-25|4|Collingwood Magpies|Essendon Bombers,2015-04-25,2015,44033.0,33.0,43580.0,2.0,44033,138
2015-04-25|4|Fremantle Dockers|Sydney Swans,2015-04-25,2015,43982.0,31.0,45793.0,3.0,44463,118
2015-04-25|4|Gold Coast Suns|Greater Western Sydney Giants,2015-04-25,2015,44919.0,39.0,44392.0,5.0,44919,135
2015-04-25|4|Hawthorn Hawks|Port Adelaide Power,2015-04-25,2015,44279.0,36.0,44879.0,5.0,44966,151
2015-04-26|4|Adelaide Crows|Western Bulldogs,2015-04-26,2015,45089.0,38.0,45033.0,6.0,45089,125
2015-04-26|4|Brisbane Lions|West Coast Eagles,2015-04-26,2015,43665.0,32.0,44050.0,3.0,43493,135
2015-04-26|4|Geelong Cats|North Melbourne Kangaroos,2015-04-26,2015,45286.0,32.0,43569.0,3.0,43908,131
2015-05-01|5|Carlton Blues|Collingwood Magpies,2015-05-01,2015,44673.0,32.0,43580.0,2.0,44643,136
2015-05-02|5|Brisbane Lions|Gold Coast Suns,2015-05-02,2015,44756.0,33.0,43728.0,6.0,44756,131
2015-05-02|5|Geelong Cats|Richmond Tigers,2015-05-02,2015,43790.0,33.0,44012.0,3.0,44089,146
2015-05-02|5|Greater Western Sydney Giants|West Coast Eagles,2015-05-02,2015,44919.0,36.0,44216.0,6.0,44377,127
2015-05-02|5|Hawthorn Hawks|North Melbourne Kangaroos,2015-05-02,2015,44508.0,33.0,43444.0,4.0,43955,138
2015-05-02|5|Sydney Swans|Western Bulldogs,2015-05-02,2015,43982.0,37.0,43847.0,3.0,44699,143
2015-05-03|5|Adelaide Crows|Port Adelaide Power,2015-05-03,2015,43406.0,33.0,43383.0,5.0,43772,139
2015-05-03|5|Essendon Bombers|St Kilda Saints,2015-05-03,2015,43302.0,35.0,43470.0,5.0,43302,129
2015-05-03|5|Fremantle Dockers|Melbourne Demons,2015-05-03,2015,43344.0,32.0,44385.0,4.0,44385,149
2015-05-08|6|Collingwood Magpies|Geelong Cats,2015-05-08,2015,43753.0,38.0,43937.0,3.0,43796,150
2015-05-09|6|Adelaide Crows|Gold Coast Suns,2015-05-09,2015,44249.0,29.0,43383.0,5.0,44135,123
2015-05-09|6|Essendon Bombers|Fremantle Dockers,2015-05-09,2015,43903.0,35.0,45793.0,4.0,44585,131
2015-05-09|6|Greater Western Sydney Giants|Hawthorn Hawks,2015-05-09,2015,44508.0,34.0,43516.0,7.0,45176,125
2015-05-09|6|Melbourne Demons|Sydney Swans,2015-05-09,2015,44215.0,31.0,45102.0,4.0,44215,136
2015-05-09|6|North Melbourne Kangaroos|Richmond Tigers,2015-05-09,2015,44371.0,30.0,45082.0,5.0,44491,120
2015-05-09|6|St Kilda Saints|Western Bulldogs,2015-05-09,2015,43302.0,45.0,43390.0,4.0,43302,144
2015-05-10|6|Brisbane Lions|Carlton Blues,2015-05-10,2015,43358.0,29.0,43535.0,4.0,43371,116
2015-05-10|6|Port Adelaide Power|West Coast Eagles,2015-05-10,2015,44377.0,30.0,43927.0,3.0,43927,134
2015-05-15|7|Essendon Bombers|North Melbourne Kangaroos,2015-05-15,2015,44033.0,29.0,43284.0,2.0,44033,125
2015-05-16|7|Adelaide Crows|St Kilda Saints,2015-05-16,2015,45089.0,35.0,43383.0,6.0,43470,126
2015-05-16|7|Carlton Blues|Greater Western Sydney Giants,2015-05-16,2015,43606.0,32.0,43516.0,5.0,45112,133
2015-05-16|7|Geelong Cats|Sydney Swans,2015-05-16,2015,43982.0,35.0,44651.0,5.0,44651,166
2015-05-16|7|Gold Coast Suns|West Coast Eagles,2015-05-16,2015,44733.0,34.0,44216.0,4.0,44733,155
2015-05-16|7|Hawthorn Hawks|Melbourne Demons,2015-05-16,2015,44508.0,30.0,44825.0,4.0,44825,139
2015-05-17|7|Brisbane Lions|Port Adelaide Power,2015-05-17,2015,43358.0,32.0,43935.0,3.0,43358,123
2015-05-17|7|Collingwood Magpies|Richmond Tigers,2015-05-17,2015,43624.0,32.0,44785.0,4.0,43713,137
2015-05-17|7|Fremantle Dockers|Western Bulldogs,2015-05-17,2015,43858.0,30.0,43724.0,7.0,44159,128
2015-05-22|8|Carlton Blues|Geelong Cats,2015-05-22,2015,43405.0,27.0,44476.0,4.0,44554,137
2015-05-23|8|Adelaide Crows|Greater Western Sydney Giants,2015-05-23,2015,45112.0,35.0,44392.0,4.0,44964,133
2015-05-23|8|Collingwood Magpies|Gold Coast Suns,2015-05-23,2015,45048.0,36.0,43788.0,5.0,44673,141
2015-05-23|8|Fremantle Dockers|North Melbourne Kangaroos,2015-05-23,2015,43858.0,37.0,45170.0,4.0,44585,151
2015-05-23|8|Hawthorn Hawks|Sydney Swans,2015-05-23,2015,43982.0,36.0,44415.0,2.0,43982,119
2015-05-23|8|St Kilda Saints|West Coast Eagles,2015-05-23,2015,45013.0,37.0,44050.0,4.0,45013,166
2015-05-24|8|Brisbane Lions|Essendon Bombers,2015-05-24,2015,44809.0,27.0,43678.0,6.0,44809,125
2015-05-24|8|Melbourne Demons|Western Bulldogs,2015-05-24,2015,43428.0,31.0,44067.0,3.0,45141,128
2015-05-24|8|Port Adelaide Power|Richmond Tigers,2015-05-24,2015,43406.0,32.0,44785.0,4.0,43790,117
2015-05-29|9|Carlton Blues|Sydney Swans,2015-05-29,2015,44132.0,30.0,43847.0,7.0,43847,141
2015-05-30|9|Adelaide Crows|Fremantle Dockers,2015-05-30,2015,43858.0,40.0,45170.0,3.0,43858,150
2015-05-30|9|Essendon Bombers|Richmond Tigers,2015-05-30,2015,43790.0,33.0,43602.0,2.0,43713,114
2015-05-30|9|Gold Coast Suns|Hawthorn Hawks,2015-05-30,2015,44508.0,36.0,43444.0,3.0,44918,154
2015-05-30|9|Greater Western Sydney Giants|Western Bulldogs,2015-05-30,2015,43428.0,32.0,43724.0,4.0,45164,147
2015-05-30|9|Melbourne Demons|Port Adelaide Power,2015-05-30,2015,43406.0,31.0,44879.0,4.0,43772,124
2015-05-31|9|Brisbane Lions|St Kilda Saints,2015-05-31,2015,43358.0,38.0,44276.0,4.0,43358,152
2015-05-31|9|Collingwood Magpies|North Melbourne Kangaroos,2015-05-31,2015,45048.0,32.0,43788.0,5.0,43908,133
2015-05-31|9|Geelong Cats|West Coast Eagles,2015-05-31,2015,43859.0,33.0,44216.0,6.0,44216,142
2015-06-05|10|Fremantle Dockers|Richmond Tigers,2015-06-05,2015,44371.0,34.0,45148.0,3.0,44371,142
2015-06-06|10|Adelaide Crows|Carlton Blues,2015-06-06,2015,44558.0,36.0,44144.0,5.0,44558,128
2015-06-06|10|Essendon Bombers|Geelong Cats,2015-06-06,2015,45065.0,33.0,44012.0,4.0,44892,118
2015-06-06|10|Gold Coast Suns|Sydney Swans,2015-06-06,2015,43982.0,42.0,43847.0,3.0,43982,133
2015-06-06|10|Port Adelaide Power|Western Bulldogs,2015-06-06,2015,45268.0,33.0,45267.0,3.0,43772,134
2015-06-07|10|Brisbane Lions|Greater Western Sydney Giants,2015-06-07,2015,45176.0,32.0,43358.0,3.0,45176,149
2015-06-07|10|Hawthorn Hawks|St Kilda Saints,2015-06-07,2015,45013.0,38.0,43955.0,3.0,45013,133
2015-06-07|10|North Melbourne Kangaroos|West Coast Eagles,2015-06-07,2015,43859.0,32.0,44044.0,4.0,43859,125
2015-06-08|10|Collingwood Magpies|Melbourne Demons,2015-06-08,2015,44186.0,34.0,43580.0,7.0,44186,135
2015-06-12|11|Geelong Cats|Port Adelaide Power,2015-06-12,2015,43796.0,29.0,45267.0,4.0,45267,125
2015-06-13|11|Essendon Bombers|West Coast Eagles,2015-06-13,2015,43859.0,33.0,44266.0,4.0,45001,153
2015-06-13|11|Fremantle Dockers|Gold Coast Suns,2015-06-13,2015,43858.0,31.0,43858.0,2.0,43858,119
2015-06-13|11|North Melbourne Kangaroos|Sydney Swans,2015-06-13,2015,44651.0,33.0,43847.0,4.0,43908,122
2015-06-14|11|Collingwood Magpies|Greater Western Sydney Giants,2015-06-14,2015,43269.0,36.0,43580.0,5.0,43269,146
2015-06-14|11|Melbourne Demons|St Kilda Saints,2015-06-14,2015,45149.0,33.0,44067.0,5.0,44516,140
2015-06-18|12|Adelaide Crows|Hawthorn Hawks,2015-06-18,2015,45089.0,32.0,43444.0,3.0,44918,120
2015-06-19|12|Richmond Tigers|West Coast Eagles,2015-06-19,2015,43790.0,31.0,44216.0,3.0,44371,150
2015-06-20|12|Brisbane Lions|Western Bulldogs,2015-06-20,2015,44343.0,30.0,45033.0,5.0,44343,120
2015-06-20|12|Carlton Blues|Port Adelaide Power,2015-06-20,2015,43642.0,31.0,45267.0,5.0,43642,128
2015-06-20|12|Greater Western Sydney Giants|North Melbourne Kangaroos,2015-06-20,2015,44857.0,34.0,44572.0,4.0,43908,135
2015-06-21|12|Geelong Cats|Melbourne Demons,2015-06-21,2015,44186.0,35.0,43872.0,4.0,45149,158
2015-06-25|13|Collingwood Magpies|Fremantle Dockers,2015-06-25,2015,44585.0,34.0,45170.0,4.0,43269,126
2015-06-26|13|Richmond Tigers|Sydney Swans,2015-06-26,2015,43982.0,29.0,44785.0,6.0,44491,134
2015-06-27|13|Adelaide Crows|Brisbane Lions,2015-06-27,2015,43358.0,31.0,43383.0,2.0,44375,136
2015-06-27|13|Essendon Bombers|Hawthorn Hawks,2015-06-27,2015,43903.0,32.0,44738.0,4.0,44825,140
2015-06-27|13|St Kilda Saints|Western Bulldogs,2015-06-27,2015,44516.0,35.0,43470.0,3.0,44343,117
2015-06-28|13|Carlton Blues|Gold Coast Suns,2015-06-28,2015,43371.0,32.0,44331.0,4.0,44793,120
2015-07-02|14|Port Adelaide Power|Sydney Swans,2015-07-02,2015,44215.0,33.0,44765.0,3.0,44215,151
2015-07-03|14|Collingwood Magpies|Hawthorn Hawks,2015-07-03,2015,44673.0,37.0,44789.0,5.0,44673,152
2015-07-04|14|Carlton Blues|Western Bulldogs,2015-07-04,2015,44699.0,33.0,45033.0,3.0,43428,143
2015-07-04|14|Gold Coast Suns|North Melbourne Kangaroos,2015-07-04,2015,44857.0,32.0,43728.0,7.0,43908,135
2015-07-04|14|Greater Western Sydney Giants|Richmond Tigers,2015-07-04,2015,43624.0,33.0,44646.0,3.0,43624,145
2015-07-04|14|Melbourne Demons|West Coast Eagles,2015-07-04,2015,44186.0,29.0,43682.0,5.0,43682,122
2015-07-05|14|Brisbane Lions|Fremantle Dockers,2015-07-05,2015,43358.0,30.0,45170.0,4.0,43358,133
2015-07-05|14|Essendon Bombers|St Kilda Saints,2015-07-05,2015,43302.0,38.0,43470.0,5.0,45013,142
2015-07-09|15|Collingwood Magpies|Port Adelaide Power,2015-07-09,2015,43269.0,38.0,45267.0,3.0,43269,139
2015-07-10|15|Carlton Blues|Richmond Tigers,2015-07-10,2015,43790.0,26.0,44785.0,3.0,43944,109
2015-07-11|15|Adelaide Crows|West Coast Eagles,2015-07-11,2015,43674.0,36.0,43859.0,3.0,43859,152
2015-07-11|15|Essendon Bombers|Melbourne Demons,2015-07-11,2015,45001.0,30.0,43678.0,5.0,43878,146
2015-07-11|15|Geelong Cats|North Melbourne Kangaroos,2015-07-11,2015,43349.0,41.0,44044.0,3.0,43908,139
2015-07-11|15|Gold Coast Suns|Western Bulldogs,2015-07-11,2015,44699.0,36.0,44759.0,3.0,44699,151
2015-07-12|15|Brisbane Lions|Sydney Swans,2015-07-12,2015,44215.0,41.0,43847.0,3.0,44215,132
2015-07-12|15|Fremantle Dockers|Hawthorn Hawks,2015-07-12,2015,43392.0,31.0,43444.0,4.0,44066,148
2015-07-12|15|Greater Western Sydney Giants|St Kilda Saints,2015-07-12,2015,45176.0,31.0,43516.0,5.0,45013,136
2015-07-17|16|Essendon Bombers|North Melbourne Kangaroos,2015-07-17,2015,44857.0,34.0,43460.0,4.0,43908,175
2015-07-18|16|Carlton Blues|Fremantle Dockers,2015-07-18,2015,43660.0,32.0,44385.0,4.0,43660,136
2015-07-18|16|Collingwood Magpies|West Coast Eagles,2015-07-18,2015,44927.0,38.0,44216.0,3.0,44927,128
2015-07-18|16|Geelong Cats|Western Bulldogs,2015-07-18,2015,43504.0,37.0,43724.0,3.0,43504,145
2015-07-18|16|Gold Coast Suns|Greater Western Sydney Giants,2015-07-18,2015,43262.0,30.0,44964.0,4.0,43262,176
2015-07-18|16|Hawthorn Hawks|Sydney Swans,2015-07-18,2015,43982.0,32.0,44825.0,5.0,44066,133
2015-07-19|16|Adelaide Crows|Port Adelaide Power,2015-07-19,2015,45089.0,36.0,43927.0,3.0,43406,128
2015-07-19|16|Brisbane Lions|Melbourne Demons,2015-07-19,2015,45067.0,32.0,44067.0,4.0,45307,124
2015-07-19|16|Richmond Tigers|St Kilda Saints,2015-07-19,2015,45013.0,30.0,43713.0,3.0,43713,118
2015-07-24|17|Carlton Blues|Hawthorn Hawks,2015-07-24,2015,44558.0,37.0,43955.0,6.0,43955,161
2015-07-25|17|Adelaide Crows|Gold Coast Suns,2015-07-25,2015,43373.0,39.0,43512.0,4.0,43674,138
2015-07-25|17|Brisbane Lions|North Melbourne Kangaroos,2015-07-25,2015,44756.0,29.0,44684.0,4.0,44684,114
2015-07-25|17|Essendon Bombers|Port Adelaide Power,2015-07-25,2015,44612.0,32.0,44847.0,4.0,45001,124
2015-07-25|17|Fremantle Dockers|Richmond Tigers,2015-07-25,2015,43790.0,31.0,45793.0,3.0,43858,117
2015-07-25|17|Geelong Cats|Greater Western Sydney Giants,2015-07-25,2015,44544.0,31.0,44012.0,5.0,44892,106
2015-07-26|17|Collingwood Magpies|Western Bulldogs,2015-07-26,2015,43428.0,38.0,44521.0,5.0,44699,136
2015-07-26|17|Melbourne Demons|St Kilda Saints,2015-07-26,2015,45150.0,31.0,44786.0,3.0,44786,112
2015-07-26|17|Sydney Swans|West Coast Eagles,2015-07-26,2015,43859.0,32.0,43682.0,3.0,44733,142
2015-07-31|18|Hawthorn Hawks|Richmond Tigers,2015-07-31,2015,43488.0,30.0,43713.0,4.0,44279,109
2015-08-01|18|Adelaide Crows|Sydney Swans,2015-08-01,2015,43982.0,40.0,43847.0,3.0,43982,153
2015-08-01|18|Brisbane Lions|Geelong Cats,2015-08-01,2015,44807.0,31.0,45160.0,5.0,44892,146
2015-08-01|18|Carlton Blues|North Melbourne Kangaroos,2015-08-01,2015,44044.0,26.0,43801.0,3.0,45306,123
2015-08-01|18|Collingwood Magpies|Melbourne Demons,2015-08-01,2015,45048.0,36.0,43809.0,3.0,45048,117
2015-08-01|18|Gold Coast Suns|West Coast Eagles,2015-08-01,2015,44924.0,33.0,44331.0,4.0,43373,130
2015-08-02|18|Essendon Bombers|Western Bulldogs,2015-08-02,2015,44107.0,36.0,43638.0,7.0,45001,143
2015-08-02|18|Fremantle Dockers|Greater Western Sydney Giants,2015-08-02,2015,44585.0,38.0,45170.0,4.0,44585,147
2015-08-02|18|Port Adelaide Power|St Kilda Saints,2015-08-02,2015,43927.0,32.0,45267.0,4.0,43927,121
2015-08-07|19|Adelaide Crows|Richmond Tigers,2015-08-07,2015,45089.0,30.0,44371.0,3.0,43674,120
2015-08-08|19|Brisbane Lions|Gold Coast Suns,2015-08-08,2015,44809.0,32.0,44331.0,5.0,44375,138
2015-08-08|19|Carlton Blues|Collingwood Magpies,2015-08-08,2015,45048.0,41.0,43801.0,4.0,45048,155
2015-08-08|19|Geelong Cats|Sydney Swans,2015-08-08,2015,44892.0,35.0,44012.0,4.0,43504,134
2015-08-08|19|Hawthorn Hawks|West Coast Eagles,2015-08-08,2015,44508.0,36.0,44216.0,4.0,44918,130
2015-08-08|19|Port Adelaide Power|Western Bulldogs,2015-08-08,2015,43428.0,32.0,44759.0,4.0,43428,120
2015-08-09|19|Essendon Bombers|Greater Western Sydney Giants,2015-08-09,2015,43932.0,31.0,43516.0,2.0,43903,126
2015-08-09|19|Fremantle Dockers|St Kilda Saints,2015-08-09,2015,44516.0,36.0,43651.0,2.0,44516,155
2015-08-09|19|Melbourne Demons|North Melbourne Kangaroos,2015-08-09,2015,44044.0,26.0,45082.0,5.0,43908,155
2015-08-14|20|Collingwood Magpies|Sydney Swans,2015-08-14,2015,45048.0,39.0,44130.0,2.0,45048,139
2015-08-15|20|Adelaide Crows|Essendon Bombers,2015-08-15,2015,43903.0,34.0,43383.0,5.0,44955,136
2015-08-15|20|Brisbane Lions|Carlton Blues,2015-08-15,2015,44809.0,36.0,45158.0,4.0,44807,166
2015-08-15|20|Geelong Cats|Hawthorn Hawks,2015-08-15,2015,43956.0,30.0,44789.0,6.0,44918,126
2015-08-15|20|Greater Western Sydney Giants|Port Adelaide Power,2015-08-15,2015,45176.0,30.0,44646.0,5.0,43940,118
2015-08-15|20|North Melbourne Kangaroos|St Kilda Saints,2015-08-15,2015,44516.0,33.0,44684.0,4.0,43302,112
2015-08-16|20|Fremantle Dockers|West Coast Eagles,2015-08-16,2015,44051.0,28.0,44050.0,4.0,44051,121
2015-08-16|20|Gold Coast Suns|Richmond Tigers,2015-08-16,2015,43790.0,29.0,45148.0,4.0,44371,140
2015-08-16|20|Melbourne Demons|Western Bulldogs,2015-08-16,2015,43666.0,32.0,45033.0,4.0,45164,132
2015-08-21|21|Hawthorn Hawks|Port Adelaide Power,2015-08-21,2015,43928.0,34.0,45267.0,4.0,44002,123
2015-08-22|21|Adelaide Crows|Brisbane Lions,2015-08-22,2015,45307.0,38.0,45161.0,7.0,44375,151
2015-08-22|21|Collingwood Magpies|Richmond Tigers,2015-08-22,2015,44673.0,33.0,45148.0,6.0,43790,140
2015-08-22|21|Essendon Bombers|Gold Coast Suns,2015-08-22,2015,43965.0,31.0,44033.0,3.0,44445,130
2015-08-22|21|Geelong Cats|St Kilda Saints,2015-08-22,2015,44544.0,33.0,44161.0,4.0,44544,139
2015-08-22|21|Greater Western Sydney Giants|Sydney Swans,2015-08-22,2015,44215.0,35.0,45102.0,5.0,45102,135
2015-08-23|21|Carlton Blues|Melbourne Demons,2015-08-23,2015,45128.0,26.0,45158.0,4.0,44243,110
2015-08-23|21|Fremantle Dockers|North Melbourne Kangaroos,2015-08-23,2015,44585.0,29.0,45576.0,4.0,44856,119
2015-08-23|21|West Coast Eagles|Western Bulldogs,2015-08-23,2015,43859.0,35.0,44216.0,7.0,44216,157
2015-08-28|22|Collingwood Magpies|Geelong Cats,2015-08-28,2015,43269.0,36.0,44475.0,4.0,44673,142
2015-08-29|22|Brisbane Lions|Hawthorn Hawks,2015-08-29,2015,44809.0,45.0,43955.0,4.0,44809,159
2015-08-29|22|Carlton Blues|Greater Western Sydney Giants,2015-08-29,2015,43642.0,30.0,43516.0,7.0,43516,143
2015-08-29|22|Essendon Bombers|Richmond Tigers,2015-08-29,2015,45001.0,29.0,44077.0,3.0,44491,117
2015-08-29|22|Gold Coast Suns|Port Adelaide Power,2015-08-29,2015,43928.0,37.0,43285.0,3.0,44378,127
2015-08-29|22|North Melbourne Kangaroos|Western Bulldogs,2015-08-29,2015,44107.0,33.0,44044.0,3.0,44107,124
2015-08-30|22|Adelaide Crows|West Coast Eagles,2015-08-30,2015,44961.0,29.0,44144.0,6.0,45089,115
2015-08-30|22|Fremantle Dockers|Melbourne Demons,2015-08-30,2015,43645.0,39.0,44668.0,3.0,45150,130
2015-08-30|22|St Kilda Saints|Sydney Swans,2015-08-30,2015,43982.0,39.0,44025.0,4.0,44510,142
2015-09-04|23|North Melbourne Kangaroos|Richmond Tigers,2015-09-04,2015,43624.0,30.0,44371.0,3.0,44371,111
2015-09-05|23|Adelaide Crows|Geelong Cats,2015-09-05,2015,44340.0,34.0,43383.0,4.0,44340,144
2015-09-05|23|Brisbane Lions|Western Bulldogs,2015-09-05,2015,44809.0,39.0,43270.0,4.0,44375,152
2015-09-05|23|Carlton Blues|Hawthorn Hawks,2015-09-05,2015,44508.0,34.0,43955.0,4.0,44508,115
2015-09-05|23|Fremantle Dockers|Port Adelaide Power,2015-09-05,2015,43344.0,35.0,44879.0,4.0,43344,136
2015-09-05|23|Gold Coast Suns|Sydney Swans,2015-09-05,2015,44510.0,36.0,43657.0,3.0,44510,163
2015-09-05|23|St Kilda Saints|West Coast Eagles,2015-09-05,2015,43859.0,36.0,44266.0,4.0,44733,129
2015-09-06|23|Collingwood Magpies|Essendon Bombers,2015-09-06,2015,43269.0,33.0,44065.0,3.0,45001,137
2015-09-06|23|Greater Western Sydney Giants|Melbourne Demons,2015-09-06,2015,44186.0,36.0,44067.0,3.0,44186,123
2015-09-11|QF|Hawthorn Hawks|West Coast Eagles,2015-09-11,2015,44508.0,35.0,44050.0,3.0,44066,130
2015-09-12|EF|Adelaide Crows|Western Bulldogs,2015-09-12,2015,44027.0,29.0,43383.0,5.0,44699,115
2015-09-12|QF|Fremantle Dockers|Sydney Swans,2015-09-12,2015,44215.0,39.0,43330.0,3.0,44215,141
2015-09-13|EF|North Melbourne Kangaroos|Richmond Tigers,2015-09-13,2015,45576.0,31.0,44785.0,4.0,45157,123
2015-09-18|SF|Adelaide Crows|Hawthorn Hawks,2015-09-18,2015,44508.0,33.0,43444.0,6.0,43444,136
2015-09-19|SF|North Melbourne Kangaroos|Sydney Swans,2015-09-19,2015,44745.0,31.0,45157.0,3.0,44215,130
2015-09-25|PF|Fremantle Dockers|Hawthorn Hawks,2015-09-25,2015,44508.0,35.0,44789.0,3.0,44508,117
2015-09-26|PF|North Melbourne Kangaroos|West Coast Eagles,2015-09-26,2015,45211.0,27.0,44044.0,2.0,44216,122
2015-10-03|GF|Hawthorn Hawks|West Coast Eagles,2015-10-03,2015,43859.0,34.0,43955.0,4.0,44066,127
2016-03-24|1|Carlton Blues|Richmond Tigers,2016-03-24,2016,43884.0,30.0,45148.0,3.0,43884,127
2016-03-26|1|Adelaide Crows|North Melbourne Kangaroos,2016-03-26,2016,45089.0,30.0,44144.0,5.0,43908,121
2016-03-26|1|Collingwood Magpies|Sydney Swans,2016-03-26,2016,44651.0,40.0,43847.0,4.0,44651,135
2016-03-26|1|Essendon Bombers|Gold Coast Suns,2016-03-26,2016,43965.0,36.0,44331.0,4.0,43262,134
2016-03-26|1|Greater Western Sydney Giants|Melbourne Demons,2016-03-26,2016,45150.0,32.0,44067.0,3.0,45150,115
2016-03-27|1|Brisbane Lions|West Coast Eagles,2016-03-27,2016,44733.0,38.0,44216.0,8.0,44216,180
2016-03-27|1|Fremantle Dockers|Western Bulldogs,2016-03-27,2016,43389.0,35.0,45033.0,5.0,44150,121
2016-03-27|1|Port Adelaide Power|St Kilda Saints,2016-03-27,2016,43928.0,37.0,43927.0,4.0,43927,125
2016-03-28|1|Geelong Cats|Hawthorn Hawks,2016-03-28,2016,43674.0,43.0,43504.0,3.0,43674,137
2016-04-01|2|Collingwood Magpies|Richmond Tigers,2016-04-01,2016,43624.0,38.0,43809.0,6.0,44089,119
2016-04-02|2|Adelaide Crows|Port Adelaide Power,2016-04-02,2016,43927.0,32.0,44330.0,6.0,44249,136
2016-04-02|2|Brisbane Lions|North Melbourne Kangaroos,2016-04-02,2016,43981.0,24.0,45157.0,5.0,45157,127
2016-04-02|2|Essendon Bombers|Melbourne Demons,2016-04-02,2016,45304.0,34.0,44214.0,3.0,44481,136
2016-04-02|2|Fremantle Dockers|Gold Coast Suns,2016-04-02,2016,43858.0,34.0,44331.0,5.0,43965,126
2016-04-02|2|St Kilda Saints|Western Bulldogs,2016-04-02,2016,44107.0,35.0,43429.0,3.0,44107,130
2016-04-03|2|Carlton Blues|Sydney Swans,2016-04-03,2016,44510.0,34.0,43847.0,4.0,44510,143
2016-04-03|2|Geelong Cats|Greater Western Sydney Giants,2016-04-03,2016,43932.0,34.0,44012.0,3.0,44886,138
2016-04-03|2|Hawthorn Hawks|West Coast Eagles,2016-04-03,2016,43887.0,44.0,44789.0,4.0,43887,157
2016-04-08|3|Essendon Bombers|Port Adelaide Power,2016-04-08,2016,44206.0,29.0,43728.0,3.0,44481,128
2016-04-09|3|Adelaide Crows|Richmond Tigers,2016-04-09,2016,43790.0,39.0,43383.0,3.0,43790,144
2016-04-09|3|Carlton Blues|Gold Coast Suns,2016-04-09,2016,43262.0,35.0,44331.0,4.0,43965,151
2016-04-09|3|Collingwood Magpies|St Kilda Saints,2016-04-09,2016,44516.0,40.0,45013.0,3.0,44516,160
2016-04-09|3|Fremantle Dockers|West Coast Eagles,2016-04-09,2016,43859.0,32.0,43682.0,3.0,43858,122
2016-04-09|3|Greater Western Sydney Giants|Sydney Swans,2016-04-09,2016,43982.0,31.0,43847.0,4.0,44651,121
2016-04-10|3|Brisbane Lions|Geelong Cats,2016-04-10,2016,44892.0,34.0,44012.0,4.0,43753,123
2016-04-10|3|Hawthorn Hawks|Western Bulldogs,2016-04-10,2016,43666.0,33.0,44789.0,3.0,43676,128
2016-04-10|3|Melbourne Demons|North Melbourne Kangaroos,2016-04-10,2016,45150.0,28.0,45576.0,6.0,43908,149
2016-04-15|4|Richmond Tigers|West Coast Eagles,2016-04-15,2016,43859.0,33.0,43682.0,4.0,45293,121
2016-04-16|4|Adelaide Crows|Sydney Swans,2016-04-16,2016,43982.0,38.0,43383.0,4.0,43982,132
2016-04-16|4|Brisbane Lions|Gold Coast Suns,2016-04-16,2016,43981.0,28.0,44331.0,5.0,43981,117
2016-04-16|4|Carlton Blues|Western Bulldogs,2016-04-16,2016,44107.0,33.0,43414.0,3.0,44107,115
2016-04-16|4|Essendon Bombers|Geelong Cats,2016-04-16,2016,45304.0,34.0,44544.0,2.0,44481,127
2016-04-16|4|Hawthorn Hawks|St Kilda Saints,2016-04-16,2016,44508.0,44.0,43444.0,2.0,44508,130
2016-04-17|4|Collingwood Magpies|Melbourne Demons,2016-04-17,2016,45112.0,31.0,45196.0,4.0,45112,123
2016-04-17|4|Fremantle Dockers|North Melbourne Kangaroos,2016-04-17,2016,44585.0,35.0,43858.0,4.0,43858,137
2016-04-17|4|Greater Western Sydney Giants|Port Adelaide Power,2016-04-17,2016,43606.0,34.0,44294.0,4.0,43932,117
2016-04-22|5|Adelaide Crows|Hawthorn Hawks,2016-04-22,2016,45089.0,33.0,44738.0,5.0,45089,126
2016-04-23|5|Brisbane Lions|Western Bulldogs,2016-04-23,2016,45012.0,34.0,45033.0,3.0,45012,117
2016-04-23|5|Geelong Cats|Port Adelaide Power,2016-04-23,2016,43674.0,29.0,43728.0,3.0,44892,134
2016-04-23|5|Gold Coast Suns|North Melbourne Kangaroos,2016-04-23,2016,43965.0,32.0,43460.0,4.0,44857,113
2016-04-23|5|Sydney Swans|West Coast Eagles,2016-04-23,2016,43859.0,32.0,43847.0,2.0,44651,114
2016-04-24|5|Carlton Blues|Fremantle Dockers,2016-04-24,2016,44585.0,35.0,45079.0,3.0,43344,138
2016-04-24|5|Greater Western Sydney Giants|St Kilda Saints,2016-04-24,2016,43606.0,32.0,43516.0,5.0,43932,141
2016-04-24|5|Melbourne Demons|Richmond Tigers,2016-04-24,2016,45150.0,37.0,43872.0,4.0,43878,142
2016-04-25|5|Collingwood Magpies|Essendon Bombers,2016-04-25,2016,43269.0,36.0,43809.0,4.0,44927,144
2016-04-29|6|North Melbourne Kangaroos|Western Bulldogs,2016-04-29,2016,44107.0,44.0,45157.0,4.0,44107,133
2016-04-30|6|Adelaide Crows|Fremantle Dockers,2016-04-30,2016,44585.0,40.0,43383.0,4.0,45170,141
2016-04-30|6|Geelong Cats|Gold Coast Suns,2016-04-30,2016,44892.0,32.0,44012.0,4.0,44012,150
2016-04-30|6|Greater Western Sydney Giants|Hawthorn Hawks,2016-04-30,2016,44919.0,34.0,43955.0,5.0,44905,135
2016-04-30|6|Melbourne Demons|St Kilda Saints,2016-04-30,2016,44186.0,31.0,44067.0,7.0,43266,126
2016-04-30|6|Port Adelaide Power|Richmond Tigers,2016-04-30,2016,44089.0,34.0,44125.0,3.0,43944,133
2016-05-01|6|Brisbane Lions|Sydney Swans,2016-05-01,2016,43982.0,33.0,43847.0,5.0,45307,148
2016-05-01|6|Carlton Blues|Essendon Bombers,2016-05-01,2016,43884.0,32.0,43466.0,2.0,45079,134
2016-05-01|6|Collingwood Magpies|West Coast Eagles,2016-05-01,2016,45112.0,32.0,43640.0,3.0,44266,127
2016-05-06|7|Hawthorn Hawks|Richmond Tigers,2016-05-06,2016,44006.0,28.0,43444.0,6.0,44279,117
2016-05-07|7|Adelaide Crows|Western Bulldogs,2016-05-07,2016,43666.0,31.0,44144.0,8.0,43414,122
2016-05-07|7|Carlton Blues|Collingwood Magpies,2016-05-07,2016,44673.0,34.0,43809.0,4.0,43884,136
2016-05-07|7|Essendon Bombers|Sydney Swans,2016-05-07,2016,44215.0,40.0,43847.0,6.0,44510,130
2016-05-07|7|Fremantle Dockers|Greater Western Sydney Giants,2016-05-07,2016,44585.0,33.0,44385.0,3.0,43606,129
2016-05-07|7|Geelong Cats|West Coast Eagles,2016-05-07,2016,43859.0,36.0,44544.0,4.0,44544,115
2016-05-07|7|Gold Coast Suns|Melbourne Demons,2016-05-07,2016,44186.0,33.0,44331.0,4.0,43878,138
2016-05-08|7|Brisbane Lions|Port Adelaide Power,2016-05-08,2016,43406.0,31.0,43728.0,5.0,44375,129
2016-05-08|7|North Melbourne Kangaroos|St Kilda Saints,2016-05-08,2016,44516.0,34.0,44472.0,3.0,44786,144
2016-05-13|8|Adelaide Crows|Geelong Cats,2016-05-13,2016,43956.0,36.0,44544.0,4.0,44955,147
2016-05-14|8|Brisbane Lions|Collingwood Magpies,2016-05-14,2016,44673.0,34.0,43635.0,4.0,45112,131
2016-05-14|8|Essendon Bombers|North Melbourne Kangaroos,2016-05-14,2016,43903.0,38.0,43678.0,2.0,43886,149
2016-05-14|8|Fremantle Dockers|Hawthorn Hawks,2016-05-14,2016,44585.0,38.0,43444.0,3.0,45170,125
2016-05-14|8|Gold Coast Suns|Greater Western Sydney Giants,2016-05-14,2016,44919.0,35.0,43516.0,7.0,44905,132
2016-05-14|8|Richmond Tigers|Sydney Swans,2016-05-14,2016,43713.0,34.0,43847.0,5.0,44371,123
2016-05-15|8|Carlton Blues|Port Adelaide Power,2016-05-15,2016,43731.0,33.0,43801.0,3.0,43731,140
2016-05-15|8|Melbourne Demons|Western Bulldogs,2016-05-15,2016,44107.0,34.0,45033.0,5.0,44281,142
2016-05-15|8|St Kilda Saints|West Coast Eagles,2016-05-15,2016,43859.0,36.0,44266.0,6.0,44516,129
2016-05-20|9|Hawthorn Hawks|Sydney Swans,2016-05-20,2016,43982.0,33.0,43955.0,4.0,45102,129
2016-05-21|9|Adelaide Crows|Gold Coast Suns,2016-05-21,2016,44731.0,31.0,45161.0,5.0,45161,116
2016-05-21|9|Carlton Blues|North Melbourne Kangaroos,2016-05-21,2016,43731.0,29.0,43908.0,3.0,43908,138
2016-05-21|9|Collingwood Magpies|Geelong Cats,2016-05-21,2016,45112.0,29.0,44012.0,4.0,44927,131
2016-05-21|9|Fremantle Dockers|Richmond Tigers,2016-05-21,2016,43624.0,39.0,43330.0,3.0,44585,149
2016-05-21|9|Port Adelaide Power|West Coast Eagles,2016-05-21,2016,43406.0,26.0,44216.0,7.0,44325,136
2016-05-22|9|Brisbane Lions|Melbourne Demons,2016-05-22,2016,43481.0,31.0,44067.0,5.0,44807,113
2016-05-22|9|Essendon Bombers|St Kilda Saints,2016-05-22,2016,45013.0,40.0,43470.0,5.0,45013,138
2016-05-22|9|Greater Western Sydney Giants|Western Bulldogs,2016-05-22,2016,44905.0,38.0,43516.0,5.0,44905,176
2016-05-27|10|North Melbourne Kangaroos|Sydney Swans,2016-05-27,2016,44510.0,41.0,43847.0,3.0,44510,163
2016-05-28|10|Adelaide Crows|Greater Western Sydney Giants,2016-05-28,2016,43606.0,30.0,43383.0,5.0,44208,116
2016-05-28|10|Brisbane Lions|Hawthorn Hawks,2016-05-28,2016,44279.0,42.0,44789.0,5.0,44279,140
2016-05-28|10|Essendon Bombers|Richmond Tigers,2016-05-28,2016,44371.0,38.0,43713.0,3.0,43903,134
2016-05-28|10|Fremantle Dockers|St Kilda Saints,2016-05-28,2016,45013.0,32.0,44472.0,3.0,43302,158
2016-05-28|10|Melbourne Demons|Port Adelaide Power,2016-05-28,2016,44186.0,28.0,43728.0,5.0,43878,142
2016-05-29|10|Carlton Blues|Geelong Cats,2016-05-29,2016,43884.0,34.0,43801.0,4.0,43884,137
2016-05-29|10|Collingwood Magpies|Western Bulldogs,2016-05-29,2016,43666.0,37.0,43724.0,2.0,44343,139
2016-05-29|10|Gold Coast Suns|West Coast Eagles,2016-05-29,2016,43262.0,32.0,44216.0,5.0,43262,120
2016-06-03|11|North Melbourne Kangaroos|Richmond Tigers,2016-06-03,2016,43944.0,38.0,45576.0,4.0,45212,126
2016-06-04|11|Brisbane Lions|Carlton Blues,2016-06-04,2016,44809.0,48.0,43301.0,3.0,44809,184
2016-06-04|11|Essendon Bombers|Fremantle Dockers,2016-06-04,2016,44585.0,42.0,44385.0,3.0,44553,128
2016-06-04|11|Geelong Cats|Greater Western Sydney Giants,2016-06-04,2016,43674.0,32.0,43932.0,3.0,45230,126
2016-06-04|11|Gold Coast Suns|Sydney Swans,2016-06-04,2016,44731.0,39.0,44651.0,2.0,44731,149
2016-06-04|11|Hawthorn Hawks|Melbourne Demons,2016-06-04,2016,45131.0,32.0,43955.0,3.0,45149,120
2016-06-05|11|Adelaide Crows|St Kilda Saints,2016-06-05,2016,43647.0,36.0,44144.0,7.0,44144,156
2016-06-05|11|Collingwood Magpies|Port Adelaide Power,2016-06-05,2016,44673.0,30.0,44582.0,4.0,44673,133
2016-06-05|11|West Coast Eagles|Western Bulldogs,2016-06-05,2016,44107.0,38.0,44281.0,3.0,44107,163
2016-06-10|12|Essendon Bombers|Hawthorn Hawks,2016-06-10,2016,44279.0,35.0,43444.0,4.0,44279,126
2016-06-11|12|Adelaide Crows|West Coast Eagles,2016-06-11,2016,44955.0,29.0,43383.0,5.0,44249,115
2016-06-11|12|Brisbane Lions|Fremantle Dockers,2016-06-11,2016,44809.0,34.0,45056.0,5.0,44809,142
2016-06-11|12|Geelong Cats|North Melbourne Kangaroos,2016-06-11,2016,43674.0,48.0,44475.0,4.0,43674,187
2016-06-11|12|Port Adelaide Power|Western Bulldogs,2016-06-11,2016,43414.0,29.0,44759.0,4.0,45268,117
2016-06-12|12|Carlton Blues|St Kilda Saints,2016-06-12,2016,44823.0,33.0,44472.0,5.0,45013,132
2016-06-12|12|Gold Coast Suns|Richmond Tigers,2016-06-12,2016,44371.0,38.0,44331.0,4.0,44371,137
2016-06-12|12|Greater Western Sydney Giants|Sydney Swans,2016-06-12,2016,43982.0,28.0,43932.0,4.0,43932,113
2016-06-13|12|Collingwood Magpies|Melbourne Demons,2016-06-13,2016,45149.0,37.0,43878.0,3.0,43878,146
2016-06-17|13|Hawthorn Hawks|North Melbourne Kangaroos,2016-06-17,2016,44279.0,31.0,44926.0,5.0,43754,106
2016-06-18|13|Brisbane Lions|West Coast Eagles,2016-06-18,2016,44807.0,39.0,44216.0,5.0,45307,147
2016-06-18|13|Fremantle Dockers|Port Adelaide Power,2016-06-18,2016,43344.0,43.0,45793.0,4.0,43344,159
2016-06-18|13|Geelong Cats|Western Bulldogs,2016-06-18,2016,43674.0,37.0,44012.0,4.0,43674,143
2016-06-19|13|Essendon Bombers|Greater Western Sydney Giants,2016-06-19,2016,44905.0,31.0,43805.0,4.0,43614,126
2016-06-19|13|Melbourne Demons|Sydney Swans,2016-06-19,2016,43982.0,28.0,43847.0,4.0,44651,140
2016-06-23|14|Adelaide Crows|North Melbourne Kangaroos,2016-06-23,2016,43647.0,32.0,45082.0,3.0,44955,139
2016-06-24|14|Collingwood Magpies|Fremantle Dockers,2016-06-24,2016,45112.0,33.0,43330.0,2.0,45112,127
2016-06-25|14|Brisbane Lions|Richmond Tigers,2016-06-25,2016,44371.0,35.0,44785.0,4.0,44371,127
2016-06-25|14|Carlton Blues|Greater Western Sydney Giants,2016-06-25,2016,44919.0,34.0,44161.0,4.0,43884,126
2016-06-25|14|Geelong Cats|St Kilda Saints,2016-06-25,2016,44823.0,33.0,44012.0,3.0,44786,116
2016-06-26|14|Gold Coast Suns|Hawthorn Hawks,2016-06-26,2016,43262.0,40.0,44331.0,3.0,43262,129
2016-06-30|15|Essendon Bombers|West Coast Eagles,2016-06-30,2016,43859.0,35.0,44416.0,4.0,43859,131
2016-07-01|15|Port Adelaide Power|Richmond Tigers,2016-07-01,2016,43790.0,34.0,44785.0,4.0,43406,132
2016-07-02|15|Carlton Blues|Collingwood Magpies,2016-07-02,2016,44673.0,34.0,43398.0,2.0,44673,124
2016-07-02|15|Gold Coast Suns|St Kilda Saints,2016-07-02,2016,44793.0,33.0,45285.0,3.0,44793,130
2016-07-02|15|Sydney Swans|Western Bulldogs,2016-07-02,2016,44215.0,34.0,43847.0,5.0,44651,158
2016-07-03|15|Adelaide Crows|Melbourne Demons,2016-07-03,2016,44186.0,33.0,43872.0,4.0,44186,131
2016-07-07|16|Hawthorn Hawks|Port Adelaide Power,2016-07-07,2016,44066.0,29.0,43955.0,3.0,44066,118
2016-07-08|16|Geelong Cats|Sydney Swans,2016-07-08,2016,43674.0,34.0,44132.0,3.0,43674,139
2016-07-09|16|Brisbane Lions|Gold Coast Suns,2016-07-09,2016,44731.0,31.0,44331.0,5.0,44497,135
2016-07-09|16|Collingwood Magpies|Greater Western Sydney Giants,2016-07-09,2016,43269.0,31.0,43516.0,5.0,43580,121
2016-07-09|16|Fremantle Dockers|Melbourne Demons,2016-07-09,2016,44186.0,35.0,44067.0,4.0,43948,140
2016-07-09|16|Richmond Tigers|Western Bulldogs,2016-07-09,2016,44371.0,38.0,45033.0,4.0,43414,115
2016-07-10|16|Adelaide Crows|Carlton Blues,2016-07-10,2016,44249.0,35.0,43301.0,4.0,44955,123
2016-07-10|16|Essendon Bombers|St Kilda Saints,2016-07-10,2016,45013.0,41.0,44472.0,5.0,45013,158
2016-07-10|16|North Melbourne Kangaroos|West Coast Eagles,2016-07-10,2016,43886.0,29.0,43460.0,4.0,45306,114
2016-07-14|17|Hawthorn Hawks|Sydney Swans,2016-07-14,2016,44508.0,37.0,44813.0,4.0,43488,134
2016-07-15|17|Fremantle Dockers|Geelong Cats,2016-07-15,2016,44051.0,37.0,43674.0,4.0,43674,130
2016-07-16|17|Adelaide Crows|Collingwood Magpies,2016-07-16,2016,45112.0,36.0,43383.0,3.0,43950,134
2016-07-16|17|Essendon Bombers|Richmond Tigers,2016-07-16,2016,44371.0,43.0,43805.0,3.0,44371,161
2016-07-16|17|Gold Coast Suns|Western Bulldogs,2016-07-16,2016,45012.0,34.0,44331.0,3.0,45012,116
2016-07-16|17|North Melbourne Kangaroos|Port Adelaide Power,2016-07-16,2016,43406.0,32.0,43460.0,3.0,43927,122
2016-07-17|17|Brisbane Lions|Greater Western Sydney Giants,2016-07-17,2016,44809.0,34.0,43516.0,3.0,45307,131
2016-07-17|17|Carlton Blues|West Coast Eagles,2016-07-17,2016,43731.0,32.0,43640.0,3.0,43731,134
2016-07-17|17|Melbourne Demons|St Kilda Saints,2016-07-17,2016,45150.0,33.0,44472.0,4.0,45150,123
2016-07-22|18|Collingwood Magpies|North Melbourne Kangaroos,2016-07-22,2016,43886.0,33.0,45082.0,5.0,43886,117
2016-07-23|18|Adelaide Crows|Geelong Cats,2016-07-23,2016,43674.0,36.0,44012.0,4.0,43647,128
2016-07-23|18|Carlton Blues|Sydney Swans,2016-07-23,2016,44215.0,35.0,43847.0,4.0,43642,140
2016-07-23|18|Fremantle Dockers|Gold Coast Suns,2016-07-23,2016,44585.0,42.0,43706.0,4.0,44585,124
2016-07-23|18|Melbourne Demons|West Coast Eagles,2016-07-23,2016,44186.0,34.0,43872.0,3.0,44733,138
2016-07-23|18|St Kilda Saints|Western Bulldogs,2016-07-23,2016,45013.0,39.0,44786.0,4.0,45013,145
2016-07-24|18|Brisbane Lions|Essendon Bombers,2016-07-24,2016,44809.0,38.0,43678.0,4.0,44809,179
2016-07-24|18|Greater Western Sydney Giants|Port Adelaide Power,2016-07-24,2016,43406.0,34.0,43772.0,4.0,44552,124
2016-07-24|18|Hawthorn Hawks|Richmond Tigers,2016-07-24,2016,44371.0,39.0,43955.0,3.0,43887,131
2016-07-29|19|Geelong Cats|Western Bulldogs,2016-07-29,2016,43674.0,33.0,45000.0,5.0,43674,135
2016-07-30|19|Brisbane Lions|Port Adelaide Power,2016-07-30,2016,45268.0,32.0,45267.0,5.0,43490,124
2016-07-30|19|Carlton Blues|Hawthorn Hawks,2016-07-30,2016,45125.0,35.0,43444.0,2.0,43488,113
2016-07-30|19|Collingwood Magpies|West Coast Eagles,2016-07-30,2016,43269.0,36.0,43682.0,4.0,44673,148
2016-07-30|19|Greater Western Sydney Giants|Richmond Tigers,2016-07-30,2016,43606.0,33.0,43932.0,3.0,44905,125
2016-07-30|19|North Melbourne Kangaroos|St Kilda Saints,2016-07-30,2016,44341.0,31.0,43460.0,3.0,44341,118
2016-07-31|19|Adelaide Crows|Essendon Bombers,2016-07-31,2016,44249.0,36.0,43383.0,5.0,44955,128
2016-07-31|19|Fremantle Dockers|Sydney Swans,2016-07-31,2016,44215.0,45.0,44025.0,4.0,44215,156
2016-07-31|19|Gold Coast Suns|Melbourne Demons,2016-07-31,2016,45131.0,31.0,45141.0,3.0,45131,110
2016-08-05|20|Collingwood Magpies|Richmond Tigers,2016-08-05,2016,44371.0,34.0,44785.0,4.0,43944,139
2016-08-06|20|Adelaide Crows|Brisbane Lions,2016-08-06,2016,44249.0,36.0,43383.0,4.0,44330,139
2016-08-06|20|Gold Coast Suns|Greater Western Sydney Giants,2016-08-06,2016,43606.0,33.0,43516.0,4.0,44386,112
2016-08-06|20|Hawthorn Hawks|Melbourne Demons,2016-08-06,2016,45150.0,39.0,44789.0,4.0,43878,144
2016-08-06|20|North Melbourne Kangaroos|Western Bulldogs,2016-08-06,2016,44341.0,30.0,43414.0,1.0,43414,118
2016-08-06|20|Port Adelaide Power|Sydney Swans,2016-08-06,2016,44651.0,39.0,43847.0,2.0,44510,139
2016-08-07|20|Carlton Blues|St Kilda Saints,2016-08-07,2016,44941.0,34.0,44472.0,5.0,44941,135
2016-08-07|20|Essendon Bombers|Geelong Cats,2016-08-07,2016,43674.0,29.0,44012.0,3.0,43466,131
2016-08-07|20|Fremantle Dockers|West Coast Eagles,2016-08-07,2016,44377.0,33.0,44216.0,7.0,44377,116
2016-08-12|21|Collingwood Magpies|Western Bulldogs,2016-08-12,2016,45112.0,35.0,44521.0,3.0,43414,137
2016-08-13|21|Brisbane Lions|Carlton Blues,2016-08-13,2016,44809.0,39.0,43535.0,4.0,44809,174
2016-08-13|21|Greater Western Sydney Giants|West Coast Eagles,2016-08-13,2016,44924.0,38.0,44294.0,4.0,44924,142
2016-08-13|21|Hawthorn Hawks|North Melbourne Kangaroos,2016-08-13,2016,44508.0,37.0,44684.0,3.0,44966,146
2016-08-13|21|Melbourne Demons|Port Adelaide Power,2016-08-13,2016,45268.0,30.0,43438.0,2.0,45131,126
2016-08-13|21|St Kilda Saints|Sydney Swans,2016-08-13,2016,43982.0,37.0,43847.0,6.0,44651,144
2016-08-14|21|Adelaide Crows|Fremantle Dockers,2016-08-14,2016,44249.0,33.0,43383.0,6.0,45089,122
2016-08-14|21|Essendon Bombers|Gold Coast Suns,2016-08-14,2016,45304.0,40.0,43805.0,3.0,44497,139
2016-08-14|21|Geelong Cats|Richmond Tigers,2016-08-14,2016,44371.0,36.0,44291.0,3.0,44371,132
2016-08-19|22|Hawthorn Hawks|West Coast Eagles,2016-08-19,2016,43859.0,38.0,44216.0,5.0,43488,123
2016-08-20|22|Adelaide Crows|Port Adelaide Power,2016-08-20,2016,43647.0,33.0,43383.0,5.0,43647,118
2016-08-20|22|Collingwood Magpies|Gold Coast Suns,2016-08-20,2016,45112.0,38.0,43905.0,3.0,44673,145
2016-08-20|22|Fremantle Dockers|Greater Western Sydney Giants,2016-08-20,2016,44585.0,40.0,44662.0,6.0,44585,169
2016-08-20|22|North Melbourne Kangaroos|Sydney Swans,2016-08-20,2016,43982.0,33.0,45576.0,3.0,45576,140
2016-08-20|22|Richmond Tigers|St Kilda Saints,2016-08-20,2016,44823.0,34.0,44397.0,2.0,44823,132
2016-08-21|22|Brisbane Lions|Geelong Cats,2016-08-21,2016,44474.0,33.0,44544.0,5.0,44809,123
2016-08-21|22|Carlton Blues|Melbourne Demons,2016-08-21,2016,43884.0,33.0,43476.0,3.0,43642,139
2016-08-21|22|Essendon Bombers|Western Bulldogs,2016-08-21,2016,44481.0,35.0,43724.0,3.0,44481,148
2016-08-26|23|Adelaide Crows|West Coast Eagles,2016-08-26,2016,43859.0,41.0,44216.0,5.0,43647,128
2016-08-27|23|Carlton Blues|Essendon Bombers,2016-08-27,2016,44481.0,34.0,43678.0,5.0,44941,123
2016-08-27|23|Geelong Cats|Melbourne Demons,2016-08-27,2016,44892.0,36.0,44012.0,6.0,44892,126
2016-08-27|23|Gold Coast Suns|Port Adelaide Power,2016-08-27,2016,43817.0,32.0,43927.0,4.0,43817,166
2016-08-27|23|Greater Western Sydney Giants|North Melbourne Kangaroos,2016-08-27,2016,43886.0,29.0,44662.0,5.0,43886,115
2016-08-27|23|Richmond Tigers|Sydney Swans,2016-08-27,2016,44215.0,37.0,43847.0,7.0,43847,140
2016-08-28|23|Brisbane Lions|St Kilda Saints,2016-08-28,2016,45013.0,31.0,44786.0,9.0,44786,200
2016-08-28|23|Collingwood Magpies|Hawthorn Hawks,2016-08-28,2016,45112.0,36.0,43444.0,3.0,45112,126
2016-08-28|23|Fremantle Dockers|Western Bulldogs,2016-08-28,2016,44585.0,36.0,43724.0,3.0,44668,134
2016-09-08|EF|West Coast Eagles|Western Bulldogs,2016-09-08,2016,43859.0,35.0,43682.0,2.0,43666,132
2016-09-09|QF|Geelong Cats|Hawthorn Hawks,2016-09-09,2016,44279.0,36.0,43444.0,3.0,44279,153
2016-09-10|EF|Adelaide Crows|North Melbourne Kangaroos,2016-09-10,2016,43647.0,29.0,43383.0,6.0,44332,111
2016-09-10|QF|Greater Western Sydney Giants|Sydney Swans,2016-09-10,2016,43982.0,31.0,43516.0,4.0,43606,119
2016-09-16|SF|Hawthorn Hawks|Western Bulldogs,2016-09-16,2016,44343.0,34.0,44699.0,3.0,44343,126
2016-09-17|SF|Adelaide Crows|Sydney Swans,2016-09-17,2016,44215.0,42.0,43847.0,4.0,44215,144
2016-09-23|PF|Geelong Cats|Sydney Swans,2016-09-23,2016,43674.0,39.0,44648.0,3.0,44892,166
2016-09-24|PF|Greater Western Sydney Giants|Western Bulldogs,2016-09-24,2016,44886.0,30.0,43724.0,4.0,44962,140
2016-10-01|GF|Sydney Swans|Western Bulldogs,2016-10-01,2016,44215.0,34.0,43429.0,3.0,44510,141
2017-03-23|1|Carlton Blues|Richmond Tigers,2017-03-23,2017,44558.0,35.0,44371.0,4.0,44371,139
2017-03-24|1|Collingwood Magpies|Western Bulldogs,2017-03-24,2017,44673.0,35.0,43809.0,3.0,43269,151
2017-03-25|1|Brisbane Lions|Gold Coast Suns,2017-03-25,2017,44809.0,37.0,43351.0,3.0,44809,127
2017-03-25|1|Essendon Bombers|Hawthorn Hawks,2017-03-25,2017,44481.0,37.0,43805.0,4.0,44033,156
2017-03-25|1|Melbourne Demons|St Kilda Saints,2017-03-25,2017,44630.0,36.0,44786.0,4.0,44186,126
2017-03-25|1|Port Adelaide Power|Sydney Swans,2017-03-25,2017,44215.0,28.0,43847.0,4.0,44215,118
2017-03-26|1|Adelaide Crows|Greater Western Sydney Giants,2017-03-26,2017,44249.0,40.0,43383.0,4.0,44249,142
2017-03-26|1|Fremantle Dockers|Geelong Cats,2017-03-26,2017,44553.0,31.0,43674.0,3.0,43753,128
2017-03-26|1|North Melbourne Kangaroos|West Coast Eagles,2017-03-26,2017,44508.0,38.0,44216.0,7.0,43859,144
2017-03-30|2|Collingwood Magpies|Richmond Tigers,2017-03-30,2017,45112.0,35.0,44086.0,3.0,45112,127
2017-03-31|2|Sydney Swans|Western Bulldogs,2017-03-31,2017,44290.0,34.0,44765.0,6.0,43847,127
2017-04-01|2|Adelaide Crows|Hawthorn Hawks,2017-04-01,2017,44510.0,38.0,43444.0,4.0,44955,152
2017-04-01|2|Brisbane Lions|Essendon Bombers,2017-04-01,2017,43358.0,33.0,43805.0,5.0,44481,140
2017-04-01|2|Gold Coast Suns|Greater Western Sydney Giants,2017-04-01,2017,45176.0,32.0,43516.0,6.0,43516,119
2017-04-01|2|St Kilda Saints|West Coast Eagles,2017-04-01,2017,43859.0,36.0,44216.0,4.0,44924,144
2017-04-02|2|Carlton Blues|Melbourne Demons,2017-04-02,2017,44630.0,35.0,43872.0,3.0,45131,146
2017-04-02|2|Fremantle Dockers|Port Adelaide Power,2017-04-02,2017,44585.0,34.0,43927.0,6.0,43927,138
2017-04-02|2|Geelong Cats|North Melbourne Kangaroos,2017-04-02,2017,43674.0,37.0,44012.0,4.0,43674,139
2017-04-07|3|Collingwood Magpies|Sydney Swans,2017-04-07,2017,44290.0,34.0,43809.0,4.0,43269,137
2017-04-08|3|Adelaide Crows|Port Adelaide Power,2017-04-08,2017,43647.0,32.0,45161.0,4.0,44955,139
2017-04-08|3|Fremantle Dockers|Western Bulldogs,2017-04-08,2017,43858.0,33.0,44107.0,3.0,44553,144
2017-04-08|3|Geelong Cats|Melbourne Demons,2017-04-08,2017,44892.0,37.0,44012.0,5.0,44584,141
2017-04-08|3|Greater Western Sydney Giants|North Melbourne Kangaroos,2017-04-08,2017,44208.0,31.0,43516.0,3.0,44208,119
2017-04-08|3|Richmond Tigers|West Coast Eagles,2017-04-08,2017,44371.0,40.0,44266.0,3.0,44371,156
2017-04-09|3|Brisbane Lions|St Kilda Saints,2017-04-09,2017,44782.0,32.0,44786.0,3.0,44786,137
2017-04-09|3|Carlton Blues|Essendon Bombers,2017-04-09,2017,43884.0,35.0,44558.0,2.0,44558,145
2017-04-09|3|Gold Coast Suns|Hawthorn Hawks,2017-04-09,2017,43262.0,36.0,44378.0,6.0,43262,138
2017-04-13|4|Sydney Swans|West Coast Eagles,2017-04-13,2017,44215.0,33.0,43640.0,3.0,44924,132
2017-04-14|4|North Melbourne Kangaroos|Western Bulldogs,2017-04-14,2017,43658.0,33.0,43460.0,4.0,43908,112
2017-04-15|4|Adelaide Crows|Essendon Bombers,2017-04-15,2017,44249.0,36.0,43383.0,6.0,44955,143
2017-04-15|4|Carlton Blues|Gold Coast Suns,2017-04-15,2017,43262.0,34.0,44331.0,7.0,44378,138
2017-04-15|4|Fremantle Dockers|Melbourne Demons,2017-04-15,2017,45131.0,28.0,44585.0,4.0,44585,119
2017-04-15|4|Greater Western Sydney Giants|Port Adelaide Power,2017-04-15,2017,44886.0,32.0,44662.0,6.0,44208,127
2017-04-16|4|Brisbane Lions|Richmond Tigers,2017-04-16,2017,44809.0,33.0,43536.0,4.0,44809,157
2017-04-16|4|Collingwood Magpies|St Kilda Saints,2017-04-16,2017,43269.0,39.0,43470.0,2.0,44799,134
2017-04-17|4|Geelong Cats|Hawthorn Hawks,2017-04-17,2017,44066.0,35.0,44012.0,4.0,44474,133
2017-04-21|5|Carlton Blues|Port Adelaide Power,2017-04-21,2017,43642.0,37.0,43927.0,5.0,43772,149
2017-04-22|5|Adelaide Crows|Gold Coast Suns,2017-04-22,2017,43344.0,36.0,43547.0,5.0,44955,132
2017-04-22|5|Brisbane Lions|Western Bulldogs,2017-04-22,2017,43358.0,36.0,43756.0,3.0,45307,157
2017-04-22|5|Fremantle Dockers|North Melbourne Kangaroos,2017-04-22,2017,44553.0,30.0,44254.0,2.0,44049,98
2017-04-22|5|Greater Western Sydney Giants|Sydney Swans,2017-04-22,2017,44290.0,29.0,43932.0,4.0,43516,123
2017-04-23|5|Geelong Cats|St Kilda Saints,2017-04-23,2017,44892.0,43.0,44502.0,3.0,44892,175
2017-04-23|5|Hawthorn Hawks|West Coast Eagles,2017-04-23,2017,44510.0,37.0,43682.0,4.0,44414,129
2017-04-24|5|Melbourne Demons|Richmond Tigers,2017-04-24,2017,44371.0,32.0,44785.0,6.0,44575,131
2017-04-25|5|Collingwood Magpies|Essendon Bombers,2017-04-25,2017,45112.0,39.0,43805.0,4.0,45112,144
2017-04-28|6|Greater Western Sydney Giants|Western Bulldogs,2017-04-28,2017,44919.0,29.0,43516.0,4.0,45249,107
2017-04-29|6|Brisbane Lions|Port Adelaide Power,2017-04-29,2017,45267.0,31.0,43728.0,4.0,43728,125
2017-04-29|6|Carlton Blues|Sydney Swans,2017-04-29,2017,43731.0,39.0,45283.0,4.0,44941,161
2017-04-29|6|Fremantle Dockers|West Coast Eagles,2017-04-29,2017,43859.0,34.0,44216.0,6.0,45293,152
2017-04-29|6|Gold Coast Suns|North Melbourne Kangaroos,2017-04-29,2017,43262.0,45.0,43460.0,6.0,43262,162
2017-04-29|6|Hawthorn Hawks|St Kilda Saints,2017-04-29,2017,45013.0,36.0,44786.0,4.0,45013,133
2017-04-30|6|Adelaide Crows|Richmond Tigers,2017-04-30,2017,43647.0,38.0,45161.0,5.0,44134,158
2017-04-30|6|Collingwood Magpies|Geelong Cats,2017-04-30,2017,43269.0,36.0,43586.0,2.0,43269,148
2017-04-30|6|Essendon Bombers|Melbourne Demons,2017-04-30,2017,44630.0,33.0,44681.0,4.0,44410,116
2017-05-05|7|Greater Western Sydney Giants|St Kilda Saints,2017-05-05,2017,44823.0,31.0,43938.0,3.0,43390,116
2017-05-06|7|Adelaide Crows|North Melbourne Kangaroos,2017-05-06,2017,43647.0,38.0,45157.0,6.0,45157,150
2017-05-06|7|Carlton Blues|Collingwood Magpies,2017-05-06,2017,44558.0,30.0,43788.0,3.0,43269,117
2017-05-06|7|Geelong Cats|Gold Coast Suns,2017-05-06,2017,43753.0,33.0,43547.0,3.0,43965,156
2017-05-06|7|Port Adelaide Power|West Coast Eagles,2017-05-06,2017,45267.0,34.0,44266.0,4.0,45267,132
2017-05-06|7|Richmond Tigers|Western Bulldogs,2017-05-06,2017,43666.0,31.0,44785.0,4.0,44107,131
2017-05-07|7|Brisbane Lions|Sydney Swans,2017-05-07,2017,44809.0,32.0,43847.0,8.0,44809,167
2017-05-07|7|Essendon Bombers|Fremantle Dockers,2017-05-07,2017,44585.0,39.0,45056.0,4.0,44049,159
2017-05-07|7|Hawthorn Hawks|Melbourne Demons,2017-05-07,2017,45150.0,32.0,44825.0,4.0,45150,145
2017-05-12|8|West Coast Eagles|Western Bulldogs,2017-05-12,2017,43859.0,35.0,44216.0,3.0,43859,146
2017-05-13|8|Adelaide Crows|Melbourne Demons,2017-05-13,2017,44249.0,37.0,44671.0,3.0,44134,132
2017-05-13|8|Brisbane Lions|Hawthorn Hawks,2017-05-13,2017,44510.0,36.0,44027.0,3.0,44375,134
2017-05-13|8|Carlton Blues|St Kilda Saints,2017-05-13,2017,44593.0,33.0,43390.0,5.0,43390,151
2017-05-13|8|Collingwood Magpies|Greater Western Sydney Giants,2017-05-13,2017,44208.0,36.0,43516.0,6.0,44208,162
2017-05-13|8|Essendon Bombers|Geelong Cats,2017-05-13,2017,44481.0,33.0,43678.0,5.0,44481,150
2017-05-14|8|Fremantle Dockers|Richmond Tigers,2017-05-14,2017,45170.0,38.0,44785.0,3.0,45170,137
2017-05-14|8|Gold Coast Suns|Port Adelaide Power,2017-05-14,2017,43965.0,37.0,43546.0,3.0,43406,153
2017-05-14|8|North Melbourne Kangaroos|Sydney Swans,2017-05-14,2017,44215.0,37.0,44765.0,3.0,44592,135
2017-05-19|9|Geelong Cats|Western Bulldogs,2017-05-19,2017,43674.0,36.0,45065.0,5.0,43753,169
2017-05-20|9|Adelaide Crows|Brisbane Lions,2017-05-20,2017,43358.0,40.0,43512.0,4.0,43358,144
2017-05-20|9|Collingwood Magpies|Hawthorn Hawks,2017-05-20,2017,44510.0,50.0,43444.0,3.0,44510,177
2017-05-20|9|Greater Western Sydney Giants|Richmond Tigers,2017-05-20,2017,44208.0,32.0,43516.0,3.0,44371,122
2017-05-20|9|St Kilda Saints|Sydney Swans,2017-05-20,2017,44823.0,37.0,43847.0,4.0,43982,159
2017-05-21|9|Carlton Blues|Fremantle Dockers,2017-05-21,2017,44585.0,37.0,43651.0,3.0,43399,134
2017-05-21|9|Essendon Bombers|West Coast Eagles,2017-05-21,2017,44481.0,37.0,43678.0,5.0,45304,137
2017-05-21|9|Melbourne Demons|North Melbourne Kangaroos,2017-05-21,2017,44039.0,33.0,43460.0,5.0,43908,148
2017-05-25|10|Geelong Cats|Port Adelaide Power,2017-05-25,2017,44892.0,33.0,43674.0,3.0,43674,125
2017-05-26|10|Hawthorn Hawks|Sydney Swans,2017-05-26,2017,43982.0,35.0,43847.0,5.0,44918,133
2017-05-27|10|Adelaide Crows|Fremantle Dockers,2017-05-27,2017,43311.0,37.0,44640.0,4.0,44955,157
2017-05-27|10|Essendon Bombers|Richmond Tigers,2017-05-27,2017,45304.0,35.0,43678.0,3.0,44371,133
2017-05-27|10|Gold Coast Suns|Melbourne Demons,2017-05-27,2017,44630.0,35.0,43872.0,5.0,43872,138
2017-05-27|10|St Kilda Saints|Western Bulldogs,2017-05-27,2017,44593.0,35.0,45033.0,5.0,44593,143
2017-05-28|10|Brisbane Lions|Collingwood Magpies,2017-05-28,2017,44927.0,34.0,43788.0,4.0,44927,139
2017-05-28|10|Carlton Blues|North Melbourne Kangaroos,2017-05-28,2017,43884.0,38.0,43874.0,3.0,43884,145
2017-05-28|10|Greater Western Sydney Giants|West Coast Eagles,2017-05-28,2017,43859.0,35.0,44216.0,3.0,43859,124
2017-06-01|11|Hawthorn Hawks|Port Adelaide Power,2017-06-01,2017,43772.0,34.0,43728.0,4.0,43772,142
2017-06-02|11|Adelaide Crows|Geelong Cats,2017-06-02,2017,44892.0,35.0,43674.0,3.0,43674,131
2017-06-03|11|Essendon Bombers|Greater Western Sydney Giants,2017-06-03,2017,44208.0,38.0,43932.0,3.0,44208,159
2017-06-03|11|Gold Coast Suns|West Coast Eagles,2017-06-03,2017,43262.0,36.0,44331.0,3.0,44332,133
2017-06-03|11|North Melbourne Kangaroos|Richmond Tigers,2017-06-03,2017,44371.0,38.0,43314.0,2.0,44371,164
2017-06-04|11|Collingwood Magpies|Fremantle Dockers,2017-06-04,2017,45112.0,35.0,43788.0,3.0,43269,131
2017-06-08|12|Sydney Swans|Western Bulldogs,2017-06-08,2017,44215.0,37.0,43847.0,3.0,44290,122
2017-06-09|12|Adelaide Crows|St Kilda Saints,2017-06-09,2017,44823.0,39.0,43470.0,4.0,44134,117
2017-06-10|12|Brisbane Lions|Fremantle Dockers,2017-06-10,2017,44585.0,32.0,45067.0,4.0,43358,145
2017-06-10|12|Essendon Bombers|Port Adelaide Power,2017-06-10,2017,44481.0,38.0,44077.0,5.0,44481,151
2017-06-10|12|Gold Coast Suns|Hawthorn Hawks,2017-06-10,2017,44510.0,39.0,43955.0,5.0,43262,153
2017-06-11|12|Carlton Blues|Greater Western Sydney Giants,2017-06-11,2017,43731.0,35.0,43656.0,2.0,43731,149
2017-06-12|12|Collingwood Magpies|Melbourne Demons,2017-06-12,2017,44927.0,32.0,44681.0,3.0,43950,158
2017-06-15|13|Geelong Cats|West Coast Eagles,2017-06-15,2017,43674.0,34.0,45000.0,3.0,44508,117
2017-06-16|13|North Melbourne Kangaroos|St Kilda Saints,2017-06-16,2017,43658.0,32.0,43390.0,2.0,44823,115
2017-06-17|13|Brisbane Lions|Port Adelaide Power,2017-06-17,2017,45307.0,32.0,43351.0,3.0,45307,157
2017-06-17|13|Carlton Blues|Gold Coast Suns,2017-06-17,2017,43884.0,43.0,44372.0,3.0,43884,194
2017-06-17|13|Richmond Tigers|Sydney Swans,2017-06-17,2017,43624.0,28.0,43412.0,2.0,44089,114
2017-06-18|13|Melbourne Demons|Western Bulldogs,2017-06-18,2017,44281.0,29.0,45196.0,3.0,44826,116
2017-06-22|14|Adelaide Crows|Hawthorn Hawks,2017-06-22,2017,44510.0,38.0,44144.0,3.0,43647,128
2017-06-23|14|Essendon Bombers|Sydney Swans,2017-06-23,2017,44215.0,36.0,44025.0,2.0,44025,122
2017-06-24|14|Brisbane Lions|Greater Western Sydney Giants,2017-06-24,2017,44919.0,38.0,43516.0,4.0,44662,133
2017-06-24|14|Collingwood Magpies|Port Adelaide Power,2017-06-24,2017,44927.0,36.0,43927.0,5.0,44927,124
2017-06-24|14|Melbourne Demons|West Coast Eagles,2017-06-24,2017,45150.0,38.0,44410.0,5.0,44684,121
2017-06-24|14|North Melbourne Kangaroos|Western Bulldogs,2017-06-24,2017,43414.0,28.0,44699.0,3.0,44343,137
2017-06-25|14|Carlton Blues|Richmond Tigers,2017-06-25,2017,43884.0,30.0,44785.0,3.0,43731,126
2017-06-25|14|Fremantle Dockers|Geelong Cats,2017-06-25,2017,43674.0,31.0,44475.0,3.0,43674,134
2017-06-25|14|Gold Coast Suns|St Kilda Saints,2017-06-25,2017,43390.0,30.0,44786.0,3.0,43988,116
2017-06-30|15|Melbourne Demons|Sydney Swans,2017-06-30,2017,44651.0,38.0,43847.0,4.0,44651,148
2017-07-01|15|Adelaide Crows|Carlton Blues,2017-07-01,2017,43646.0,30.0,44144.0,3.0,43884,160
2017-07-01|15|Geelong Cats|Greater Western Sydney Giants,2017-07-01,2017,43674.0,45.0,44662.0,4.0,43674,142
2017-07-01|15|Gold Coast Suns|North Melbourne Kangaroos,2017-07-01,2017,44332.0,39.0,44331.0,5.0,44332,133
2017-07-01|15|Port Adelaide Power|Richmond Tigers,2017-07-01,2017,45267.0,39.0,43492.0,3.0,44251,147
2017-07-01|15|West Coast Eagles|Western Bulldogs,2017-07-01,2017,43859.0,42.0,43682.0,3.0,43859,130
2017-07-02|15|Brisbane Lions|Essendon Bombers,2017-07-02,2017,43903.0,31.0,44060.0,4.0,45191,125
2017-07-02|15|Collingwood Magpies|Hawthorn Hawks,2017-07-02,2017,44510.0,35.0,43635.0,3.0,44510,135
2017-07-02|15|Fremantle Dockers|St Kilda Saints,2017-07-02,2017,44823.0,34.0,45170.0,6.0,45170,145
2017-07-07|16|Adelaide Crows|Western Bulldogs,2017-07-07,2017,43647.0,32.0,44144.0,4.0,44249,135
2017-07-08|16|Brisbane Lions|Geelong Cats,2017-07-08,2017,43674.0,38.0,44012.0,4.0,45307,181
2017-07-08|16|Collingwood Magpies|Essendon Bombers,2017-07-08,2017,45304.0,38.0,43805.0,5.0,44114,122
2017-07-08|16|Gold Coast Suns|Sydney Swans,2017-07-08,2017,44290.0,30.0,44813.0,5.0,44651,117
2017-07-08|16|Greater Western Sydney Giants|Hawthorn Hawks,2017-07-08,2017,44510.0,39.0,44662.0,5.0,44510,143
2017-07-08|16|Richmond Tigers|St Kilda Saints,2017-07-08,2017,44823.0,33.0,44472.0,5.0,44823,134
2017-07-09|16|Carlton Blues|Melbourne Demons,2017-07-09,2017,44220.0,35.0,44410.0,4.0,43731,152
2017-07-09|16|Fremantle Dockers|North Melbourne Kangaroos,2017-07-09,2017,43858.0,33.0,43460.0,4.0,43399,135
2017-07-09|16|Port Adelaide Power|West Coast Eagles,2017-07-09,2017,43772.0,31.0,43728.0,5.0,44847,135
2017-07-14|17|Essendon Bombers|St Kilda Saints,2017-07-14,2017,44481.0,37.0,43678.0,4.0,44481,144
2017-07-15|17|Adelaide Crows|Melbourne Demons,2017-07-15,2017,44249.0,34.0,45161.0,4.0,44330,130
2017-07-15|17|Collingwood Magpies|Gold Coast Suns,2017-07-15,2017,43262.0,41.0,44761.0,3.0,43262,152
2017-07-15|17|Geelong Cats|Hawthorn Hawks,2017-07-15,2017,44510.0,43.0,43674.0,5.0,44510,147
2017-07-15|17|Greater Western Sydney Giants|Sydney Swans,2017-07-15,2017,44919.0,32.0,43847.0,4.0,44919,118
2017-07-15|17|North Melbourne Kangaroos|Port Adelaide Power,2017-07-15,2017,43658.0,33.0,43928.0,4.0,45267,136
2017-07-16|17|Brisbane Lions|Richmond Tigers,2017-07-16,2017,44371.0,40.0,44785.0,4.0,44371,131
2017-07-16|17|Carlton Blues|Western Bulldogs,2017-07-16,2017,43884.0,32.0,45283.0,3.0,44343,123
2017-07-16|17|Fremantle Dockers|West Coast Eagles,2017-07-16,2017,43859.0,35.0,44216.0,3.0,43399,149
2017-07-21|18|Adelaide Crows|Geelong Cats,2017-07-21,2017,43647.0,32.0,45065.0,5.0,44955,134
2017-07-22|18|Essendon Bombers|North Melbourne Kangaroos,2017-07-22,2017,43886.0,28.0,43460.0,6.0,43874,129
2017-07-22|18|Fremantle Dockers|Hawthorn Hawks,2017-07-22,2017,44510.0,37.0,43444.0,2.0,43955,132
2017-07-22|18|Gold Coast Suns|Western Bulldogs,2017-07-22,2017,44107.0,31.0,44699.0,6.0,44107,115
2017-07-22|18|Melbourne Demons|Port Adelaide Power,2017-07-22,2017,44039.0,36.0,43406.0,4.0,44039,129
2017-07-22|18|St Kilda Saints|Sydney Swans,2017-07-22,2017,44823.0,37.0,44944.0,5.0,44944,117
2017-07-23|18|Brisbane Lions|Carlton Blues,2017-07-23,2017,43358.0,30.0,43358.0,3.0,43358,142
2017-07-23|18|Collingwood Magpies|West Coast Eagles,2017-07-23,2017,45112.0,35.0,44216.0,6.0,43950,127
2017-07-23|18|Greater Western Sydney Giants|Richmond Tigers,2017-07-23,2017,45176.0,37.0,44785.0,2.0,44371,116
2017-07-28|19|Hawthorn Hawks|Sydney Swans,2017-07-28,2017,44592.0,29.0,44648.0,3.0,44966,114
2017-07-29|19|Carlton Blues|Geelong Cats,2017-07-29,2017,44474.0,30.0,44012.0,6.0,44012,158
2017-07-29|19|Fremantle Dockers|Greater Western Sydney Giants,2017-07-29,2017,43858.0,31.0,44223.0,3.0,44845,138
2017-07-29|19|Gold Coast Suns|Richmond Tigers,2017-07-29,2017,43965.0,40.0,43536.0,3.0,43965,152
2017-07-29|19|Melbourne Demons|North Melbourne Kangaroos,2017-07-29,2017,44279.0,33.0,43460.0,4.0,44630,128
2017-07-29|19|Port Adelaide Power|St Kilda Saints,2017-07-29,2017,44823.0,31.0,44472.0,3.0,43760,116
2017-07-30|19|Adelaide Crows|Collingwood Magpies,2017-07-30,2017,43647.0,36.0,44419.0,4.0,43269,151
2017-07-30|19|Brisbane Lions|West Coast Eagles,2017-07-30,2017,43358.0,41.0,44216.0,6.0,43358,144
2017-07-30|19|Essendon Bombers|Western Bulldogs,2017-07-30,2017,45304.0,32.0,43678.0,6.0,43678,127
2017-08-04|20|Geelong Cats|Sydney Swans,2017-08-04,2017,43753.0,32.0,44012.0,3.0,44893,131
2017-08-05|20|Brisbane Lions|Western Bulldogs,2017-08-05,2017,44107.0,29.0,44699.0,3.0,44343,126
2017-08-05|20|Carlton Blues|Essendon Bombers,2017-08-05,2017,44033.0,34.0,43678.0,3.0,44033,138
2017-08-05|20|Collingwood Magpies|North Melbourne Kangaroos,2017-08-05,2017,45112.0,34.0,45306.0,5.0,45306,130
2017-08-05|20|Fremantle Dockers|Gold Coast Suns,2017-08-05,2017,43262.0,33.0,44392.0,4.0,44585,152
2017-08-05|20|Greater Western Sydney Giants|Melbourne Demons,2017-08-05,2017,44279.0,35.0,44208.0,3.0,43878,140
2017-08-06|20|Adelaide Crows|Port Adelaide Power,2017-08-06,2017,43647.0,34.0,43383.0,4.0,43646,129
2017-08-06|20|Hawthorn Hawks|Richmond Tigers,2017-08-06,2017,44510.0,35.0,43504.0,4.0,43504,142
2017-08-06|20|St Kilda Saints|West Coast Eagles,2017-08-06,2017,43266.0,30.0,44216.0,5.0,45003,124
2017-08-11|21|Greater Western Sydney Giants|Western Bulldogs,2017-08-11,2017,44919.0,30.0,44662.0,4.0,45249,112
2017-08-12|21|Adelaide Crows|Essendon Bombers,2017-08-12,2017,43647.0,35.0,44077.0,4.0,44144,130
2017-08-12|21|Brisbane Lions|Gold Coast Suns,2017-08-12,2017,43358.0,32.0,43358.0,4.0,43358,143
2017-08-12|21|Carlton Blues|West Coast Eagles,2017-08-12,2017,44558.0,29.0,44216.0,6.0,44558,117
2017-08-12|21|Fremantle Dockers|Sydney Swans,2017-08-12,2017,43982.0,29.0,43847.0,4.0,43847,129
2017-08-12|21|Geelong Cats|Richmond Tigers,2017-08-12,2017,43674.0,30.0,45065.0,4.0,43674,130
2017-08-13|21|Collingwood Magpies|Port Adelaide Power,2017-08-13,2017,45267.0,32.0,44761.0,4.0,43269,128
2017-08-13|21|Hawthorn Hawks|North Melbourne Kangaroos,2017-08-13,2017,44510.0,35.0,43444.0,4.0,43955,127
2017-08-13|21|Melbourne Demons|St Kilda Saints,2017-08-13,2017,44186.0,35.0,43996.0,3.0,43390,135
2017-08-18|22|Adelaide Crows|Sydney Swans,2017-08-18,2017,43647.0,34.0,44419.0,4.0,44955,153
2017-08-19|22|Carlton Blues|Hawthorn Hawks,2017-08-19,2017,44510.0,44.0,43535.0,2.0,43731,143
2017-08-19|22|Collingwood Magpies|Geelong Cats,2017-08-19,2017,43753.0,32.0,43454.0,2.0,43269,132
2017-08-19|22|Essendon Bombers|Gold Coast Suns,2017-08-19,2017,45304.0,38.0,43273.0,3.0,45304,130
2017-08-19|22|Greater Western Sydney Giants|West Coast Eagles,2017-08-19,2017,44208.0,43.0,44216.0,4.0,44208,130
2017-08-19|22|Port Adelaide Power|Western Bulldogs,2017-08-19,2017,44343.0,36.0,43669.0,4.0,44343,149
2017-08-20|22|Brisbane Lions|Melbourne Demons,2017-08-20,2017,43358.0,33.0,44067.0,6.0,43358,138
2017-08-20|22|Fremantle Dockers|Richmond Tigers,2017-08-20,2017,43944.0,36.0,45109.0,6.0,43944,153
2017-08-20|22|North Melbourne Kangaroos|St Kilda Saints,2017-08-20,2017,45013.0,39.0,43470.0,3.0,43658,135
2017-08-25|23|Hawthorn Hawks|Western Bulldogs,2017-08-25,2017,43428.0,33.0,44825.0,5.0,43428,133
2017-08-26|23|Brisbane Lions|North Melbourne Kangaroos,2017-08-26,2017,43560.0,27.0,43460.0,7.0,45307,116
2017-08-26|23|Carlton Blues|Sydney Swans,2017-08-26,2017,44558.0,32.0,43847.0,10.0,43847,171
2017-08-26|23|Collingwood Magpies|Melbourne Demons,2017-08-26,2017,44630.0,30.0,43788.0,3.0,44086,118
2017-08-26|23|Geelong Cats|Greater Western Sydney Giants,2017-08-26,2017,45176.0,37.0,43516.0,3.0,44474,131
2017-08-26|23|Gold Coast Suns|Port Adelaide Power,2017-08-26,2017,45268.0,32.0,43928.0,6.0,43928,127
2017-08-27|23|Adelaide Crows|West Coast Eagles,2017-08-27,2017,43647.0,45.0,43640.0,3.0,43647,150
2017-08-27|23|Essendon Bombers|Fremantle Dockers,2017-08-27,2017,43903.0,32.0,44481.0,4.0,44481,144
2017-08-27|23|Richmond Tigers|St Kilda Saints,2017-08-27,2017,44371.0,36.0,43938.0,5.0,43944,123
2017-09-07|QF|Adelaide Crows|Greater Western Sydney Giants,2017-09-07,2017,44208.0,33.0,43383.0,3.0,43606,134
2017-09-08|QF|Geelong Cats|Richmond Tigers,2017-09-08,2017,43674.0,31.0,43504.0,2.0,43753,131
2017-09-09|EF|Essendon Bombers|Sydney Swans,2017-09-09,2017,44114.0,30.0,43847.0,4.0,44114,111
2017-09-09|EF|Port Adelaide Power|West Coast Eagles,2017-09-09,2017,44924.0,32.0,43682.0,3.0,44924,151
2017-09-15|SF|Geelong Cats|Sydney Swans,2017-09-15,2017,43753.0,36.0,43674.0,4.0,43753,160
2017-09-16|SF|Greater Western Sydney Giants|West Coast Eagles,2017-09-16,2017,43606.0,35.0,44161.0,6.0,45230,128
2017-09-22|PF|Adelaide Crows|Geelong Cats,2017-09-22,2017,44892.0,34.0,43512.0,5.0,43646,133
2017-09-23|PF|Greater Western Sydney Giants|Richmond Tigers,2017-09-23,2017,44208.0,28.0,44054.0,4.0,45176,118
2017-09-30|GF|Adelaide Crows|Richmond Tigers,2017-09-30,2017,43647.0,37.0,43920.0,3.0,44089,131
2018-03-22|1|Carlton Blues|Richmond Tigers,2018-03-22,2018,43642.0,36.0,43659.0,5.0,43642,130
2018-03-23|1|Adelaide Crows|Essendon Bombers,2018-03-23,2018,43647.0,41.0,44077.0,3.0,44033,145
2018-03-24|1|Brisbane Lions|St Kilda Saints,2018-03-24,2018,45013.0,34.0,43380.0,3.0,45013,133
2018-03-24|1|Collingwood Magpies|Hawthorn Hawks,2018-03-24,2018,44510.0,54.0,43444.0,4.0,44510,156
2018-03-24|1|Fremantle Dockers|Port Adelaide Power,2018-03-24,2018,44585.0,38.0,44367.0,4.0,45214,132
2018-03-24|1|Gold Coast Suns|North Melbourne Kangaroos,2018-03-24,2018,45047.0,32.0,43273.0,2.0,45271,140
2018-03-25|1|Geelong Cats|Melbourne Demons,2018-03-25,2018,43262.0,39.0,44475.0,4.0,43878,138
2018-03-25|1|Greater Western Sydney Giants|Western Bulldogs,2018-03-25,2018,45230.0,34.0,43516.0,6.0,43606,146
2018-03-25|1|Sydney Swans|West Coast Eagles,2018-03-25,2018,44651.0,32.0,43847.0,8.0,43847,151
2018-03-29|2|Adelaide Crows|Richmond Tigers,2018-03-29,2018,44249.0,42.0,44144.0,5.0,44249,141
2018-03-30|2|North Melbourne Kangaroos|St Kilda Saints,2018-03-30,2018,45200.0,30.0,43460.0,6.0,45157,146
2018-03-31|2|Brisbane Lions|Melbourne Demons,2018-03-31,2018,44630.0,35.0,44067.0,5.0,44067,133
2018-03-31|2|Carlton Blues|Gold Coast Suns,2018-03-31,2018,43660.0,38.0,44331.0,8.0,43660,160
2018-03-31|2|Collingwood Magpies|Greater Western Sydney Giants,2018-03-31,2018,44696.0,32.0,43516.0,3.0,44696,131
2018-03-31|2|Essendon Bombers|Fremantle Dockers,2018-03-31,2018,43399.0,30.0,45056.0,4.0,43858,123
2018-04-01|2|Port Adelaide Power|Sydney Swans,2018-04-01,2018,45268.0,35.0,43847.0,4.0,45268,125
2018-04-01|2|West Coast Eagles|Western Bulldogs,2018-04-01,2018,44450.0,30.0,43682.0,4.0,44343,134
2018-04-02|2|Geelong Cats|Hawthorn Hawks,2018-04-02,2018,44510.0,40.0,44475.0,4.0,43262,138
2018-04-06|3|Carlton Blues|Collingwood Magpies,2018-04-06,2018,44927.0,34.0,45081.0,5.0,43950,141
2018-04-07|3|Adelaide Crows|St Kilda Saints,2018-04-07,2018,44249.0,32.0,43383.0,3.0,44823,132
2018-04-07|3|Brisbane Lions|Port Adelaide Power,2018-04-07,2018,44375.0,30.0,43512.0,3.0,44375,177
2018-04-07|3|Fremantle Dockers|Gold Coast Suns,2018-04-07,2018,43858.0,38.0,43706.0,3.0,44332,151
2018-04-07|3|Greater Western Sydney Giants|Sydney Swans,2018-04-07,2018,43606.0,27.0,43516.0,3.0,44662,123
2018-04-07|3|Melbourne Demons|North Melbourne Kangaroos,2018-04-07,2018,44279.0,27.0,43460.0,4.0,43878,114
2018-04-08|3|Essendon Bombers|Western Bulldogs,2018-04-08,2018,44107.0,35.0,43414.0,3.0,44107,148
2018-04-08|3|Geelong Cats|West Coast Eagles,2018-04-08,2018,43674.0,33.0,44012.0,3.0,43859,120
2018-04-08|3|Hawthorn Hawks|Richmond Tigers,2018-04-08,2018,44510.0,42.0,44785.0,4.0,44510,148
2018-04-13|4|Adelaide Crows|Collingwood Magpies,2018-04-13,2018,44927.0,43.0,45007.0,5.0,44927,137
2018-04-14|4|Brisbane Lions|Richmond Tigers,2018-04-14,2018,45270.0,27.0,44371.0,6.0,44371,111
2018-04-14|4|Carlton Blues|North Melbourne Kangaroos,2018-04-14,2018,44044.0,30.0,43460.0,5.0,44044,117
2018-04-14|4|Fremantle Dockers|Greater Western Sydney Giants,2018-04-14,2018,45176.0,34.0,43516.0,2.0,44019,122
2018-04-14|4|Gold Coast Suns|West Coast Eagles,2018-04-14,2018,45293.0,33.0,44216.0,5.0,44377,138
2018-04-14|4|Sydney Swans|Western Bulldogs,2018-04-14,2018,44343.0,29.0,43847.0,3.0,44343,128
2018-04-15|4|Essendon Bombers|Port Adelaide Power,2018-04-15,2018,43927.0,34.0,45033.0,4.0,44114,131
2018-04-15|4|Geelong Cats|St Kilda Saints,2018-04-15,2018,45125.0,29.0,44475.0,5.0,44650,138
2018-04-15|4|Hawthorn Hawks|Melbourne Demons,2018-04-15,2018,44918.0,31.0,43444.0,4.0,44918,137
2018-04-20|5|Adelaide Crows|Sydney Swans,2018-04-20,2018,44249.0,30.0,45161.0,4.0,44025,115
2018-04-21|5|Carlton Blues|West Coast Eagles,2018-04-21,2018,43642.0,34.0,44437.0,4.0,43642,138
2018-04-21|5|Fremantle Dockers|Western Bulldogs,2018-04-21,2018,43858.0,43.0,45170.0,5.0,43858,136
2018-04-21|5|Geelong Cats|Port Adelaide Power,2018-04-21,2018,44892.0,29.0,44082.0,2.0,43772,126
2018-04-21|5|Greater Western Sydney Giants|St Kilda Saints,2018-04-21,2018,44823.0,31.0,44397.0,3.0,43713,136
2018-04-22|5|Brisbane Lions|Gold Coast Suns,2018-04-22,2018,43358.0,28.0,44060.0,3.0,45270,123
2018-04-22|5|Hawthorn Hawks|North Melbourne Kangaroos,2018-04-22,2018,43658.0,30.0,43444.0,5.0,45062,119
2018-04-24|5|Melbourne Demons|Richmond Tigers,2018-04-24,2018,44630.0,31.0,44470.0,4.0,43878,143
2018-04-25|5|Collingwood Magpies|Essendon Bombers,2018-04-25,2018,45112.0,34.0,44927.0,3.0,43903,129
2018-04-27|6|Carlton Blues|Western Bulldogs,2018-04-27,2018,43642.0,32.0,44285.0,3.0,44343,145
2018-04-28|6|Adelaide Crows|Gold Coast Suns,2018-04-28,2018,44249.0,34.0,43735.0,3.0,44332,131
2018-04-28|6|Brisbane Lions|Greater Western Sydney Giants,2018-04-28,2018,43410.0,35.0,43358.0,1.0,45230,126
2018-04-28|6|Geelong Cats|Sydney Swans,2018-04-28,2018,44215.0,33.0,44020.0,3.0,44290,120
2018-04-28|6|Hawthorn Hawks|St Kilda Saints,2018-04-28,2018,44510.0,45.0,44966.0,4.0,44510,147
2018-04-28|6|North Melbourne Kangaroos|Port Adelaide Power,2018-04-28,2018,44715.0,34.0,43460.0,4.0,44715,156
2018-04-29|6|Collingwood Magpies|Richmond Tigers,2018-04-29,2018,45112.0,42.0,43504.0,4.0,45112,147
2018-04-29|6|Essendon Bombers|Melbourne Demons,2018-04-29,2018,44481.0,29.0,43855.0,3.0,43878,135
2018-04-29|6|Fremantle Dockers|West Coast Eagles,2018-04-29,2018,44585.0,35.0,43682.0,3.0,44585,138
2018-05-04|7|Geelong Cats|Greater Western Sydney Giants,2018-05-04,2018,43753.0,33.0,44012.0,4.0,44892,120
2018-05-05|7|Adelaide Crows|Carlton Blues,2018-05-05,2018,43647.0,32.0,44419.0,5.0,43660,137
2018-05-05|7|Essendon Bombers|Hawthorn Hawks,2018-05-05,2018,44510.0,29.0,44825.0,3.0,44926,135
2018-05-05|7|Gold Coast Suns|Western Bulldogs,2018-05-05,2018,44343.0,35.0,43706.0,2.0,44343,151
2018-05-05|7|North Melbourne Kangaroos|Sydney Swans,2018-05-05,2018,44215.0,31.0,45279.0,4.0,44215,122
2018-05-05|7|Port Adelaide Power|West Coast Eagles,2018-05-05,2018,43859.0,35.0,44216.0,4.0,44756,138
2018-05-06|7|Brisbane Lions|Collingwood Magpies,2018-05-06,2018,44927.0,34.0,43905.0,5.0,45307,176
2018-05-06|7|Fremantle Dockers|Richmond Tigers,2018-05-06,2018,44585.0,35.0,44785.0,3.0,43858,128
2018-05-06|7|Melbourne Demons|St Kilda Saints,2018-05-06,2018,44630.0,36.0,44067.0,3.0,44823,121
2018-05-11|8|Hawthorn Hawks|Sydney Swans,2018-05-11,2018,44290.0,36.0,44814.0,7.0,44814,121
2018-05-12|8|Adelaide Crows|Port Adelaide Power,2018-05-12,2018,44809.0,31.0,43927.0,6.0,44809,127
2018-05-12|8|Brisbane Lions|Western Bulldogs,2018-05-12,2018,44343.0,42.0,43414.0,4.0,44343,155
2018-05-12|8|Carlton Blues|Essendon Bombers,2018-05-12,2018,45079.0,29.0,43659.0,3.0,43660,142
2018-05-12|8|Fremantle Dockers|St Kilda Saints,2018-05-12,2018,43858.0,36.0,43540.0,2.0,43399,131
2018-05-12|8|Gold Coast Suns|Melbourne Demons,2018-05-12,2018,43996.0,33.0,44410.0,5.0,43996,131
2018-05-12|8|Greater Western Sydney Giants|West Coast Eagles,2018-05-12,2018,43859.0,32.0,43682.0,4.0,43682,121
2018-05-13|8|Collingwood Magpies|Geelong Cats,2018-05-13,2018,45112.0,34.0,44474.0,3.0,43641,147
2018-05-13|8|North Melbourne Kangaroos|Richmond Tigers,2018-05-13,2018,43658.0,38.0,43504.0,4.0,43658,139
2018-05-18|9|Adelaide Crows|Western Bulldogs,2018-05-18,2018,44343.0,31.0,43383.0,4.0,44343,144
2018-05-19|9|Collingwood Magpies|St Kilda Saints,2018-05-19,2018,44927.0,38.0,43905.0,6.0,43950,135
2018-05-19|9|Essendon Bombers|Geelong Cats,2018-05-19,2018,44481.0,32.0,44445.0,4.0,45304,133
2018-05-19|9|Fremantle Dockers|Sydney Swans,2018-05-19,2018,44290.0,41.0,43847.0,3.0,44290,163
2018-05-19|9|Gold Coast Suns|Port Adelaide Power,2018-05-19,2018,43406.0,29.0,43928.0,2.0,43988,129
2018-05-19|9|Greater Western Sydney Giants|North Melbourne Kangaroos,2018-05-19,2018,43288.0,26.0,43460.0,5.0,45157,119
2018-05-20|9|Brisbane Lions|Hawthorn Hawks,2018-05-20,2018,44510.0,46.0,43955.0,4.0,44510,149
2018-05-20|9|Carlton Blues|Melbourne Demons,2018-05-20,2018,43642.0,31.0,44470.0,5.0,43642,140
2018-05-20|9|Richmond Tigers|West Coast Eagles,2018-05-20,2018,45293.0,29.0,43682.0,6.0,43682,151
2018-05-25|10|Collingwood Magpies|Western Bulldogs,2018-05-25,2018,45112.0,40.0,43724.0,2.0,44450,152
2018-05-26|10|Brisbane Lions|Sydney Swans,2018-05-26,2018,43358.0,38.0,44020.0,2.0,44375,137
2018-05-26|10|Carlton Blues|Geelong Cats,2018-05-26,2018,43642.0,31.0,44012.0,3.0,44941,124
2018-05-26|10|Essendon Bombers|Greater Western Sydney Giants,2018-05-26,2018,44905.0,34.0,43320.0,3.0,45304,143
2018-05-26|10|Richmond Tigers|St Kilda Saints,2018-05-26,2018,44823.0,37.0,43504.0,6.0,43504,139
2018-05-27|10|Adelaide Crows|Melbourne Demons,2018-05-27,2018,43438.0,37.0,44067.0,5.0,43438,166
2018-05-27|10|Fremantle Dockers|North Melbourne Kangaroos,2018-05-27,2018,43858.0,31.0,45157.0,3.0,43858,128
2018-05-27|10|Hawthorn Hawks|West Coast Eagles,2018-05-27,2018,43859.0,35.0,44216.0,3.0,43859,154
2018-06-01|11|Carlton Blues|Sydney Swans,2018-06-01,2018,44220.0,29.0,43847.0,3.0,44944,117
2018-06-02|11|Essendon Bombers|Richmond Tigers,2018-06-02,2018,43782.0,31.0,43504.0,4.0,44964,129
2018-06-02|11|Geelong Cats|Gold Coast Suns,2018-06-02,2018,43262.0,37.0,43262.0,3.0,44892,136
2018-06-02|11|Hawthorn Hawks|Port Adelaide Power,2018-06-02,2018,44510.0,28.0,43927.0,4.0,44510,145
2018-06-02|11|Melbourne Demons|Western Bulldogs,2018-06-02,2018,43438.0,39.0,44067.0,5.0,43878,141
2018-06-02|11|St Kilda Saints|West Coast Eagles,2018-06-02,2018,44823.0,32.0,44216.0,6.0,44945,121
2018-06-03|11|Adelaide Crows|Greater Western Sydney Giants,2018-06-03,2018,43647.0,36.0,43516.0,3.0,43884,142
2018-06-03|11|Brisbane Lions|North Melbourne Kangaroos,2018-06-03,2018,44407.0,34.0,43358.0,5.0,43358,137
2018-06-03|11|Collingwood Magpies|Fremantle Dockers,2018-06-03,2018,44927.0,37.0,44086.0,6.0,44383,144
2018-06-08|12|Port Adelaide Power|Richmond Tigers,2018-06-08,2018,45267.0,31.0,44785.0,3.0,45268,138
2018-06-09|12|Geelong Cats|North Melbourne Kangaroos,2018-06-09,2018,43262.0,34.0,44012.0,3.0,43262,137
2018-06-09|12|Gold Coast Suns|Greater Western Sydney Giants,2018-06-09,2018,44208.0,40.0,43516.0,6.0,44208,166
2018-06-09|12|St Kilda Saints|Sydney Swans,2018-06-09,2018,44215.0,31.0,43847.0,4.0,43847,118
2018-06-10|12|Adelaide Crows|Fremantle Dockers,2018-06-10,2018,44585.0,32.0,43632.0,4.0,43884,112
2018-06-10|12|Brisbane Lions|Essendon Bombers,2018-06-10,2018,44481.0,29.0,45033.0,3.0,45033,133
2018-06-11|12|Collingwood Magpies|Melbourne Demons,2018-06-11,2018,44279.0,33.0,44410.0,6.0,44630,135
2018-06-14|13|Port Adelaide Power|Western Bulldogs,2018-06-14,2018,45268.0,35.0,43728.0,3.0,45268,137
2018-06-15|13|Sydney Swans|West Coast Eagles,2018-06-15,2018,43829.0,29.0,43847.0,2.0,45293,136
2018-06-16|13|Adelaide Crows|Hawthorn Hawks,2018-06-16,2018,44510.0,40.0,44926.0,3.0,44510,120
2018-06-16|13|Carlton Blues|Fremantle Dockers,2018-06-16,2018,43642.0,38.0,44585.0,3.0,44585,127
2018-06-16|13|Gold Coast Suns|St Kilda Saints,2018-06-16,2018,44823.0,33.0,43354.0,3.0,44823,137
2018-06-17|13|Geelong Cats|Richmond Tigers,2018-06-17,2018,44892.0,29.0,44012.0,3.0,44892,113
2018-06-21|14|Essendon Bombers|West Coast Eagles,2018-06-21,2018,43859.0,32.0,44964.0,3.0,45293,117
2018-06-22|14|Melbourne Demons|Port Adelaide Power,2018-06-22,2018,45150.0,31.0,44410.0,3.0,43878,113
2018-06-23|14|Brisbane Lions|Greater Western Sydney Giants,2018-06-23,2018,44066.0,30.0,43516.0,3.0,44066,140
2018-06-23|14|Gold Coast Suns|Hawthorn Hawks,2018-06-23,2018,44918.0,33.0,43955.0,3.0,44918,124
2018-06-23|14|North Melbourne Kangaroos|Western Bulldogs,2018-06-23,2018,43651.0,30.0,43460.0,5.0,43917,119
2018-06-24|14|Carlton Blues|Collingwood Magpies,2018-06-24,2018,44927.0,31.0,43642.0,3.0,43642,146
2018-06-28|15|Richmond Tigers|Sydney Swans,2018-06-28,2018,44215.0,36.0,43847.0,4.0,44785,136
2018-06-29|15|Geelong Cats|Western Bulldogs,2018-06-29,2018,44209.0,34.0,44012.0,3.0,44892,120
2018-06-30|15|Adelaide Crows|West Coast Eagles,2018-06-30,2018,43859.0,37.0,45161.0,3.0,43859,148
2018-06-30|15|Carlton Blues|Port Adelaide Power,2018-06-30,2018,43642.0,33.0,43659.0,4.0,45214,113
2018-06-30|15|Collingwood Magpies|Gold Coast Suns,2018-06-30,2018,44497.0,33.0,45081.0,4.0,43950,152
2018-06-30|15|Greater Western Sydney Giants|Hawthorn Hawks,2018-06-30,2018,45176.0,32.0,43444.0,3.0,44510,195
2018-07-01|15|Brisbane Lions|Fremantle Dockers,2018-07-01,2018,43358.0,33.0,44461.0,3.0,44254,114
2018-07-01|15|Essendon Bombers|North Melbourne Kangaroos,2018-07-01,2018,44033.0,34.0,43805.0,4.0,44033,116
2018-07-01|15|Melbourne Demons|St Kilda Saints,2018-07-01,2018,44945.0,30.0,43855.0,4.0,43878,135
2018-07-05|16|Geelong Cats|Sydney Swans,2018-07-05,2018,44290.0,33.0,43847.0,4.0,44892,127
2018-07-06|16|Adelaide Crows|Richmond Tigers,2018-07-06,2018,43647.0,38.0,44144.0,3.0,43647,117
2018-07-07|16|Brisbane Lions|Carlton Blues,2018-07-07,2018,43358.0,40.0,44060.0,6.0,43665,142
2018-07-07|16|Fremantle Dockers|Melbourne Demons,2018-07-07,2018,44630.0,35.0,43632.0,2.0,44630,141
2018-07-07|16|Hawthorn Hawks|Western Bulldogs,2018-07-07,2018,44150.0,32.0,43444.0,6.0,43444,151
2018-07-07|16|Port Adelaide Power|St Kilda Saints,2018-07-07,2018,45267.0,32.0,43728.0,4.0,44809,114
2018-07-08|16|Collingwood Magpies|Essendon Bombers,2018-07-08,2018,44673.0,34.0,43466.0,3.0,44964,150
2018-07-08|16|Gold Coast Suns|North Melbourne Kangaroos,2018-07-08,2018,45088.0,31.0,43460.0,4.0,43908,132
2018-07-08|16|Greater Western Sydney Giants|West Coast Eagles,2018-07-08,2018,43859.0,41.0,45105.0,3.0,43859,146
2018-07-12|17|Adelaide Crows|Geelong Cats,2018-07-12,2018,44249.0,43.0,44012.0,4.0,43674,151
2018-07-13|17|Carlton Blues|St Kilda Saints,2018-07-13,2018,43642.0,35.0,44472.0,3.0,45013,136
2018-07-14|17|Brisbane Lions|Hawthorn Hawks,2018-07-14,2018,44510.0,43.0,44631.0,4.0,44510,157
2018-07-14|17|Essendon Bombers|Gold Coast Suns,2018-07-14,2018,44481.0,37.0,43320.0,3.0,44481,138
2018-07-14|17|Greater Western Sydney Giants|Richmond Tigers,2018-07-14,2018,45230.0,35.0,44256.0,3.0,45230,150
2018-07-14|17|Melbourne Demons|Western Bulldogs,2018-07-14,2018,43438.0,38.0,44067.0,4.0,44343,133
2018-07-15|17|Collingwood Magpies|West Coast Eagles,2018-07-15,2018,43859.0,30.0,43905.0,4.0,44756,135
2018-07-15|17|Fremantle Dockers|Port Adelaide Power,2018-07-15,2018,44585.0,33.0,43632.0,2.0,44553,122
2018-07-15|17|North Melbourne Kangaroos|Sydney Swans,2018-07-15,2018,44290.0,30.0,44814.0,5.0,43908,125
2018-07-20|18|Richmond Tigers|St Kilda Saints,2018-07-20,2018,44823.0,33.0,44785.0,4.0,44823,121
2018-07-21|18|Adelaide Crows|Brisbane Lions,2018-07-21,2018,43647.0,40.0,43933.0,4.0,45270,138
2018-07-21|18|Collingwood Magpies|North Melbourne Kangaroos,2018-07-21,2018,43658.0,30.0,43905.0,4.0,43269,135
2018-07-21|18|Essendon Bombers|Fremantle Dockers,2018-07-21,2018,44585.0,30.0,43805.0,5.0,44964,121
2018-07-21|18|Geelong Cats|Melbourne Demons,2018-07-21,2018,44630.0,40.0,44012.0,7.0,44630,136
2018-07-21|18|Gold Coast Suns|Sydney Swans,2018-07-21,2018,44215.0,33.0,45294.0,4.0,44215,134
2018-07-22|18|Carlton Blues|Hawthorn Hawks,2018-07-22,2018,44558.0,35.0,43444.0,5.0,44510,187
2018-07-22|18|Greater Western Sydney Giants|Port Adelaide Power,2018-07-22,2018,45230.0,31.0,43728.0,3.0,43606,116
2018-07-22|18|West Coast Eagles|Western Bulldogs,2018-07-22,2018,43859.0,35.0,43640.0,3.0,45293,134
2018-07-27|19|Essendon Bombers|Sydney Swans,2018-07-27,2018,44033.0,31.0,43320.0,2.0,44033,116
2018-07-28|19|Adelaide Crows|Melbourne Demons,2018-07-28,2018,43647.0,32.0,44410.0,3.0,43647,123
2018-07-28|19|Brisbane Lions|Geelong Cats,2018-07-28,2018,43262.0,38.0,44012.0,7.0,44012,132
2018-07-28|19|Carlton Blues|Gold Coast Suns,2018-07-28,2018,43642.0,37.0,43739.0,2.0,43642,162
2018-07-28|19|Collingwood Magpies|Richmond Tigers,2018-07-28,2018,44927.0,38.0,45081.0,4.0,43950,147
2018-07-28|19|Greater Western Sydney Giants|St Kilda Saints,2018-07-28,2018,44208.0,32.0,44054.0,4.0,45230,130
2018-07-29|19|Fremantle Dockers|Hawthorn Hawks,2018-07-29,2018,44510.0,42.0,43444.0,4.0,44510,160
2018-07-29|19|North Melbourne Kangaroos|West Coast Eagles,2018-07-29,2018,43658.0,39.0,44044.0,2.0,43658,147
2018-07-29|19|Port Adelaide Power|Western Bulldogs,2018-07-29,2018,44107.0,35.0,43728.0,5.0,45113,120
2018-08-03|20|Geelong Cats|Richmond Tigers,2018-08-03,2018,43674.0,39.0,44785.0,4.0,43674,128
2018-08-04|20|Adelaide Crows|Port Adelaide Power,2018-08-04,2018,43647.0,35.0,43927.0,4.0,43647,134
2018-08-04|20|Brisbane Lions|North Melbourne Kangaroos,2018-08-04,2018,45307.0,35.0,44400.0,3.0,45307,154
2018-08-04|20|Collingwood Magpies|Sydney Swans,2018-08-04,2018,43269.0,32.0,43847.0,6.0,43950,150
2018-08-04|20|Essendon Bombers|Hawthorn Hawks,2018-08-04,2018,44510.0,43.0,43955.0,5.0,44510,146
2018-08-04|20|St Kilda Saints|Western Bulldogs,2018-08-04,2018,44150.0,42.0,43414.0,4.0,44823,160
2018-08-05|20|Carlton Blues|Greater Western Sydney Giants,2018-08-05,2018,44208.0,41.0,43516.0,4.0,44208,153
2018-08-05|20|Fremantle Dockers|West Coast Eagles,2018-08-05,2018,44756.0,33.0,43640.0,4.0,44756,133
2018-08-05|20|Gold Coast Suns|Melbourne Demons,2018-08-05,2018,43438.0,27.0,44899.0,5.0,44630,154
2018-08-10|21|Essendon Bombers|St Kilda Saints,2018-08-10,2018,44823.0,43.0,44406.0,5.0,44823,143
2018-08-11|21|Adelaide Crows|Greater Western Sydney Giants,2018-08-11,2018,43647.0,30.0,44144.0,3.0,45230,135
2018-08-11|21|Brisbane Lions|Collingwood Magpies,2018-08-11,2018,43269.0,33.0,43905.0,4.0,45270,123
2018-08-11|21|Geelong Cats|Hawthorn Hawks,2018-08-11,2018,43674.0,39.0,43262.0,3.0,43262,152
2018-08-11|21|Gold Coast Suns|Richmond Tigers,2018-08-11,2018,43817.0,29.0,44785.0,10.0,44785,192
2018-08-11|21|Port Adelaide Power|West Coast Eagles,2018-08-11,2018,44924.0,31.0,43640.0,3.0,45293,122
2018-08-12|21|Carlton Blues|Fremantle Dockers,2018-08-12,2018,44585.0,34.0,44392.0,3.0,44254,125
2018-08-12|21|Melbourne Demons|Sydney Swans,2018-08-12,2018,44290.0,31.0,44648.0,3.0,44630,127
2018-08-12|21|North Melbourne Kangaroos|Western Bulldogs,2018-08-12,2018,44107.0,44.0,43460.0,4.0,44107,142
2018-08-17|22|Essendon Bombers|Richmond Tigers,2018-08-17,2018,45304.0,30.0,43504.0,4.0,44371,118
2018-08-18|22|Brisbane Lions|Gold Coast Suns,2018-08-18,2018,43358.0,38.0,44899.0,4.0,43358,133
2018-08-18|22|Collingwood Magpies|Port Adelaide Power,2018-08-18,2018,44927.0,33.0,44847.0,3.0,43950,147
2018-08-18|22|Fremantle Dockers|Geelong Cats,2018-08-18,2018,43858.0,37.0,44012.0,6.0,43858,117
2018-08-18|22|Greater Western Sydney Giants|Sydney Swans,2018-08-18,2018,44651.0,33.0,43847.0,5.0,44651,143
2018-08-18|22|Hawthorn Hawks|St Kilda Saints,2018-08-18,2018,44823.0,34.0,43955.0,4.0,43955,123
2018-08-19|22|Adelaide Crows|North Melbourne Kangaroos,2018-08-19,2018,43647.0,46.0,44144.0,3.0,44249,138
2018-08-19|22|Carlton Blues|Western Bulldogs,2018-08-19,2018,43414.0,37.0,43659.0,2.0,43756,132
2018-08-19|22|Melbourne Demons|West Coast Eagles,2018-08-19,2018,44909.0,31.0,44470.0,4.0,43438,142
2018-08-24|23|Essendon Bombers|Port Adelaide Power,2018-08-24,2018,44715.0,30.0,45214.0,5.0,44964,142
2018-08-25|23|Adelaide Crows|Carlton Blues,2018-08-25,2018,43642.0,37.0,44144.0,7.0,44249,138
2018-08-25|23|Collingwood Magpies|Fremantle Dockers,2018-08-25,2018,44049.0,35.0,43330.0,4.0,44254,128
2018-08-25|23|Geelong Cats|Gold Coast Suns,2018-08-25,2018,43344.0,35.0,43674.0,4.0,43674,158
2018-08-25|23|Hawthorn Hawks|Sydney Swans,2018-08-25,2018,44290.0,31.0,44738.0,3.0,44290,126
2018-08-25|23|Richmond Tigers|Western Bulldogs,2018-08-25,2018,44343.0,38.0,44785.0,5.0,44343,190
2018-08-26|23|Brisbane Lions|West Coast Eagles,2018-08-26,2018,43358.0,32.0,43682.0,4.0,43358,119
2018-08-26|23|Greater Western Sydney Giants|Melbourne Demons,2018-08-26,2018,43438.0,32.0,44410.0,3.0,43606,152
2018-08-26|23|North Melbourne Kangaroos|St Kilda Saints,2018-08-26,2018,43754.0,38.0,43460.0,3.0,45003,145
2018-09-06|QF|Hawthorn Hawks|Richmond Tigers,2018-09-06,2018,44510.0,38.0,44434.0,3.0,44918,131
2018-09-07|EF|Geelong Cats|Melbourne Demons,2018-09-07,2018,44630.0,30.0,45206.0,3.0,43996,118
2018-09-08|EF|Greater Western Sydney Giants|Sydney Swans,2018-09-08,2018,45176.0,29.0,43932.0,3.0,43932,125
2018-09-08|QF|Collingwood Magpies|West Coast Eagles,2018-09-08,2018,45293.0,36.0,43269.0,2.0,45293,144
2018-09-14|SF|Hawthorn Hawks|Melbourne Demons,2018-09-14,2018,45150.0,27.0,44410.0,4.0,44510,115
2018-09-15|SF|Collingwood Magpies|Greater Western Sydney Giants,2018-09-15,2018,44927.0,31.0,43905.0,3.0,43606,135
2018-09-21|PF|Collingwood Magpies|Richmond Tigers,2018-09-21,2018,44927.0,41.0,44785.0,5.0,44927,141
2018-09-22|PF|Melbourne Demons|West Coast Eagles,2018-09-22,2018,44756.0,31.0,44216.0,4.0,44756,162
2018-09-29|GF|Collingwood Magpies|West Coast Eagles,2018-09-29,2018,44924.0,34.0,43905.0,3.0,44924,133
2019-03-21|1|Carlton Blues|Richmond Tigers,2019-03-21,2019,43642.0,32.0,44042.0,3.0,44575,116
2019-03-22|1|Collingwood Magpies|Geelong Cats,2019-03-22,2019,45112.0,34.0,43788.0,3.0,45112,125
2019-03-23|1|Adelaide Crows|Hawthorn Hawks,2019-03-23,2019,43647.0,40.0,43383.0,2.0,44955,144
2019-03-23|1|Brisbane Lions|West Coast Eagles,2019-03-23,2019,44909.0,38.0,44394.0,4.0,44909,133
2019-03-23|1|Melbourne Demons|Port Adelaide Power,2019-03-23,2019,44809.0,44.0,45214.0,5.0,44809,166
2019-03-23|1|Sydney Swans|Western Bulldogs,2019-03-23,2019,44290.0,35.0,44581.0,3.0,43414,128
2019-03-24|1|Essendon Bombers|Greater Western Sydney Giants,2019-03-24,2019,43606.0,31.0,43516.0,4.0,43606,161
2019-03-24|1|Fremantle Dockers|North Melbourne Kangaroos,2019-03-24,2019,44341.0,37.0,44392.0,5.0,44341,118
2019-03-24|1|Gold Coast Suns|St Kilda Saints,2019-03-24,2019,43817.0,30.0,44899.0,4.0,43817,114
2019-03-28|2|Collingwood Magpies|Richmond Tigers,2019-03-28,2019,45112.0,39.0,43905.0,5.0,45112,152
2019-03-29|2|Adelaide Crows|Sydney Swans,2019-03-29,2019,44215.0,36.0,43847.0,3.0,44290,126
2019-03-30|2|Carlton Blues|Port Adelaide Power,2019-03-30,2019,44809.0,37.0,43772.0,3.0,43406,138
2019-03-30|2|Essendon Bombers|St Kilda Saints,2019-03-30,2019,43390.0,28.0,43470.0,2.0,44114,103
2019-03-30|2|Geelong Cats|Melbourne Demons,2019-03-30,2019,44630.0,44.0,44813.0,3.0,43674,134
2019-03-30|2|Greater Western Sydney Giants|West Coast Eagles,2019-03-30,2019,45230.0,33.0,43682.0,4.0,45230,133
2019-03-31|2|Brisbane Lions|North Melbourne Kangaroos,2019-03-31,2019,44585.0,43.0,43512.0,4.0,44585,146
2019-03-31|2|Fremantle Dockers|Gold Coast Suns,2019-03-31,2019,43988.0,32.0,44899.0,4.0,44049,129
2019-03-31|2|Hawthorn Hawks|Western Bulldogs,2019-03-31,2019,44107.0,33.0,43955.0,4.0,44343,124
2019-04-04|3|Adelaide Crows|Geelong Cats,2019-04-04,2019,43646.0,35.0,44487.0,3.0,43674,132
2019-04-05|3|Essendon Bombers|Melbourne Demons,2019-04-05,2019,43438.0,34.0,44406.0,4.0,43438,129
2019-04-06|3|Brisbane Lions|Port Adelaide Power,2019-04-06,2019,44585.0,43.0,44060.0,6.0,44585,135
2019-04-06|3|Carlton Blues|Sydney Swans,2019-04-06,2019,44290.0,32.0,43660.0,4.0,43642,121
2019-04-06|3|Collingwood Magpies|West Coast Eagles,2019-04-06,2019,43859.0,35.0,43640.0,4.0,43950,122
2019-04-06|3|Greater Western Sydney Giants|Richmond Tigers,2019-04-06,2019,45230.0,42.0,43516.0,7.0,45230,162
2019-04-07|3|Fremantle Dockers|St Kilda Saints,2019-04-07,2019,43390.0,32.0,44378.0,3.0,44845,136
2019-04-07|3|Gold Coast Suns|Western Bulldogs,2019-04-07,2019,43414.0,34.0,43756.0,2.0,44343,132
2019-04-07|3|Hawthorn Hawks|North Melbourne Kangaroos,2019-04-07,2019,43658.0,33.0,43444.0,5.0,44631,134
2019-04-11|4|Melbourne Demons|Sydney Swans,2019-04-11,2019,44290.0,34.0,44186.0,3.0,43657,128
2019-04-12|4|Collingwood Magpies|Western Bulldogs,2019-04-12,2019,43676.0,30.0,43788.0,2.0,43950,151
2019-04-13|4|Adelaide Crows|North Melbourne Kangaroos,2019-04-13,2019,43647.0,29.0,43460.0,4.0,44249,115
2019-04-13|4|Brisbane Lions|Essendon Bombers,2019-04-13,2019,44585.0,40.0,44406.0,7.0,44406,139
2019-04-13|4|Fremantle Dockers|West Coast Eagles,2019-04-13,2019,44553.0,36.0,43682.0,3.0,43859,134
2019-04-13|4|Geelong Cats|Greater Western Sydney Giants,2019-04-13,2019,43606.0,34.0,43516.0,3.0,45230,124
2019-04-13|4|Port Adelaide Power|Richmond Tigers,2019-04-13,2019,44809.0,37.0,44331.0,6.0,44809,132
2019-04-14|4|Carlton Blues|Gold Coast Suns,2019-04-14,2019,43642.0,30.0,44419.0,3.0,43642,163
2019-04-14|4|Hawthorn Hawks|St Kilda Saints,2019-04-14,2019,44823.0,39.0,44310.0,3.0,44823,128
2019-04-18|5|Brisbane Lions|Collingwood Magpies,2019-04-18,2019,45112.0,35.0,44488.0,4.0,45112,112
2019-04-19|5|Essendon Bombers|North Melbourne Kangaroos,2019-04-19,2019,44481.0,39.0,43805.0,4.0,44481,143
2019-04-19|5|Port Adelaide Power|West Coast Eagles,2019-04-19,2019,45268.0,35.0,44685.0,5.0,44115,122
2019-04-20|5|Fremantle Dockers|Greater Western Sydney Giants,2019-04-20,2019,43606.0,37.0,43516.0,4.0,45056,128
2019-04-20|5|Melbourne Demons|St Kilda Saints,2019-04-20,2019,44630.0,31.0,44472.0,4.0,44851,117
2019-04-20|5|Richmond Tigers|Sydney Swans,2019-04-20,2019,44290.0,37.0,43847.0,4.0,44290,135
2019-04-21|5|Adelaide Crows|Gold Coast Suns,2019-04-21,2019,43646.0,36.0,43383.0,6.0,43817,126
2019-04-21|5|Carlton Blues|Western Bulldogs,2019-04-21,2019,43642.0,37.0,44437.0,4.0,44437,128
2019-04-22|5|Geelong Cats|Hawthorn Hawks,2019-04-22,2019,44027.0,33.0,44813.0,4.0,44027,141
2019-04-24|6|Melbourne Demons|Richmond Tigers,2019-04-24,2019,44089.0,32.0,43536.0,3.0,44089,125
2019-04-25|6|Collingwood Magpies|Essendon Bombers,2019-04-25,2019,44673.0,38.0,43678.0,4.0,44673,148
2019-04-26|6|North Melbourne Kangaroos|Port Adelaide Power,2019-04-26,2019,43406.0,38.0,43928.0,4.0,43406,127
2019-04-27|6|Adelaide Crows|St Kilda Saints,2019-04-27,2019,43647.0,36.0,45161.0,4.0,44823,122
2019-04-27|6|Brisbane Lions|Gold Coast Suns,2019-04-27,2019,44585.0,28.0,44753.0,3.0,43817,137
2019-04-27|6|Fremantle Dockers|Western Bulldogs,2019-04-27,2019,44107.0,32.0,44378.0,5.0,43858,124
2019-04-27|6|Greater Western Sydney Giants|Sydney Swans,2019-04-27,2019,44080.0,33.0,43606.0,4.0,45061,133
2019-04-28|6|Carlton Blues|Hawthorn Hawks,2019-04-28,2019,44631.0,42.0,43444.0,3.0,44918,145
2019-04-28|6|Geelong Cats|West Coast Eagles,2019-04-28,2019,43674.0,30.0,44813.0,4.0,44041,141
2019-05-03|7|Collingwood Magpies|Port Adelaide Power,2019-05-03,2019,44673.0,36.0,45007.0,4.0,44927,128
2019-05-04|7|Brisbane Lions|Sydney Swans,2019-05-04,2019,44037.0,34.0,44648.0,4.0,45307,136
2019-05-04|7|Gold Coast Suns|West Coast Eagles,2019-05-04,2019,43859.0,35.0,43682.0,4.0,45293,146
2019-05-04|7|Greater Western Sydney Giants|St Kilda Saints,2019-05-04,2019,45249.0,30.0,43516.0,6.0,44366,113
2019-05-04|7|Hawthorn Hawks|Melbourne Demons,2019-05-04,2019,43996.0,31.0,43444.0,4.0,43878,121
2019-05-04|7|Richmond Tigers|Western Bulldogs,2019-05-04,2019,43676.0,36.0,44581.0,5.0,43756,145
2019-05-05|7|Adelaide Crows|Fremantle Dockers,2019-05-05,2019,43647.0,39.0,45120.0,2.0,43858,124
2019-05-05|7|Carlton Blues|North Melbourne Kangaroos,2019-05-05,2019,44044.0,32.0,45308.0,5.0,43754,123
2019-05-05|7|Essendon Bombers|Geelong Cats,2019-05-05,2019,44919.0,33.0,43753.0,3.0,43753,120
2019-05-10|8|Essendon Bombers|Sydney Swans,2019-05-10,2019,44651.0,33.0,43805.0,4.0,44481,136
2019-05-11|8|Adelaide Crows|Port Adelaide Power,2019-05-11,2019,44809.0,41.0,44330.0,3.0,44809,149
2019-05-11|8|Brisbane Lions|Western Bulldogs,2019-05-11,2019,43756.0,36.0,44581.0,3.0,45307,134
2019-05-11|8|Carlton Blues|Collingwood Magpies,2019-05-11,2019,43642.0,35.0,44419.0,3.0,43950,149
2019-05-11|8|Gold Coast Suns|Melbourne Demons,2019-05-11,2019,44630.0,38.0,44410.0,3.0,44630,161
2019-05-11|8|St Kilda Saints|West Coast Eagles,2019-05-11,2019,44823.0,31.0,43281.0,2.0,43859,108
2019-05-12|8|Fremantle Dockers|Richmond Tigers,2019-05-12,2019,43858.0,33.0,43412.0,4.0,44294,125
2019-05-12|8|Geelong Cats|North Melbourne Kangaroos,2019-05-12,2019,44209.0,36.0,43460.0,5.0,43753,142
2019-05-12|8|Greater Western Sydney Giants|Hawthorn Hawks,2019-05-12,2019,44027.0,36.0,43816.0,3.0,44027,125
2019-05-17|9|Melbourne Demons|West Coast Eagles,2019-05-17,2019,44115.0,33.0,44216.0,4.0,45293,140
2019-05-18|9|Adelaide Crows|Brisbane Lions,2019-05-18,2019,44585.0,39.0,43383.0,3.0,43646,132
2019-05-18|9|Collingwood Magpies|St Kilda Saints,2019-05-18,2019,45112.0,38.0,44472.0,4.0,43950,152
2019-05-18|9|Essendon Bombers|Fremantle Dockers,2019-05-18,2019,44481.0,35.0,44406.0,3.0,44481,125
2019-05-18|9|Geelong Cats|Western Bulldogs,2019-05-18,2019,45164.0,29.0,44012.0,4.0,43753,125
2019-05-18|9|North Melbourne Kangaroos|Sydney Swans,2019-05-18,2019,45306.0,35.0,44648.0,4.0,45306,155
2019-05-19|9|Carlton Blues|Greater Western Sydney Giants,2019-05-19,2019,45230.0,40.0,43816.0,5.0,45230,190
2019-05-19|9|Gold Coast Suns|Port Adelaide Power,2019-05-19,2019,43817.0,38.0,43808.0,3.0,43817,144
2019-05-19|9|Hawthorn Hawks|Richmond Tigers,2019-05-19,2019,44371.0,37.0,43444.0,3.0,44371,135
2019-05-24|10|Collingwood Magpies|Sydney Swans,2019-05-24,2019,45112.0,38.0,44765.0,6.0,43950,149
2019-05-25|10|Adelaide Crows|West Coast Eagles,2019-05-25,2019,43646.0,39.0,43640.0,3.0,44756,135
2019-05-25|10|Essendon Bombers|Richmond Tigers,2019-05-25,2019,44089.0,37.0,44257.0,3.0,44089,144
2019-05-25|10|Geelong Cats|Gold Coast Suns,2019-05-25,2019,44209.0,35.0,44012.0,4.0,44209,126
2019-05-25|10|Hawthorn Hawks|Port Adelaide Power,2019-05-25,2019,44027.0,37.0,43955.0,6.0,44027,143
2019-05-25|10|North Melbourne Kangaroos|Western Bulldogs,2019-05-25,2019,43658.0,29.0,43460.0,3.0,43908,153
2019-05-26|10|Brisbane Lions|Fremantle Dockers,2019-05-26,2019,44845.0,32.0,43512.0,3.0,43858,120
2019-05-26|10|Carlton Blues|St Kilda Saints,2019-05-26,2019,43938.0,29.0,43470.0,2.0,45003,119
2019-05-26|10|Greater Western Sydney Giants|Melbourne Demons,2019-05-26,2019,45061.0,32.0,44054.0,5.0,44208,135
2019-05-31|11|North Melbourne Kangaroos|Richmond Tigers,2019-05-31,2019,44089.0,38.0,43460.0,5.0,44089,137
2019-06-01|11|Adelaide Crows|Melbourne Demons,2019-06-01,2019,44630.0,34.0,43646.0,3.0,43646,127
2019-06-01|11|Brisbane Lions|Hawthorn Hawks,2019-06-01,2019,44332.0,33.0,43512.0,2.0,44332,131
2019-06-01|11|Collingwood Magpies|Fremantle Dockers,2019-06-01,2019,43858.0,32.0,43905.0,3.0,44673,130
2019-06-01|11|Geelong Cats|Sydney Swans,2019-06-01,2019,44290.0,34.0,44012.0,4.0,44290,129
2019-06-01|11|Gold Coast Suns|Greater Western Sydney Giants,2019-06-01,2019,43606.0,36.0,43516.0,5.0,43606,192
2019-06-02|11|Carlton Blues|Essendon Bombers,2019-06-02,2019,44033.0,36.0,44406.0,3.0,44243,122
2019-06-02|11|Port Adelaide Power|St Kilda Saints,2019-06-02,2019,43406.0,33.0,43415.0,3.0,44366,126
2019-06-02|11|West Coast Eagles|Western Bulldogs,2019-06-02,2019,43859.0,36.0,43682.0,6.0,43859,123
2019-06-07|12|Geelong Cats|Richmond Tigers,2019-06-07,2019,43674.0,38.0,44012.0,4.0,43674,162
2019-06-08|12|Adelaide Crows|Greater Western Sydney Giants,2019-06-08,2019,43647.0,34.0,44144.0,3.0,45061,139
2019-06-08|12|Brisbane Lions|Carlton Blues,2019-06-08,2019,43642.0,38.0,43642.0,4.0,43642,151
2019-06-08|12|Gold Coast Suns|North Melbourne Kangaroos,2019-06-08,2019,43658.0,31.0,43460.0,2.0,45306,145
2019-06-09|12|Sydney Swans|West Coast Eagles,2019-06-09,2019,44290.0,42.0,43847.0,5.0,44290,149
2019-06-10|12|Collingwood Magpies|Melbourne Demons,2019-06-10,2019,43996.0,35.0,43905.0,3.0,43878,148
2019-06-13|13|Adelaide Crows|Richmond Tigers,2019-06-13,2019,43646.0,43.0,44144.0,4.0,44613,146
2019-06-14|13|Essendon Bombers|Hawthorn Hawks,2019-06-14,2019,45281.0,34.0,43367.0,2.0,44027,140
2019-06-15|13|Carlton Blues|Western Bulldogs,2019-06-15,2019,43756.0,41.0,43659.0,7.0,43756,158
2019-06-15|13|Fremantle Dockers|Port Adelaide Power,2019-06-15,2019,43858.0,37.0,45170.0,6.0,45170,143
2019-06-15|13|Gold Coast Suns|St Kilda Saints,2019-06-15,2019,43390.0,33.0,44472.0,3.0,43390,170
2019-06-16|13|Greater Western Sydney Giants|North Melbourne Kangaroos,2019-06-16,2019,44208.0,35.0,43932.0,3.0,45061,156
2019-06-20|14|Essendon Bombers|West Coast Eagles,2019-06-20,2019,44909.0,36.0,43367.0,3.0,45293,132
2019-06-21|14|Hawthorn Hawks|Sydney Swans,2019-06-21,2019,44027.0,29.0,43847.0,4.0,44651,157
2019-06-22|14|Brisbane Lions|St Kilda Saints,2019-06-22,2019,44823.0,30.0,43512.0,5.0,45307,120
2019-06-22|14|Fremantle Dockers|Melbourne Demons,2019-06-22,2019,43858.0,31.0,44378.0,3.0,43878,129
2019-06-22|14|Geelong Cats|Port Adelaide Power,2019-06-22,2019,43753.0,35.0,43262.0,2.0,44325,130
2019-06-23|14|Collingwood Magpies|Western Bulldogs,2019-06-23,2019,44343.0,36.0,44761.0,3.0,44343,178
2019-06-27|15|Essendon Bombers|Greater Western Sydney Giants,2019-06-27,2019,43606.0,33.0,43516.0,3.0,44208,120
2019-06-28|15|Adelaide Crows|Geelong Cats,2019-06-28,2019,44209.0,33.0,43262.0,2.0,44613,128
2019-06-29|15|Collingwood Magpies|North Melbourne Kangaroos,2019-06-29,2019,45112.0,40.0,45306.0,3.0,45112,129
2019-06-29|15|Gold Coast Suns|Sydney Swans,2019-06-29,2019,44651.0,31.0,43400.0,2.0,45271,115
2019-06-29|15|Hawthorn Hawks|West Coast Eagles,2019-06-29,2019,44631.0,36.0,43682.0,5.0,44924,142
2019-06-29|15|Port Adelaide Power|Western Bulldogs,2019-06-29,2019,43406.0,32.0,44863.0,3.0,44325,141
2019-06-30|15|Brisbane Lions|Melbourne Demons,2019-06-30,2019,44585.0,38.0,44060.0,5.0,45307,143
2019-06-30|15|Carlton Blues|Fremantle Dockers,2019-06-30,2019,44558.0,34.0,44392.0,4.0,43858,133
2019-06-30|15|Richmond Tigers|St Kilda Saints,2019-06-30,2019,44731.0,29.0,44996.0,4.0,44371,128
2019-07-05|16|Collingwood Magpies|Hawthorn Hawks,2019-07-05,2019,44696.0,31.0,43444.0,2.0,44926,121
2019-07-06|16|Adelaide Crows|Port Adelaide Power,2019-07-06,2019,44809.0,36.0,43772.0,3.0,44809,150
2019-07-06|16|Essendon Bombers|Sydney Swans,2019-07-06,2019,44215.0,35.0,45304.0,3.0,44919,125
2019-07-06|16|Fremantle Dockers|West Coast Eagles,2019-07-06,2019,43859.0,35.0,43515.0,4.0,44924,114
2019-07-06|16|Geelong Cats|Western Bulldogs,2019-07-06,2019,44107.0,32.0,44581.0,4.0,43414,124
2019-07-06|16|Gold Coast Suns|Richmond Tigers,2019-07-06,2019,45047.0,30.0,43536.0,5.0,43536,118
2019-07-07|16|Brisbane Lions|Greater Western Sydney Giants,2019-07-07,2019,43606.0,34.0,44054.0,4.0,43606,143
2019-07-07|16|Carlton Blues|Melbourne Demons,2019-07-07,2019,43996.0,27.0,44410.0,6.0,44410,126
2019-07-07|16|North Melbourne Kangaroos|St Kilda Saints,2019-07-07,2019,44935.0,36.0,43470.0,6.0,45003,132
2019-07-12|17|Collingwood Magpies|West Coast Eagles,2019-07-12,2019,45112.0,39.0,43515.0,4.0,43950,130
2019-07-13|17|Adelaide Crows|Gold Coast Suns,2019-07-13,2019,43647.0,36.0,43383.0,6.0,43646,128
2019-07-13|17|Carlton Blues|Sydney Swans,2019-07-13,2019,44290.0,34.0,43535.0,2.0,44592,129
2019-07-13|17|Essendon Bombers|North Melbourne Kangaroos,2019-07-13,2019,44481.0,34.0,43460.0,6.0,43460,134
2019-07-13|17|Fremantle Dockers|Hawthorn Hawks,2019-07-13,2019,44049.0,37.0,43444.0,3.0,43858,128
2019-07-13|17|Geelong Cats|St Kilda Saints,2019-07-13,2019,43753.0,33.0,43470.0,3.0,44366,123
2019-07-14|17|Brisbane Lions|Port Adelaide Power,2019-07-14,2019,44332.0,36.0,43512.0,4.0,44332,140
2019-07-14|17|Greater Western Sydney Giants|Richmond Tigers,2019-07-14,2019,45061.0,36.0,43516.0,3.0,43932,144
2019-07-14|17|Melbourne Demons|Western Bulldogs,2019-07-14,2019,43756.0,39.0,44689.0,3.0,43756,189
2019-07-19|18|Adelaide Crows|Essendon Bombers,2019-07-19,2019,43646.0,35.0,43466.0,4.0,44613,134
2019-07-20|18|Brisbane Lions|North Melbourne Kangaroos,2019-07-20,2019,44585.0,24.0,43460.0,3.0,44044,116
2019-07-20|18|Carlton Blues|Gold Coast Suns,2019-07-20,2019,43660.0,32.0,44217.0,4.0,44497,143
2019-07-20|18|Collingwood Magpies|Greater Western Sydney Giants,2019-07-20,2019,45112.0,34.0,43516.0,6.0,43950,181
2019-07-20|18|Fremantle Dockers|Sydney Swans,2019-07-20,2019,44290.0,42.0,44294.0,3.0,44290,132
2019-07-20|18|Port Adelaide Power|Richmond Tigers,2019-07-20,2019,44371.0,30.0,44331.0,3.0,44731,110
2019-07-21|18|Geelong Cats|Hawthorn Hawks,2019-07-21,2019,44918.0,29.0,44280.0,3.0,44918,137
2019-07-21|18|Melbourne Demons|West Coast Eagles,2019-07-21,2019,44630.0,34.0,43682.0,4.0,43855,134
2019-07-21|18|St Kilda Saints|Western Bulldogs,2019-07-21,2019,43756.0,38.0,43669.0,5.0,44343,132
2019-07-26|19|Collingwood Magpies|Richmond Tigers,2019-07-26,2019,45112.0,39.0,44331.0,5.0,44371,133
2019-07-27|19|Adelaide Crows|Carlton Blues,2019-07-27,2019,43642.0,39.0,43535.0,3.0,44941,142
2019-07-27|19|Brisbane Lions|Hawthorn Hawks,2019-07-27,2019,45281.0,34.0,43488.0,2.0,45307,118
2019-07-27|19|Greater Western Sydney Giants|Port Adelaide Power,2019-07-27,2019,43406.0,40.0,43516.0,3.0,43932,126
2019-07-27|19|Melbourne Demons|St Kilda Saints,2019-07-27,2019,43938.0,32.0,43470.0,4.0,44823,146
2019-07-27|19|North Melbourne Kangaroos|West Coast Eagles,2019-07-27,2019,43859.0,33.0,44216.0,7.0,44909,118
2019-07-28|19|Essendon Bombers|Gold Coast Suns,2019-07-28,2019,44497.0,32.0,44225.0,4.0,45271,126
2019-07-28|19|Fremantle Dockers|Western Bulldogs,2019-07-28,2019,43858.0,33.0,43669.0,4.0,43414,128
2019-07-28|19|Geelong Cats|Sydney Swans,2019-07-28,2019,44209.0,31.0,44012.0,5.0,43674,107
2019-08-02|20|Hawthorn Hawks|North Melbourne Kangaroos,2019-08-02,2019,45281.0,37.0,43460.0,4.0,45281,126
2019-08-03|20|Adelaide Crows|St Kilda Saints,2019-08-03,2019,44249.0,38.0,45161.0,4.0,44249,134
2019-08-03|20|Essendon Bombers|Port Adelaide Power,2019-08-03,2019,44481.0,31.0,43927.0,4.0,44090,123
2019-08-03|20|Fremantle Dockers|Geelong Cats,2019-08-03,2019,45170.0,29.0,44012.0,3.0,45170,119
2019-08-03|20|Greater Western Sydney Giants|Sydney Swans,2019-08-03,2019,43932.0,34.0,44025.0,4.0,43932,146
2019-08-03|20|Melbourne Demons|Richmond Tigers,2019-08-03,2019,44371.0,34.0,43855.0,3.0,44089,118
2019-08-04|20|Brisbane Lions|Western Bulldogs,2019-08-04,2019,44343.0,40.0,43512.0,4.0,44343,151
2019-08-04|20|Carlton Blues|West Coast Eagles,2019-08-04,2019,45167.0,31.0,44592.0,4.0,44592,135
2019-08-04|20|Collingwood Magpies|Gold Coast Suns,2019-08-04,2019,45112.0,35.0,44086.0,4.0,43950,145
2019-08-09|21|Greater Western Sydney Giants|Hawthorn Hawks,2019-08-09,2019,43932.0,38.0,43444.0,2.0,43932,142
2019-08-10|21|Brisbane Lions|Gold Coast Suns,2019-08-10,2019,44332.0,34.0,43512.0,6.0,44332,158
2019-08-10|21|Collingwood Magpies|Melbourne Demons,2019-08-10,2019,45112.0,31.0,44488.0,4.0,44630,130
2019-08-10|21|Essendon Bombers|Western Bulldogs,2019-08-10,2019,43756.0,39.0,43669.0,3.0,44481,141
2019-08-10|21|Geelong Cats|North Melbourne Kangaroos,2019-08-10,2019,43674.0,33.0,44487.0,3.0,43262,117
2019-08-10|21|Port Adelaide Power|Sydney Swans,2019-08-10,2019,44290.0,30.0,43728.0,3.0,43829,113
2019-08-11|21|Adelaide Crows|West Coast Eagles,2019-08-11,2019,43647.0,43.0,43832.0,5.0,43647,147
2019-08-11|21|Carlton Blues|Richmond Tigers,2019-08-11,2019,43642.0,37.0,43920.0,4.0,43920,146
2019-08-11|21|Fremantle Dockers|St Kilda Saints,2019-08-11,2019,43858.0,35.0,45013.0,3.0,43858,121
2019-08-16|22|Melbourne Demons|Sydney Swans,2019-08-16,2019,44630.0,30.0,44470.0,3.0,45150,123
2019-08-17|22|Adelaide Crows|Collingwood Magpies,2019-08-17,2019,44673.0,34.0,43788.0,5.0,44673,137
2019-08-17|22|Brisbane Lions|Geelong Cats,2019-08-17,2019,43674.0,36.0,43512.0,5.0,44332,126
2019-08-17|22|Carlton Blues|St Kilda Saints,2019-08-17,2019,44823.0,29.0,44419.0,3.0,44592,110
2019-08-17|22|Essendon Bombers|Fremantle Dockers,2019-08-17,2019,45170.0,36.0,44392.0,3.0,45170,131
2019-08-17|22|North Melbourne Kangaroos|Port Adelaide Power,2019-08-17,2019,43658.0,37.0,43460.0,10.0,44044,135
2019-08-18|22|Gold Coast Suns|Hawthorn Hawks,2019-08-18,2019,43981.0,34.0,44825.0,6.0,45281,134
2019-08-18|22|Greater Western Sydney Giants|Western Bulldogs,2019-08-18,2019,44343.0,34.0,44863.0,3.0,43756,150
2019-08-18|22|Richmond Tigers|West Coast Eagles,2019-08-18,2019,44371.0,35.0,43640.0,3.0,44371,130
2019-08-23|23|Collingwood Magpies|Essendon Bombers,2019-08-23,2019,44439.0,35.0,44488.0,4.0,43950,149
2019-08-24|23|Carlton Blues|Geelong Cats,2019-08-24,2019,43642.0,35.0,43674.0,4.0,43674,150
2019-08-24|23|Gold Coast Suns|Greater Western Sydney Giants,2019-08-24,2019,43273.0,27.0,43516.0,9.0,43516,154
2019-08-24|23|Hawthorn Hawks|West Coast Eagles,2019-08-24,2019,43859.0,37.0,44614.0,4.0,43859,129
2019-08-24|23|Melbourne Demons|North Melbourne Kangaroos,2019-08-24,2019,44630.0,33.0,43855.0,3.0,43878,154
2019-08-24|23|St Kilda Saints|Sydney Swans,2019-08-24,2019,44215.0,32.0,43847.0,4.0,44215,150
2019-08-25|23|Adelaide Crows|Western Bulldogs,2019-08-25,2019,43647.0,47.0,43669.0,5.0,43647,150
2019-08-25|23|Brisbane Lions|Richmond Tigers,2019-08-25,2019,44585.0,51.0,44785.0,4.0,44585,162
2019-08-25|23|Fremantle Dockers|Port Adelaide Power,2019-08-25,2019,45268.0,33.0,43728.0,3.0,45268,123
2019-09-05|EF|Essendon Bombers|West Coast Eagles,2019-09-05,2019,44924.0,35.0,43640.0,4.0,44924,123
2019-09-06|QF|Collingwood Magpies|Geelong Cats,2019-09-06,2019,44927.0,33.0,43269.0,2.0,44927,161
2019-09-07|EF|Greater Western Sydney Giants|Western Bulldogs,2019-09-07,2019,44080.0,30.0,43816.0,3.0,44343,133
2019-09-07|QF|Brisbane Lions|Richmond Tigers,2019-09-07,2019,44585.0,37.0,44371.0,6.0,44585,123
2019-09-13|SF|Geelong Cats|West Coast Eagles,2019-09-13,2019,43956.0,33.0,44012.0,4.0,43956,122
2019-09-14|SF|Brisbane Lions|Greater Western Sydney Giants,2019-09-14,2019,43932.0,30.0,43516.0,3.0,43932,111
2019-09-20|PF|Geelong Cats|Richmond Tigers,2019-09-20,2019,44089.0,32.0,44331.0,5.0,44209,150
2019-09-21|PF|Collingwood Magpies|Greater Western Sydney Giants,2019-09-21,2019,44019.0,30.0,43516.0,3.0,43950,164
2019-09-28|GF|Greater Western Sydney Giants|Richmond Tigers,2019-09-28,2019,45061.0,30.0,44785.0,5.0,44905,130
2020-03-19|1|Carlton Blues|Richmond Tigers,2020-03-19,2020,43642.0,31.0,44372.0,4.0,43731,95
2020-03-20|1|Collingwood Magpies|Western Bulldogs,2020-03-20,2020,44385.0,29.0,44488.0,3.0,43950,112
2020-03-21|1|Adelaide Crows|Sydney Swans,2020-03-21,2020,44651.0,30.0,44025.0,4.0,44651,113
2020-03-21|1|Essendon Bombers|Fremantle Dockers,2020-03-21,2020,44919.0,35.0,45036.0,3.0,44919,122
2020-03-21|1|Geelong Cats|Greater Western Sydney Giants,2020-03-21,2020,43262.0,24.0,43932.0,4.0,43262,89
2020-03-21|1|Gold Coast Suns|Port Adelaide Power,2020-03-21,2020,44809.0,26.0,43881.0,2.0,43772,109
2020-03-22|1|Brisbane Lions|Hawthorn Hawks,2020-03-22,2020,44585.0,26.0,43444.0,3.0,44585,108
2020-03-22|1|Melbourne Demons|West Coast Eagles,2020-03-22,2020,45150.0,34.0,44844.0,3.0,45150,132
2020-03-22|1|North Melbourne Kangaroos|St Kilda Saints,2020-03-22,2020,43658.0,25.0,43390.0,2.0,43658,117
2020-06-11|2|Collingwood Magpies|Richmond Tigers,2020-06-11,2020,44673.0,32.0,44331.0,3.0,44673,107
2020-06-12|2|Geelong Cats|Hawthorn Hawks,2020-06-12,2020,43674.0,24.0,44487.0,3.0,44487,104
2020-06-13|2|Adelaide Crows|Port Adelaide Power,2020-06-13,2020,43647.0,26.0,43728.0,3.0,43495,114
2020-06-13|2|Brisbane Lions|Fremantle Dockers,2020-06-13,2020,44585.0,29.0,43512.0,4.0,44585,109
2020-06-13|2|Carlton Blues|Melbourne Demons,2020-06-13,2020,44630.0,28.0,44109.0,3.0,43878,123
2020-06-13|2|Gold Coast Suns|West Coast Eagles,2020-06-13,2020,43859.0,29.0,43273.0,2.0,44829,108
2020-06-14|2|Essendon Bombers|Sydney Swans,2020-06-14,2020,44290.0,29.0,44445.0,3.0,44290,111
2020-06-14|2|Greater Western Sydney Giants|North Melbourne Kangaroos,2020-06-14,2020,44935.0,25.0,45308.0,3.0,43908,129
2020-06-14|2|St Kilda Saints|Western Bulldogs,2020-06-14,2020,44188.0,29.0,43390.0,3.0,43390,112
2020-06-18|3|Hawthorn Hawks|Richmond Tigers,2020-06-18,2020,44966.0,29.0,45267.0,3.0,44966,99
2020-06-19|3|Greater Western Sydney Giants|Western Bulldogs,2020-06-19,2020,43606.0,24.0,44678.0,2.0,44343,105
2020-06-20|3|Brisbane Lions|West Coast Eagles,2020-06-20,2020,44585.0,32.0,43380.0,3.0,44585,126
2020-06-20|3|Carlton Blues|Geelong Cats,2020-06-20,2020,43642.0,24.0,43383.0,2.0,43642,99
2020-06-20|3|Collingwood Magpies|St Kilda Saints,2020-06-20,2020,44927.0,31.0,43269.0,2.0,44927,126
2020-06-20|3|North Melbourne Kangaroos|Sydney Swans,2020-06-20,2020,44935.0,26.0,43460.0,3.0,43908,98
2020-06-21|3|Adelaide Crows|Gold Coast Suns,2020-06-21,2020,44497.0,26.0,44225.0,3.0,44829,107
2020-06-21|3|Fremantle Dockers|Port Adelaide Power,2020-06-21,2020,43406.0,26.0,43728.0,2.0,43406,106
2020-06-25|4|Sydney Swans|Western Bulldogs,2020-06-25,2020,44651.0,25.0,44648.0,4.0,43795,103
2020-06-26|4|Collingwood Magpies|Greater Western Sydney Giants,2020-06-26,2020,44673.0,26.0,43932.0,3.0,43950,117
2020-06-27|4|Carlton Blues|Essendon Bombers,2020-06-27,2020,43731.0,32.0,43535.0,3.0,43731,110
2020-06-27|4|Fremantle Dockers|Gold Coast Suns,2020-06-27,2020,43790.0,20.0,43273.0,2.0,45271,94
2020-06-27|4|Port Adelaide Power|West Coast Eagles,2020-06-27,2020,43859.0,27.0,43728.0,6.0,43728,105
2020-06-27|4|Richmond Tigers|St Kilda Saints,2020-06-27,2020,43390.0,25.0,43492.0,3.0,44575,118
2020-06-28|4|Adelaide Crows|Brisbane Lions,2020-06-28,2020,44585.0,31.0,43512.0,2.0,44585,123
2020-06-28|4|Geelong Cats|Melbourne Demons,2020-06-28,2020,44474.0,25.0,43438.0,2.0,43956,106
2020-06-28|4|Hawthorn Hawks|North Melbourne Kangaroos,2020-06-28,2020,44044.0,25.0,45267.0,3.0,45281,99
2020-07-02|5|Carlton Blues|St Kilda Saints,2020-07-02,2020,43390.0,23.0,43492.0,2.0,45003,110
2020-07-03|5|Collingwood Magpies|Essendon Bombers,2020-07-03,2020,45112.0,30.0,45007.0,3.0,43950,113
2020-07-04|5|Brisbane Lions|Port Adelaide Power,2020-07-04,2020,44585.0,29.0,43495.0,2.0,44332,106
2020-07-04|5|Geelong Cats|Gold Coast Suns,2020-07-04,2020,43753.0,25.0,44012.0,3.0,43933,105
2020-07-04|5|North Melbourne Kangaroos|Western Bulldogs,2020-07-04,2020,44281.0,23.0,43470.0,6.0,43795,99
2020-07-04|5|Sydney Swans|West Coast Eagles,2020-07-04,2020,44290.0,26.0,43281.0,3.0,44909,107
2020-07-05|5|Adelaide Crows|Fremantle Dockers,2020-07-05,2020,43646.0,27.0,44294.0,2.0,43439,106
2020-07-05|5|Greater Western Sydney Giants|Hawthorn Hawks,2020-07-05,2020,44208.0,30.0,43816.0,4.0,44208,116
2020-07-05|5|Melbourne Demons|Richmond Tigers,2020-07-05,2020,44251.0,27.0,43980.0,3.0,43878,133
2020-07-09|6|Brisbane Lions|Geelong Cats,2020-07-09,2020,44942.0,27.0,44012.0,3.0,43674,102
2020-07-10|6|Collingwood Magpies|Hawthorn Hawks,2020-07-10,2020,45112.0,35.0,44488.0,4.0,44926,117
2020-07-11|6|Adelaide Crows|West Coast Eagles,2020-07-11,2020,43647.0,30.0,43682.0,2.0,44613,116
2020-07-11|6|Essendon Bombers|North Melbourne Kangaroos,2020-07-11,2020,44420.0,25.0,45304.0,3.0,43908,107
2020-07-11|6|Fremantle Dockers|St Kilda Saints,2020-07-11,2020,45170.0,26.0,44472.0,3.0,43439,87
2020-07-11|6|Gold Coast Suns|Melbourne Demons,2020-07-11,2020,44630.0,24.0,44749.0,3.0,43878,105
2020-07-12|6|Carlton Blues|Western Bulldogs,2020-07-12,2020,44107.0,27.0,43383.0,4.0,44107,104
2020-07-12|6|Greater Western Sydney Giants|Port Adelaide Power,2020-07-12,2020,45230.0,25.0,43516.0,2.0,45230,108
2020-07-12|6|Richmond Tigers|Sydney Swans,2020-07-12,2020,44498.0,29.0,44648.0,2.0,44498,121
2020-07-16|7|Collingwood Magpies|Geelong Cats,2020-07-16,2020,45112.0,34.0,43905.0,5.0,43950,119
2020-07-17|7|Essendon Bombers|Western Bulldogs,2020-07-17,2020,44107.0,26.0,45164.0,3.0,43795,115
2020-07-18|7|Brisbane Lions|Greater Western Sydney Giants,2020-07-18,2020,43606.0,27.0,44054.0,3.0,43322,96
2020-07-18|7|Gold Coast Suns|Sydney Swans,2020-07-18,2020,44651.0,27.0,43277.0,2.0,44651,110
2020-07-18|7|North Melbourne Kangaroos|Richmond Tigers,2020-07-18,2020,44044.0,31.0,43260.0,2.0,44044,121
2020-07-19|7|Carlton Blues|Port Adelaide Power,2020-07-19,2020,44244.0,21.0,43728.0,3.0,43489,86
2020-07-19|7|Fremantle Dockers|West Coast Eagles,2020-07-19,2020,43859.0,24.0,44216.0,4.0,44914,94
2020-07-19|7|Hawthorn Hawks|Melbourne Demons,2020-07-19,2020,44630.0,29.0,43955.0,3.0,43878,116
2020-07-20|7|Adelaide Crows|St Kilda Saints,2020-07-20,2020,43647.0,26.0,43492.0,3.0,45003,92
2020-07-23|8|Gold Coast Suns|Western Bulldogs,2020-07-23,2020,44497.0,26.0,44899.0,3.0,44343,99
2020-07-24|8|Greater Western Sydney Giants|Richmond Tigers,2020-07-24,2020,44208.0,26.0,43932.0,5.0,44208,119
2020-07-25|8|Carlton Blues|North Melbourne Kangaroos,2020-07-25,2020,44715.0,25.0,44884.0,3.0,43660,104
2020-07-25|8|Hawthorn Hawks|Sydney Swans,2020-07-25,2020,44290.0,34.0,44648.0,4.0,44290,115
2020-07-25|8|Port Adelaide Power|St Kilda Saints,2020-07-25,2020,43564.0,24.0,43492.0,2.0,44366,95
2020-07-26|8|Adelaide Crows|Essendon Bombers,2020-07-26,2020,44481.0,33.0,44557.0,3.0,44481,138
2020-07-26|8|Brisbane Lions|Melbourne Demons,2020-07-26,2020,44585.0,33.0,44470.0,3.0,44630,125
2020-07-26|8|Collingwood Magpies|West Coast Eagles,2020-07-26,2020,44209.0,29.0,44216.0,7.0,43859,126
2020-07-27|8|Fremantle Dockers|Geelong Cats,2020-07-27,2020,43956.0,30.0,44012.0,3.0,43956,103
2020-07-29|9|Richmond Tigers|Western Bulldogs,2020-07-29,2020,44343.0,32.0,43260.0,3.0,44343,115
2020-07-30|9|Melbourne Demons|Port Adelaide Power,2020-07-30,2020,43285.0,25.0,43881.0,3.0,44809,102
2020-07-31|9|Brisbane Lions|Essendon Bombers,2020-07-31,2020,44585.0,33.0,43512.0,4.0,44585,117
2020-07-31|9|Carlton Blues|Hawthorn Hawks,2020-07-31,2020,44510.0,28.0,43535.0,3.0,44510,107
2020-08-01|9|Adelaide Crows|North Melbourne Kangaroos,2020-08-01,2020,43288.0,28.0,45308.0,3.0,43288,123
2020-08-01|9|Geelong Cats|West Coast Eagles,2020-08-01,2020,44909.0,24.0,44216.0,4.0,43753,107
2020-08-01|9|St Kilda Saints|Sydney Swans,2020-08-01,2020,44651.0,27.0,44055.0,3.0,45003,94
2020-08-02|9|Collingwood Magpies|Fremantle Dockers,2020-08-02,2020,45112.0,30.0,45056.0,4.0,44845,102
2020-08-02|9|Gold Coast Suns|Greater Western Sydney Giants,2020-08-02,2020,45230.0,29.0,43516.0,2.0,45230,119
2020-08-03|10|Port Adelaide Power|Western Bulldogs,2020-08-03,2020,43495.0,24.0,43728.0,2.0,44809,123
2020-08-04|10|Brisbane Lions|Richmond Tigers,2020-08-04,2020,43326.0,26.0,44785.0,4.0,44332,97
2020-08-05|10|Adelaide Crows|Melbourne Demons,2020-08-05,2020,44630.0,34.0,45206.0,3.0,44630,128
2020-08-05|10|Geelong Cats|North Melbourne Kangaroos,2020-08-05,2020,44474.0,28.0,44487.0,4.0,43753,96
2020-08-06|10|Collingwood Magpies|Sydney Swans,2020-08-06,2020,43269.0,29.0,45098.0,2.0,43269,111
2020-08-06|10|Gold Coast Suns|St Kilda Saints,2020-08-06,2020,43390.0,26.0,43492.0,4.0,45003,111
2020-08-07|10|Essendon Bombers|Greater Western Sydney Giants,2020-08-07,2020,44481.0,33.0,43516.0,2.0,45061,109
2020-08-08|11|Brisbane Lions|Western Bulldogs,2020-08-08,2020,44585.0,36.0,44060.0,5.0,44343,128
2020-08-08|11|Port Adelaide Power|Richmond Tigers,2020-08-08,2020,43406.0,31.0,43927.0,3.0,45268,124
2020-08-09|11|Carlton Blues|West Coast Eagles,2020-08-09,2020,44909.0,26.0,43822.0,4.0,44909,103
2020-08-09|11|Melbourne Demons|North Melbourne Kangaroos,2020-08-09,2020,44407.0,33.0,44261.0,4.0,44407,123
2020-08-10|11|Fremantle Dockers|Hawthorn Hawks,2020-08-10,2020,43439.0,33.0,43444.0,2.0,43540,104
2020-08-10|11|Geelong Cats|St Kilda Saints,2020-08-10,2020,44474.0,26.0,44012.0,5.0,44474,111
2020-08-11|11|Adelaide Crows|Collingwood Magpies,2020-08-11,2020,44249.0,37.0,43514.0,2.0,44249,139
2020-08-12|11|Essendon Bombers|Gold Coast Suns,2020-08-12,2020,44481.0,30.0,45016.0,3.0,44919,98
2020-08-13|12|Greater Western Sydney Giants|Sydney Swans,2020-08-13,2020,44651.0,29.0,43400.0,2.0,44290,108
2020-08-14|12|Geelong Cats|Port Adelaide Power,2020-08-14,2020,43956.0,27.0,44012.0,6.0,44012,123
2020-08-15|12|Brisbane Lions|North Melbourne Kangaroos,2020-08-15,2020,43288.0,29.0,44261.0,2.0,43288,119
2020-08-15|12|Carlton Blues|Fremantle Dockers,2020-08-15,2020,43660.0,33.0,45056.0,3.0,43660,101
2020-08-15|12|Collingwood Magpies|Melbourne Demons,2020-08-15,2020,43269.0,30.0,44985.0,3.0,44927,105
2020-08-16|12|Adelaide Crows|Western Bulldogs,2020-08-16,2020,44960.0,37.0,44581.0,6.0,43414,145
2020-08-16|12|Essendon Bombers|St Kilda Saints,2020-08-16,2020,44649.0,29.0,44228.0,3.0,44919,105
2020-08-16|12|Hawthorn Hawks|West Coast Eagles,2020-08-16,2020,44510.0,34.0,44216.0,3.0,44510,104
2020-08-17|12|Gold Coast Suns|Richmond Tigers,2020-08-17,2020,44322.0,27.0,44331.0,2.0,44322,107
2020-08-21|13|Carlton Blues|Gold Coast Suns,2020-08-21,2020,44558.0,28.0,43882.0,2.0,43642,95
2020-08-22|13|Essendon Bombers|Richmond Tigers,2020-08-22,2020,44481.0,34.0,44331.0,2.0,44481,125
2020-08-22|13|Fremantle Dockers|Sydney Swans,2020-08-22,2020,44290.0,28.0,45056.0,2.0,44290,102
2020-08-22|13|Hawthorn Hawks|Port Adelaide Power,2020-08-22,2020,43406.0,34.0,43488.0,2.0,43406,119
2020-08-22|13|Melbourne Demons|Western Bulldogs,2020-08-22,2020,44960.0,26.0,45164.0,4.0,44343,104
2020-08-23|13|Adelaide Crows|Geelong Cats,2020-08-23,2020,43956.0,33.0,44012.0,3.0,43647,122
2020-08-23|13|Brisbane Lions|St Kilda Saints,2020-08-23,2020,45003.0,25.0,43380.0,2.0,45003,110
2020-08-23|13|Greater Western Sydney Giants|West Coast Eagles,2020-08-23,2020,44208.0,26.0,43682.0,3.0,44208,97
2020-08-24|13|Collingwood Magpies|North Melbourne Kangaroos,2020-08-24,2020,43269.0,31.0,44837.0,2.0,44383,117
2020-08-27|14|Essendon Bombers|Hawthorn Hawks,2020-08-27,2020,44481.0,36.0,43678.0,3.0,44481,122
2020-08-27|14|Richmond Tigers|West Coast Eagles,2020-08-27,2020,43859.0,32.0,43682.0,3.0,43859,107
2020-08-28|14|Geelong Cats|Western Bulldogs,2020-08-28,2020,43674.0,32.0,44012.0,2.0,44107,104
2020-08-29|14|Fremantle Dockers|Greater Western Sydney Giants,2020-08-29,2020,45230.0,31.0,43516.0,4.0,45230,111
2020-08-29|14|Melbourne Demons|St Kilda Saints,2020-08-29,2020,44049.0,27.0,44681.0,4.0,44254,97
2020-08-29|14|Port Adelaide Power|Sydney Swans,2020-08-29,2020,44290.0,31.0,43728.0,4.0,44290,120
2020-08-30|14|Carlton Blues|Collingwood Magpies,2020-08-30,2020,43269.0,23.0,43383.0,2.0,43660,119
2020-08-30|14|Gold Coast Suns|North Melbourne Kangaroos,2020-08-30,2020,43273.0,23.0,44899.0,4.0,43273,107
2020-09-01|15|Adelaide Crows|Hawthorn Hawks,2020-09-01,2020,43646.0,27.0,43955.0,3.0,43647,102
2020-09-01|15|Essendon Bombers|West Coast Eagles,2020-09-01,2020,44481.0,33.0,44406.0,4.0,44257,113
2020-09-02|15|Fremantle Dockers|Richmond Tigers,2020-09-02,2020,43266.0,27.0,44331.0,3.0,43266,105
2020-09-03|15|Carlton Blues|Greater Western Sydney Giants,2020-09-03,2020,45167.0,23.0,44773.0,2.0,45167,96
2020-09-03|15|Melbourne Demons|Sydney Swans,2020-09-03,2020,44290.0,28.0,44428.0,2.0,44254,106
2020-09-04|15|Brisbane Lions|Collingwood Magpies,2020-09-04,2020,44673.0,29.0,43635.0,2.0,43641,121
2020-09-05|16|North Melbourne Kangaroos|Port Adelaide Power,2020-09-05,2020,43406.0,34.0,43728.0,2.0,44809,122
2020-09-06|16|Essendon Bombers|Geelong Cats,2020-09-06,2020,44474.0,30.0,44012.0,4.0,44474,115
2020-09-06|16|Hawthorn Hawks|St Kilda Saints,2020-09-06,2020,44510.0,27.0,43444.0,2.0,45003,98
2020-09-06|16|West Coast Eagles|Western Bulldogs,2020-09-06,2020,44107.0,25.0,44216.0,2.0,43756,102
2020-09-07|16|Fremantle Dockers|Melbourne Demons,2020-09-07,2020,43540.0,30.0,45170.0,3.0,43540,97
2020-09-08|16|Adelaide Crows|Greater Western Sydney Giants,2020-09-08,2020,43646.0,31.0,43816.0,2.0,43647,125
2020-09-08|16|Carlton Blues|Sydney Swans,2020-09-08,2020,45167.0,25.0,43829.0,2.0,45167,114
2020-09-09|16|Brisbane Lions|Gold Coast Suns,2020-09-09,2020,44585.0,33.0,44753.0,3.0,45307,124
2020-09-10|17|St Kilda Saints|West Coast Eagles,2020-09-10,2020,43859.0,33.0,43281.0,2.0,44209,119
2020-09-11|17|Geelong Cats|Richmond Tigers,2020-09-11,2020,43956.0,23.0,44785.0,4.0,43956,113
2020-09-12|17|Essendon Bombers|Port Adelaide Power,2020-09-12,2020,44809.0,31.0,43728.0,2.0,44809,122
2020-09-12|17|Fremantle Dockers|North Melbourne Kangaroos,2020-09-12,2020,43858.0,25.0,44067.0,4.0,43266,97
2020-09-12|17|Greater Western Sydney Giants|Melbourne Demons,2020-09-12,2020,43936.0,30.0,43675.0,3.0,43878,102
2020-09-13|17|Adelaide Crows|Carlton Blues,2020-09-13,2020,43647.0,28.0,44437.0,4.0,45167,95
2020-09-13|17|Brisbane Lions|Sydney Swans,2020-09-13,2020,44651.0,33.0,43322.0,2.0,44215,117
2020-09-13|17|Hawthorn Hawks|Western Bulldogs,2020-09-13,2020,43676.0,28.0,43955.0,3.0,43676,128
2020-09-14|17|Collingwood Magpies|Gold Coast Suns,2020-09-14,2020,45112.0,26.0,43905.0,4.0,44497,103
2020-09-17|18|North Melbourne Kangaroos|West Coast Eagles,2020-09-17,2020,44935.0,32.0,43281.0,3.0,44935,100
2020-09-18|18|Greater Western Sydney Giants|St Kilda Saints,2020-09-18,2020,45230.0,28.0,44310.0,2.0,45230,113
2020-09-19|18|Adelaide Crows|Richmond Tigers,2020-09-19,2020,43647.0,30.0,43260.0,2.0,44613,113
2020-09-19|18|Brisbane Lions|Carlton Blues,2020-09-19,2020,45167.0,31.0,44437.0,3.0,44585,90
2020-09-19|18|Essendon Bombers|Melbourne Demons,2020-09-19,2020,44481.0,25.0,44109.0,4.0,44481,115
2020-09-20|18|Fremantle Dockers|Western Bulldogs,2020-09-20,2020,44107.0,35.0,43795.0,2.0,44107,119
2020-09-20|18|Geelong Cats|Sydney Swans,2020-09-20,2020,44290.0,27.0,43674.0,3.0,44474,101
2020-09-20|18|Gold Coast Suns|Hawthorn Hawks,2020-09-20,2020,44510.0,34.0,43955.0,4.0,44510,115
2020-09-21|18|Collingwood Magpies|Port Adelaide Power,2020-09-21,2020,44809.0,30.0,43772.0,2.0,43269,120
2020-10-01|QF|Geelong Cats|Port Adelaide Power,2020-10-01,2020,45268.0,24.0,44544.0,3.0,43753,98
2020-10-02|QF|Brisbane Lions|Richmond Tigers,2020-10-02,2020,44332.0,24.0,43512.0,3.0,44782,103
2020-10-03|EF|Collingwood Magpies|West Coast Eagles,2020-10-03,2020,43269.0,25.0,43635.0,3.0,43269,101
2020-10-03|EF|St Kilda Saints|Western Bulldogs,2020-10-03,2020,43676.0,26.0,43879.0,2.0,43676,93
2020-10-09|SF|Richmond Tigers|St Kilda Saints,2020-10-09,2020,44089.0,32.0,43412.0,3.0,44089,102
2020-10-10|SF|Collingwood Magpies|Geelong Cats,2020-10-10,2020,43753.0,30.0,43674.0,4.0,43753,123
2020-10-16|PF|Port Adelaide Power|Richmond Tigers,2020-10-16,2020,45268.0,24.0,44251.0,2.0,44575,106
2020-10-17|PF|Brisbane Lions|Geelong Cats,2020-10-17,2020,44585.0,24.0,44813.0,3.0,44585,99
2020-10-24|GF|Geelong Cats|Richmond Tigers,2020-10-24,2020,43782.0,27.0,44371.0,4.0,43753,112
2021-03-18|1|Carlton Blues|Richmond Tigers,2021-03-18,2021,43920.0,33.0,44785.0,4.0,44371,131
2021-03-19|1|Collingwood Magpies|Western Bulldogs,2021-03-19,2021,44960.0,36.0,43635.0,2.0,44343,135
2021-03-20|1|Adelaide Crows|Geelong Cats,2021-03-20,2021,44249.0,27.0,45161.0,5.0,44249,119
2021-03-20|1|Brisbane Lions|Sydney Swans,2021-03-20,2021,44498.0,29.0,43322.0,3.0,44498,117
2021-03-20|1|Essendon Bombers|Hawthorn Hawks,2021-03-20,2021,44510.0,39.0,44522.0,3.0,44420,141
2021-03-20|1|Fremantle Dockers|Melbourne Demons,2021-03-20,2021,44630.0,35.0,45056.0,3.0,44410,110
2021-03-21|1|Gold Coast Suns|West Coast Eagles,2021-03-21,2021,44909.0,34.0,43281.0,4.0,44909,138
2021-03-21|1|Greater Western Sydney Giants|St Kilda Saints,2021-03-21,2021,43390.0,30.0,44054.0,3.0,45061,103
2021-03-21|1|North Melbourne Kangaroos|Port Adelaide Power,2021-03-21,2021,45007.0,33.0,43805.0,4.0,45007,128
2021-03-25|2|Carlton Blues|Collingwood Magpies,2021-03-25,2021,43641.0,31.0,43905.0,4.0,43950,122
2021-03-26|2|Brisbane Lions|Geelong Cats,2021-03-26,2021,43956.0,28.0,44060.0,4.0,43956,117
2021-03-27|2|Adelaide Crows|Sydney Swans,2021-03-27,2021,44249.0,30.0,45161.0,6.0,45161,120
2021-03-27|2|Essendon Bombers|Port Adelaide Power,2021-03-27,2021,45268.0,38.0,43728.0,4.0,43495,119
2021-03-27|2|Gold Coast Suns|North Melbourne Kangaroos,2021-03-27,2021,43289.0,35.0,44225.0,3.0,44497,130
2021-03-27|2|Melbourne Demons|St Kilda Saints,2021-03-27,2021,44630.0,37.0,45003.0,3.0,44630,130
2021-03-28|2|Fremantle Dockers|Greater Western Sydney Giants,2021-03-28,2021,44553.0,35.0,44878.0,3.0,43439,127
2021-03-28|2|Hawthorn Hawks|Richmond Tigers,2021-03-28,2021,44510.0,37.0,44785.0,4.0,43993,135
2021-03-28|2|West Coast Eagles|Western Bulldogs,2021-03-28,2021,44343.0,36.0,44216.0,4.0,43414,117
2021-04-01|3|Brisbane Lions|Collingwood Magpies,2021-04-01,2021,44673.0,30.0,43678.0,3.0,43950,152
2021-04-02|3|Adelaide Crows|Gold Coast Suns,2021-04-02,2021,44955.0,34.0,45161.0,6.0,45161,139
2021-04-02|3|North Melbourne Kangaroos|Western Bulldogs,2021-04-02,2021,43756.0,33.0,43470.0,10.0,43470,152
2021-04-03|3|Essendon Bombers|St Kilda Saints,2021-04-03,2021,44783.0,35.0,44077.0,5.0,45003,125
2021-04-03|3|Port Adelaide Power|West Coast Eagles,2021-04-03,2021,43859.0,36.0,44216.0,4.0,43859,154
2021-04-03|3|Richmond Tigers|Sydney Swans,2021-04-03,2021,44498.0,31.0,44648.0,4.0,45234,124
2021-04-04|3|Carlton Blues|Fremantle Dockers,2021-04-04,2021,45167.0,37.0,44437.0,7.0,44437,137
2021-04-04|3|Greater Western Sydney Giants|Melbourne Demons,2021-04-04,2021,45061.0,32.0,43932.0,5.0,43878,136
2021-04-05|3|Geelong Cats|Hawthorn Hawks,2021-04-05,2021,44631.0,34.0,43444.0,2.0,43956,153
2021-04-08|4|Essendon Bombers|Sydney Swans,2021-04-08,2021,44651.0,32.0,43847.0,3.0,44651,126
2021-04-09|4|Port Adelaide Power|Richmond Tigers,2021-04-09,2021,44923.0,31.0,44785.0,3.0,44923,113
2021-04-10|4|Brisbane Lions|Western Bulldogs,2021-04-10,2021,44782.0,29.0,43795.0,3.0,45112,127
2021-04-10|4|Carlton Blues|Gold Coast Suns,2021-04-10,2021,43424.0,34.0,44437.0,2.0,44497,140
2021-04-10|4|Collingwood Magpies|Greater Western Sydney Giants,2021-04-10,2021,45176.0,37.0,43932.0,5.0,45061,129
2021-04-10|4|St Kilda Saints|West Coast Eagles,2021-04-10,2021,45003.0,33.0,44228.0,5.0,43646,125
2021-04-11|4|Adelaide Crows|North Melbourne Kangaroos,2021-04-11,2021,43965.0,33.0,43832.0,3.0,44613,134
2021-04-11|4|Fremantle Dockers|Hawthorn Hawks,2021-04-11,2021,44510.0,38.0,43680.0,3.0,44510,120
2021-04-11|4|Geelong Cats|Melbourne Demons,2021-04-11,2021,44630.0,34.0,43855.0,4.0,44681,136
2021-04-15|5|Richmond Tigers|St Kilda Saints,2021-04-15,2021,44371.0,34.0,44785.0,5.0,44575,118
2021-04-16|5|Collingwood Magpies|West Coast Eagles,2021-04-16,2021,43859.0,38.0,43281.0,5.0,43751,148
2021-04-17|5|Brisbane Lions|Essendon Bombers,2021-04-17,2021,44585.0,37.0,44077.0,4.0,44585,143
2021-04-17|5|Carlton Blues|Port Adelaide Power,2021-04-17,2021,45268.0,32.0,43881.0,3.0,45167,118
2021-04-17|5|Gold Coast Suns|Western Bulldogs,2021-04-17,2021,43756.0,38.0,43414.0,3.0,43756,151
2021-04-17|5|Greater Western Sydney Giants|Sydney Swans,2021-04-17,2021,44290.0,28.0,43847.0,5.0,44498,101
2021-04-18|5|Adelaide Crows|Fremantle Dockers,2021-04-18,2021,43439.0,33.0,45056.0,4.0,44553,122
2021-04-18|5|Geelong Cats|North Melbourne Kangaroos,2021-04-18,2021,45306.0,38.0,44261.0,2.0,45306,140
2021-04-18|5|Hawthorn Hawks|Melbourne Demons,2021-04-18,2021,44510.0,32.0,44254.0,3.0,43878,131
2021-04-23|6|Greater Western Sydney Giants|Western Bulldogs,2021-04-23,2021,43308.0,35.0,43932.0,4.0,44343,159
2021-04-24|6|Brisbane Lions|Carlton Blues,2021-04-24,2021,44400.0,33.0,44437.0,6.0,43660,131
2021-04-24|6|Fremantle Dockers|North Melbourne Kangaroos,2021-04-24,2021,45306.0,37.0,44878.0,4.0,45306,170
2021-04-24|6|Geelong Cats|West Coast Eagles,2021-04-24,2021,43956.0,35.0,43753.0,4.0,43753,146
2021-04-24|6|Gold Coast Suns|Sydney Swans,2021-04-24,2021,44215.0,42.0,44225.0,5.0,44215,146
2021-04-24|6|Melbourne Demons|Richmond Tigers,2021-04-24,2021,44851.0,39.0,44410.0,3.0,44851,141
2021-04-25|6|Adelaide Crows|Hawthorn Hawks,2021-04-25,2021,44249.0,32.0,44238.0,5.0,44203,156
2021-04-25|6|Collingwood Magpies|Essendon Bombers,2021-04-25,2021,44649.0,42.0,44406.0,5.0,44649,150
2021-04-25|6|Port Adelaide Power|St Kilda Saints,2021-04-25,2021,45268.0,36.0,43805.0,3.0,44823,141
2021-04-30|7|Richmond Tigers|Western Bulldogs,2021-04-30,2021,43676.0,34.0,43412.0,3.0,44089,124
2021-05-01|7|Adelaide Crows|Greater Western Sydney Giants,2021-05-01,2021,45061.0,35.0,44067.0,4.0,45061,140
2021-05-01|7|Brisbane Lions|Port Adelaide Power,2021-05-01,2021,45268.0,37.0,43512.0,4.0,45268,126
2021-05-01|7|Collingwood Magpies|Gold Coast Suns,2021-05-01,2021,43790.0,35.0,43617.0,4.0,43790,169
2021-05-01|7|Geelong Cats|Sydney Swans,2021-05-01,2021,43956.0,30.0,44449.0,4.0,43956,118
2021-05-01|7|Hawthorn Hawks|St Kilda Saints,2021-05-01,2021,44510.0,38.0,44042.0,4.0,44188,151
2021-05-02|7|Carlton Blues|Essendon Bombers,2021-05-02,2021,45167.0,33.0,44077.0,5.0,45167,127
2021-05-02|7|Fremantle Dockers|West Coast Eagles,2021-05-02,2021,44209.0,42.0,43682.0,3.0,44209,141
2021-05-02|7|Melbourne Demons|North Melbourne Kangaroos,2021-05-02,2021,43658.0,35.0,43855.0,6.0,43965,143
2021-05-07|8|Geelong Cats|Richmond Tigers,2021-05-07,2021,43956.0,36.0,43516.0,6.0,43956,139
2021-05-08|8|Adelaide Crows|Port Adelaide Power,2021-05-08,2021,44249.0,36.0,44367.0,3.0,44955,117
2021-05-08|8|Collingwood Magpies|North Melbourne Kangaroos,2021-05-08,2021,43965.0,37.0,43905.0,6.0,44521,134
2021-05-08|8|Essendon Bombers|Greater Western Sydney Giants,2021-05-08,2021,44481.0,37.0,43816.0,3.0,44481,128
2021-05-08|8|Gold Coast Suns|St Kilda Saints,2021-05-08,2021,44497.0,33.0,44225.0,3.0,45003,138
2021-05-08|8|Melbourne Demons|Sydney Swans,2021-05-08,2021,44630.0,35.0,44410.0,4.0,44498,133
2021-05-09|8|Brisbane Lions|Fremantle Dockers,2021-05-09,2021,44782.0,31.0,43512.0,3.0,44782,131
2021-05-09|8|Carlton Blues|Western Bulldogs,2021-05-09,2021,43414.0,32.0,43383.0,5.0,43414,131
2021-05-09|8|Hawthorn Hawks|West Coast Eagles,2021-05-09,2021,44510.0,41.0,43546.0,4.0,43859,137
2021-05-14|9|Geelong Cats|St Kilda Saints,2021-05-14,2021,43956.0,36.0,43581.0,2.0,43956,138
2021-05-15|9|Brisbane Lions|Gold Coast Suns,2021-05-15,2021,44332.0,37.0,44461.0,4.0,44332,142
2021-05-15|9|Collingwood Magpies|Sydney Swans,2021-05-15,2021,44383.0,29.0,44025.0,3.0,44086,113
2021-05-15|9|Greater Western Sydney Giants|Richmond Tigers,2021-05-15,2021,44080.0,35.0,44067.0,4.0,44080,126
2021-05-15|9|Hawthorn Hawks|North Melbourne Kangaroos,2021-05-15,2021,44935.0,38.0,45308.0,4.0,44935,142
2021-05-15|9|Port Adelaide Power|Western Bulldogs,2021-05-15,2021,45268.0,32.0,44581.0,4.0,45268,130
2021-05-16|9|Adelaide Crows|West Coast Eagles,2021-05-16,2021,44249.0,36.0,43682.0,5.0,45270,127
2021-05-16|9|Carlton Blues|Melbourne Demons,2021-05-16,2021,44851.0,29.0,43855.0,3.0,45167,121
2021-05-16|9|Essendon Bombers|Fremantle Dockers,2021-05-16,2021,44649.0,39.0,45056.0,4.0,43439,137
2021-05-21|10|Brisbane Lions|Richmond Tigers,2021-05-21,2021,45307.0,28.0,43322.0,4.0,44332,115
2021-05-22|10|Adelaide Crows|Melbourne Demons,2021-05-22,2021,44630.0,38.0,44630.0,3.0,44630,155
2021-05-22|10|Carlton Blues|Hawthorn Hawks,2021-05-22,2021,44510.0,44.0,43444.0,3.0,44510,133
2021-05-22|10|Fremantle Dockers|Sydney Swans,2021-05-22,2021,43700.0,31.0,43847.0,6.0,43700,122
2021-05-22|10|Geelong Cats|Gold Coast Suns,2021-05-22,2021,44892.0,39.0,43516.0,3.0,44892,134
2021-05-22|10|St Kilda Saints|Western Bulldogs,2021-05-22,2021,44343.0,36.0,44581.0,5.0,44343,153
2021-05-23|10|Collingwood Magpies|Port Adelaide Power,2021-05-23,2021,43269.0,29.0,43927.0,3.0,43950,142
2021-05-23|10|Essendon Bombers|North Melbourne Kangaroos,2021-05-23,2021,44649.0,36.0,43874.0,3.0,44649,144
2021-05-23|10|Greater Western Sydney Giants|West Coast Eagles,2021-05-23,2021,45176.0,29.0,43816.0,3.0,45230,119
2021-05-28|11|Melbourne Demons|Western Bulldogs,2021-05-28,2021,44630.0,33.0,43470.0,3.0,44343,147
2021-05-29|11|Brisbane Lions|Greater Western Sydney Giants,2021-05-29,2021,45061.0,36.0,44807.0,4.0,44807,147
2021-05-29|11|Collingwood Magpies|Geelong Cats,2021-05-29,2021,44650.0,30.0,44012.0,3.0,44385,123
2021-05-29|11|Essendon Bombers|West Coast Eagles,2021-05-29,2021,44909.0,43.0,44216.0,3.0,44909,135
2021-05-29|11|Gold Coast Suns|Hawthorn Hawks,2021-05-29,2021,44497.0,37.0,44225.0,4.0,44497,160
2021-05-29|11|North Melbourne Kangaroos|St Kilda Saints,2021-05-29,2021,43965.0,33.0,45279.0,3.0,43760,140
2021-05-30|11|Adelaide Crows|Richmond Tigers,2021-05-30,2021,44203.0,31.0,44785.0,5.0,44785,140
2021-05-30|11|Carlton Blues|Sydney Swans,2021-05-30,2021,45167.0,33.0,43642.0,3.0,44025,135
2021-05-30|11|Fremantle Dockers|Port Adelaide Power,2021-05-30,2021,45268.0,35.0,43728.0,3.0,45268,121
2021-06-04|12|Brisbane Lions|Melbourne Demons,2021-06-04,2021,44332.0,28.0,43322.0,4.0,44681,119
2021-06-05|12|Adelaide Crows|Collingwood Magpies,2021-06-05,2021,44249.0,40.0,43788.0,6.0,44249,131
2021-06-05|12|Essendon Bombers|Richmond Tigers,2021-06-05,2021,44649.0,44.0,43412.0,3.0,44649,160
2021-06-05|12|St Kilda Saints|Sydney Swans,2021-06-05,2021,43646.0,38.0,44020.0,3.0,45003,141
2021-06-06|12|Carlton Blues|West Coast Eagles,2021-06-06,2021,44909.0,32.0,44844.0,4.0,45167,127
2021-06-06|12|Fremantle Dockers|Western Bulldogs,2021-06-06,2021,44343.0,30.0,45111.0,3.0,43414,125
2021-06-10|13|Geelong Cats|Port Adelaide Power,2021-06-10,2021,45268.0,29.0,43516.0,5.0,45268,116
2021-06-11|13|Hawthorn Hawks|Sydney Swans,2021-06-11,2021,44510.0,34.0,43283.0,2.0,44510,125
2021-06-12|13|Adelaide Crows|St Kilda Saints,2021-06-12,2021,43646.0,36.0,45077.0,3.0,45003,133
2021-06-12|13|Fremantle Dockers|Gold Coast Suns,2021-06-12,2021,43275.0,31.0,43486.0,2.0,43680,132
2021-06-13|13|Greater Western Sydney Giants|North Melbourne Kangaroos,2021-06-13,2021,44208.0,39.0,43658.0,2.0,44208,152
2021-06-13|13|Richmond Tigers|West Coast Eagles,2021-06-13,2021,44756.0,32.0,44216.0,4.0,44089,127
2021-06-14|13|Collingwood Magpies|Melbourne Demons,2021-06-14,2021,43905.0,32.0,43514.0,4.0,44383,133
2021-06-18|14|Geelong Cats|Western Bulldogs,2021-06-18,2021,43414.0,30.0,43470.0,3.0,43414,127
2021-06-19|14|Brisbane Lions|North Melbourne Kangaroos,2021-06-19,2021,44332.0,36.0,44261.0,3.0,44332,161
2021-06-19|14|Carlton Blues|Greater Western Sydney Giants,2021-06-19,2021,44080.0,27.0,43816.0,5.0,45061,145
2021-06-19|14|Gold Coast Suns|Port Adelaide Power,2021-06-19,2021,45268.0,43.0,44834.0,3.0,45268,154
2021-06-20|14|Essendon Bombers|Hawthorn Hawks,2021-06-20,2021,44631.0,31.0,45033.0,4.0,45033,136
2021-06-24|15|Brisbane Lions|Geelong Cats,2021-06-24,2021,43956.0,34.0,43678.0,4.0,45307,142
2021-06-25|15|Richmond Tigers|St Kilda Saints,2021-06-25,2021,43760.0,32.0,44228.0,2.0,45003,114
2021-06-26|15|Collingwood Magpies|Fremantle Dockers,2021-06-26,2021,43269.0,32.0,44294.0,3.0,44383,123
2021-06-26|15|Essendon Bombers|Melbourne Demons,2021-06-26,2021,44481.0,41.0,44180.0,2.0,44481,153
2021-06-26|15|Gold Coast Suns|North Melbourne Kangaroos,2021-06-26,2021,44497.0,32.0,43617.0,3.0,43908,119
2021-06-26|15|Port Adelaide Power|Sydney Swans,2021-06-26,2021,44651.0,34.0,43847.0,4.0,43406,119
2021-06-27|15|Adelaide Crows|Carlton Blues,2021-06-27,2021,45167.0,38.0,43383.0,3.0,45167,123
2021-06-27|15|Greater Western Sydney Giants|Hawthorn Hawks,2021-06-27,2021,45230.0,32.0,44522.0,4.0,44510,139
2021-06-27|15|West Coast Eagles|Western Bulldogs,2021-06-27,2021,44960.0,31.0,44581.0,4.0,43414,135
2021-07-01|16|Gold Coast Suns|Richmond Tigers,2021-07-01,2021,44497.0,36.0,44331.0,5.0,44497,141
2021-07-02|16|Essendon Bombers|Geelong Cats,2021-07-02,2021,44649.0,43.0,44012.0,6.0,43674,149
2021-07-03|16|Adelaide Crows|Brisbane Lions,2021-07-03,2021,44249.0,37.0,44394.0,4.0,44332,133
2021-07-03|16|Carlton Blues|Fremantle Dockers,2021-07-03,2021,43439.0,28.0,44437.0,3.0,45167,128
2021-07-03|16|Greater Western Sydney Giants|Melbourne Demons,2021-07-03,2021,44851.0,31.0,43855.0,3.0,44681,136
2021-07-03|16|Hawthorn Hawks|Port Adelaide Power,2021-07-03,2021,45268.0,43.0,43728.0,4.0,45268,151
2021-07-04|16|Collingwood Magpies|St Kilda Saints,2021-07-04,2021,45003.0,36.0,44228.0,2.0,45003,157
2021-07-04|16|North Melbourne Kangaroos|Western Bulldogs,2021-07-04,2021,43965.0,31.0,45205.0,4.0,43965,134
2021-07-04|16|Sydney Swans|West Coast Eagles,2021-07-04,2021,44909.0,37.0,43847.0,3.0,44909,129
2021-07-08|17|Melbourne Demons|Port Adelaide Power,2021-07-08,2021,45268.0,33.0,44410.0,3.0,44681,153
2021-07-09|17|Adelaide Crows|Essendon Bombers,2021-07-09,2021,44481.0,35.0,44676.0,3.0,44249,116
2021-07-10|17|Brisbane Lions|St Kilda Saints,2021-07-10,2021,45003.0,32.0,44228.0,3.0,45003,138
2021-07-10|17|Carlton Blues|Geelong Cats,2021-07-10,2021,45167.0,36.0,44437.0,2.0,45167,132
2021-07-10|17|Fremantle Dockers|Hawthorn Hawks,2021-07-10,2021,44510.0,39.0,44294.0,4.0,43680,121
2021-07-11|17|Collingwood Magpies|Richmond Tigers,2021-07-11,2021,43269.0,31.0,43788.0,3.0,43950,139
2021-07-11|17|Gold Coast Suns|Greater Western Sydney Giants,2021-07-11,2021,43790.0,41.0,43932.0,3.0,44497,155
2021-07-11|17|Sydney Swans|Western Bulldogs,2021-07-11,2021,44290.0,33.0,43700.0,3.0,43795,127
2021-07-12|17|North Melbourne Kangaroos|West Coast Eagles,2021-07-12,2021,45007.0,38.0,44261.0,3.0,45007,150
2021-07-15|18|Fremantle Dockers|Geelong Cats,2021-07-15,2021,43956.0,35.0,44012.0,4.0,44474,129
2021-07-16|18|Brisbane Lions|Richmond Tigers,2021-07-16,2021,44400.0,30.0,44785.0,6.0,44785,113
2021-07-17|18|Gold Coast Suns|Western Bulldogs,2021-07-17,2021,44497.0,38.0,43273.0,3.0,44903,123
2021-07-17|18|Hawthorn Hawks|Melbourne Demons,2021-07-17,2021,44510.0,39.0,43444.0,3.0,44510,144
2021-07-17|18|Port Adelaide Power|St Kilda Saints,2021-07-17,2021,45003.0,37.0,43881.0,4.0,45003,149
2021-07-18|18|Adelaide Crows|West Coast Eagles,2021-07-18,2021,43859.0,34.0,43640.0,5.0,44203,128
2021-07-18|18|Carlton Blues|Collingwood Magpies,2021-07-18,2021,45167.0,39.0,44437.0,4.0,45167,155
2021-07-18|18|Essendon Bombers|North Melbourne Kangaroos,2021-07-18,2021,44481.0,39.0,45033.0,4.0,43965,136
2021-07-18|18|Greater Western Sydney Giants|Sydney Swans,2021-07-18,2021,44651.0,31.0,43847.0,4.0,44651,117
2021-07-23|19|Collingwood Magpies|Port Adelaide Power,2021-07-23,2021,43743.0,32.0,43728.0,4.0,43641,141
2021-07-24|19|Adelaide Crows|Hawthorn Hawks,2021-07-24,2021,44249.0,36.0,45161.0,4.0,44249,142
2021-07-24|19|Brisbane Lions|Gold Coast Suns,2021-07-24,2021,43817.0,41.0,44394.0,4.0,43817,142
2021-07-24|19|Carlton Blues|North Melbourne Kangaroos,2021-07-24,2021,44935.0,31.0,44261.0,7.0,44935,125
2021-07-24|19|Melbourne Demons|Western Bulldogs,2021-07-24,2021,44630.0,38.0,43414.0,2.0,44343,138
2021-07-24|19|St Kilda Saints|West Coast Eagles,2021-07-24,2021,44188.0,32.0,44228.0,6.0,43859,113
2021-07-25|19|Essendon Bombers|Greater Western Sydney Giants,2021-07-25,2021,45230.0,35.0,44067.0,2.0,45230,132
2021-07-25|19|Fremantle Dockers|Sydney Swans,2021-07-25,2021,43439.0,34.0,44025.0,5.0,44025,132
2021-07-25|19|Geelong Cats|Richmond Tigers,2021-07-25,2021,43956.0,34.0,44012.0,4.0,43674,118
2021-07-30|20|Carlton Blues|St Kilda Saints,2021-07-30,2021,44188.0,30.0,44437.0,5.0,45003,162
2021-07-31|20|Adelaide Crows|Western Bulldogs,2021-07-31,2021,43676.0,32.0,43470.0,2.0,44613,129
2021-07-31|20|Collingwood Magpies|West Coast Eagles,2021-07-31,2021,43269.0,34.0,43388.0,2.0,43905,129
2021-07-31|20|Geelong Cats|North Melbourne Kangaroos,2021-07-31,2021,43965.0,36.0,43956.0,2.0,43957,128
2021-08-01|20|Brisbane Lions|Hawthorn Hawks,2021-08-01,2021,44332.0,38.0,44461.0,4.0,44332,153
2021-08-01|20|Essendon Bombers|Sydney Swans,2021-08-01,2021,44481.0,35.0,44648.0,4.0,44498,152
2021-08-01|20|Fremantle Dockers|Richmond Tigers,2021-08-01,2021,43439.0,39.0,45056.0,3.0,43439,156
2021-08-01|20|Gold Coast Suns|Melbourne Demons,2021-08-01,2021,44630.0,35.0,43460.0,4.0,44681,136
2021-08-01|20|Greater Western Sydney Giants|Port Adelaide Power,2021-08-01,2021,43285.0,31.0,43728.0,4.0,43285,122
2021-08-06|21|Geelong Cats|Greater Western Sydney Giants,2021-08-06,2021,45061.0,34.0,43932.0,4.0,45061,132
2021-08-07|21|Adelaide Crows|Port Adelaide Power,2021-08-07,2021,44249.0,31.0,43495.0,2.0,43489,111
2021-08-07|21|Carlton Blues|Gold Coast Suns,2021-08-07,2021,44497.0,34.0,44076.0,2.0,44497,140
2021-08-07|21|North Melbourne Kangaroos|Richmond Tigers,2021-08-07,2021,43687.0,38.0,45308.0,4.0,43920,146
2021-08-07|21|St Kilda Saints|Sydney Swans,2021-08-07,2021,45003.0,34.0,44042.0,4.0,45003,139
2021-08-08|21|Brisbane Lions|Fremantle Dockers,2021-08-08,2021,45307.0,34.0,43678.0,4.0,45307,135
2021-08-08|21|Collingwood Magpies|Hawthorn Hawks,2021-08-08,2021,44510.0,44.0,43897.0,3.0,44510,157
2021-08-08|21|Essendon Bombers|Western Bulldogs,2021-08-08,2021,43414.0,34.0,45285.0,7.0,44343,113
2021-08-09|21|Melbourne Demons|West Coast Eagles,2021-08-09,2021,45293.0,31.0,43460.0,3.0,44756,121
2021-08-13|22|Greater Western Sydney Giants|Richmond Tigers,2021-08-13,2021,44208.0,32.0,45061.0,4.0,44208,141
2021-08-14|22|Brisbane Lions|Collingwood Magpies,2021-08-14,2021,44585.0,31.0,43512.0,6.0,44332,139
2021-08-14|22|Carlton Blues|Port Adelaide Power,2021-08-14,2021,43406.0,31.0,43728.0,4.0,44217,131
2021-08-14|22|Geelong Cats|St Kilda Saints,2021-08-14,2021,43956.0,36.0,43516.0,4.0,44474,132
2021-08-14|22|Hawthorn Hawks|Western Bulldogs,2021-08-14,2021,43414.0,31.0,44238.0,2.0,44096,139
2021-08-14|22|North Melbourne Kangaroos|Sydney Swans,2021-08-14,2021,43965.0,30.0,44020.0,3.0,43965,120
2021-08-15|22|Adelaide Crows|Melbourne Demons,2021-08-15,2021,44888.0,36.0,43855.0,7.0,44254,127
2021-08-15|22|Essendon Bombers|Gold Coast Suns,2021-08-15,2021,44649.0,34.0,45033.0,5.0,44055,115
2021-08-15|22|Fremantle Dockers|West Coast Eagles,2021-08-15,2021,43859.0,32.0,44216.0,3.0,43859,126
2021-08-20|23|Port Adelaide Power|Western Bulldogs,2021-08-20,2021,45268.0,34.0,43406.0,2.0,45268,128
2021-08-21|23|Brisbane Lions|West Coast Eagles,2021-08-21,2021,44924.0,34.0,43678.0,4.0,44332,125
2021-08-21|23|Carlton Blues|Greater Western Sydney Giants,2021-08-21,2021,44208.0,29.0,43660.0,4.0,43660,116
2021-08-21|23|Geelong Cats|Melbourne Demons,2021-08-21,2021,44630.0,37.0,44012.0,4.0,43878,139
2021-08-21|23|Gold Coast Suns|Sydney Swans,2021-08-21,2021,44497.0,37.0,43847.0,6.0,43700,158
2021-08-21|23|Hawthorn Hawks|Richmond Tigers,2021-08-21,2021,44510.0,36.0,43449.0,3.0,44510,118
2021-08-22|23|Adelaide Crows|North Melbourne Kangaroos,2021-08-22,2021,44249.0,40.0,44261.0,3.0,44203,144
2021-08-22|23|Collingwood Magpies|Essendon Bombers,2021-08-22,2021,43269.0,31.0,43788.0,4.0,43269,125
2021-08-22|23|Fremantle Dockers|St Kilda Saints,2021-08-22,2021,45003.0,36.0,44901.0,4.0,45003,134
2021-08-27|QF|Geelong Cats|Port Adelaide Power,2021-08-27,2021,43753.0,33.0,43805.0,4.0,43753,135
2021-08-28|EF|Greater Western Sydney Giants|Sydney Swans,2021-08-28,2021,44651.0,34.0,44025.0,4.0,44651,115
2021-08-28|QF|Brisbane Lions|Melbourne Demons,2021-08-28,2021,44630.0,33.0,43512.0,5.0,44585,140
2021-08-29|EF|Essendon Bombers|Western Bulldogs,2021-08-29,2021,44281.0,35.0,45205.0,4.0,44281,130
2021-09-03|SF|Geelong Cats|Greater Western Sydney Giants,2021-09-03,2021,45230.0,34.0,44012.0,5.0,44474,128
2021-09-04|SF|Brisbane Lions|Western Bulldogs,2021-09-04,2021,44343.0,34.0,43512.0,3.0,44343,146
2021-09-10|PF|Geelong Cats|Melbourne Demons,2021-09-10,2021,45150.0,34.0,43878.0,5.0,43878,145
2021-09-11|PF|Port Adelaide Power|Western Bulldogs,2021-09-11,2021,45268.0,38.0,44960.0,4.0,45268,131
2021-09-25|GF|Melbourne Demons|Western Bulldogs,2021-09-25,2021,43676.0,37.0,43855.0,6.0,44681,139
2022-03-16|1|Melbourne Demons|Western Bulldogs,2022-03-16,2022,44343.0,34.0,44581.0,4.0,44960,154
2022-03-17|1|Carlton Blues|Richmond Tigers,2022-03-17,2022,44217.0,33.0,43412.0,3.0,44217,122
2022-03-18|1|Collingwood Magpies|St Kilda Saints,2022-03-18,2022,44285.0,30.0,44016.0,3.0,44285,117
2022-03-19|1|Brisbane Lions|Port Adelaide Power,2022-03-19,2022,44090.0,36.0,43678.0,4.0,44090,150
2022-03-19|1|Essendon Bombers|Geelong Cats,2022-03-19,2022,44481.0,39.0,44374.0,5.0,44374,130
2022-03-19|1|Greater Western Sydney Giants|Sydney Swans,2022-03-19,2022,43936.0,31.0,44651.0,5.0,43936,133
2022-03-20|1|Adelaide Crows|Fremantle Dockers,2022-03-20,2022,44203.0,37.0,44742.0,5.0,44203,132
2022-03-20|1|Gold Coast Suns|West Coast Eagles,2022-03-20,2022,44829.0,33.0,44749.0,4.0,44829,117
2022-03-20|1|Hawthorn Hawks|North Melbourne Kangaroos,2022-03-20,2022,43965.0,31.0,43955.0,3.0,43965,125
2022-03-24|2|Carlton Blues|Western Bulldogs,2022-03-24,2022,43642.0,35.0,43659.0,5.0,43642,123
2022-03-25|2|Geelong Cats|Sydney Swans,2022-03-25,2022,44498.0,29.0,44025.0,5.0,44498,117
2022-03-26|2|Adelaide Crows|Collingwood Magpies,2022-03-26,2022,44203.0,37.0,44031.0,2.0,44203,131
2022-03-26|2|Brisbane Lions|Essendon Bombers,2022-03-26,2022,44585.0,41.0,44400.0,3.0,44585,145
2022-03-26|2|Gold Coast Suns|Melbourne Demons,2022-03-26,2022,44497.0,38.0,43289.0,2.0,44497,147
2022-03-26|2|Hawthorn Hawks|Port Adelaide Power,2022-03-26,2022,43406.0,39.0,44280.0,5.0,43406,152
2022-03-27|2|Fremantle Dockers|St Kilda Saints,2022-03-27,2022,43439.0,40.0,44042.0,4.0,43439,181
2022-03-27|2|Greater Western Sydney Giants|Richmond Tigers,2022-03-27,2022,43936.0,34.0,43336.0,4.0,44923,131
2022-03-27|2|North Melbourne Kangaroos|West Coast Eagles,2022-03-27,2022,43933.0,29.0,44261.0,6.0,45306,127
2022-03-31|3|Sydney Swans|Western Bulldogs,2022-03-31,2022,44960.0,31.0,45205.0,3.0,43795,138
2022-04-01|3|Adelaide Crows|Port Adelaide Power,2022-04-01,2022,44249.0,31.0,44367.0,5.0,44613,115
2022-04-01|3|Essendon Bombers|Melbourne Demons,2022-04-01,2022,44630.0,38.0,45206.0,4.0,43438,156
2022-04-02|3|Brisbane Lions|North Melbourne Kangaroos,2022-04-02,2022,44935.0,31.0,44394.0,5.0,44332,122
2022-04-02|3|Collingwood Magpies|Geelong Cats,2022-04-02,2022,43269.0,30.0,43516.0,6.0,43674,103
2022-04-02|3|Gold Coast Suns|Greater Western Sydney Giants,2022-04-02,2022,45061.0,36.0,43535.0,3.0,45061,126
2022-04-03|3|Carlton Blues|Hawthorn Hawks,2022-04-03,2022,43731.0,33.0,43659.0,3.0,43642,138
2022-04-03|3|Fremantle Dockers|West Coast Eagles,2022-04-03,2022,44115.0,27.0,45056.0,3.0,44115,116
2022-04-03|3|Richmond Tigers|St Kilda Saints,2022-04-03,2022,43938.0,32.0,44228.0,4.0,43646,128
2022-04-07|4|Melbourne Demons|Port Adelaide Power,2022-04-07,2022,43415.0,37.0,43855.0,3.0,43878,140
2022-04-08|4|Brisbane Lions|Geelong Cats,2022-04-08,2022,44585.0,30.0,44012.0,5.0,43405,125
2022-04-09|4|Collingwood Magpies|West Coast Eagles,2022-04-09,2022,43668.0,32.0,44216.0,3.0,43668,126
2022-04-09|4|Fremantle Dockers|Greater Western Sydney Giants,2022-04-09,2022,43451.0,37.0,43602.0,2.0,43451,127
2022-04-09|4|North Melbourne Kangaroos|Sydney Swans,2022-04-09,2022,44935.0,33.0,45306.0,5.0,45007,122
2022-04-09|4|Richmond Tigers|Western Bulldogs,2022-04-09,2022,43756.0,37.0,44331.0,4.0,44960,131
2022-04-10|4|Adelaide Crows|Essendon Bombers,2022-04-10,2022,44249.0,38.0,45161.0,4.0,44203,134
2022-04-10|4|Carlton Blues|Gold Coast Suns,2022-04-10,2022,45249.0,36.0,43550.0,3.0,45249,137
2022-04-10|4|Hawthorn Hawks|St Kilda Saints,2022-04-10,2022,44945.0,35.0,43938.0,4.0,45003,130
2022-04-14|5|Brisbane Lions|Collingwood Magpies,2022-04-14,2022,44585.0,33.0,43678.0,4.0,43641,125
2022-04-15|5|North Melbourne Kangaroos|Western Bulldogs,2022-04-15,2022,44960.0,43.0,44581.0,5.0,44960,147
2022-04-15|5|Sydney Swans|West Coast Eagles,2022-04-15,2022,44498.0,28.0,44025.0,3.0,44651,123
2022-04-16|5|Adelaide Crows|Richmond Tigers,2022-04-16,2022,44203.0,31.0,45161.0,5.0,44203,114
2022-04-16|5|Gold Coast Suns|St Kilda Saints,2022-04-16,2022,44497.0,32.0,44042.0,5.0,45003,112
2022-04-16|5|Greater Western Sydney Giants|Melbourne Demons,2022-04-16,2022,43936.0,34.0,43855.0,4.0,43878,132
2022-04-17|5|Carlton Blues|Port Adelaide Power,2022-04-17,2022,45167.0,38.0,43659.0,5.0,43489,113
2022-04-17|5|Essendon Bombers|Fremantle Dockers,2022-04-17,2022,43439.0,34.0,45056.0,7.0,43439,123
2022-04-18|5|Geelong Cats|Hawthorn Hawks,2022-04-18,2022,44510.0,33.0,44522.0,4.0,44926,118
2022-04-22|6|Greater Western Sydney Giants|St Kilda Saints,2022-04-22,2022,44208.0,30.0,44042.0,4.0,44042,116
2022-04-23|6|Adelaide Crows|Western Bulldogs,2022-04-23,2022,44203.0,33.0,45161.0,3.0,43756,138
2022-04-23|6|Carlton Blues|Fremantle Dockers,2022-04-23,2022,45167.0,36.0,43642.0,3.0,43642,123
2022-04-23|6|Port Adelaide Power|West Coast Eagles,2022-04-23,2022,43406.0,34.0,43816.0,5.0,44367,137
2022-04-24|6|Brisbane Lions|Gold Coast Suns,2022-04-24,2022,43289.0,33.0,43322.0,6.0,44332,128
2022-04-24|6|Geelong Cats|North Melbourne Kangaroos,2022-04-24,2022,45125.0,32.0,43516.0,7.0,45125,125
2022-04-24|6|Melbourne Demons|Richmond Tigers,2022-04-24,2022,44630.0,41.0,45206.0,3.0,45152,131
2022-04-25|6|Collingwood Magpies|Essendon Bombers,2022-04-25,2022,44649.0,44.0,43897.0,5.0,44481,115
2022-04-25|6|Hawthorn Hawks|Sydney Swans,2022-04-25,2022,44498.0,37.0,43847.0,3.0,44498,162
2022-04-29|7|Richmond Tigers|West Coast Eagles,2022-04-29,2022,44923.0,31.0,44331.0,7.0,44331,146
2022-04-30|7|Adelaide Crows|Greater Western Sydney Giants,2022-04-30,2022,44208.0,41.0,43932.0,4.0,44208,134
2022-04-30|7|Carlton Blues|North Melbourne Kangaroos,2022-04-30,2022,43642.0,35.0,44437.0,4.0,43642,125
2022-04-30|7|Fremantle Dockers|Geelong Cats,2022-04-30,2022,43956.0,35.0,45006.0,3.0,45019,157
2022-04-30|7|Hawthorn Hawks|Melbourne Demons,2022-04-30,2022,44522.0,33.0,43460.0,4.0,43878,149
2022-04-30|7|Port Adelaide Power|St Kilda Saints,2022-04-30,2022,44823.0,31.0,43927.0,2.0,45003,115
2022-05-01|7|Brisbane Lions|Sydney Swans,2022-05-01,2022,44585.0,37.0,43847.0,6.0,44585,142
2022-05-01|7|Collingwood Magpies|Gold Coast Suns,2022-05-01,2022,44497.0,36.0,43535.0,4.0,44497,140
2022-05-01|7|Essendon Bombers|Western Bulldogs,2022-05-01,2022,44481.0,36.0,45285.0,4.0,43756,133
2022-05-06|8|Fremantle Dockers|North Melbourne Kangaroos,2022-05-06,2022,43451.0,37.0,43286.0,2.0,43439,134
2022-05-06|8|Port Adelaide Power|Western Bulldogs,2022-05-06,2022,43406.0,30.0,44581.0,4.0,43406,110
2022-05-07|8|Brisbane Lions|West Coast Eagles,2022-05-07,2022,44585.0,29.0,43512.0,4.0,44400,141
2022-05-07|8|Collingwood Magpies|Richmond Tigers,2022-05-07,2022,43920.0,30.0,44331.0,6.0,44331,140
2022-05-07|8|Essendon Bombers|Hawthorn Hawks,2022-05-07,2022,44649.0,32.0,45285.0,6.0,44649,131
2022-05-07|8|Geelong Cats|Greater Western Sydney Giants,2022-05-07,2022,43753.0,33.0,43516.0,5.0,43405,133
2022-05-07|8|Gold Coast Suns|Sydney Swans,2022-05-07,2022,43817.0,29.0,43535.0,2.0,45047,120
2022-05-08|8|Adelaide Crows|Carlton Blues,2022-05-08,2022,43642.0,35.0,43659.0,6.0,43659,138
2022-05-08|8|Melbourne Demons|St Kilda Saints,2022-05-08,2022,44254.0,39.0,43460.0,3.0,44254,140
2022-05-13|9|Collingwood Magpies|Western Bulldogs,2022-05-13,2022,44960.0,41.0,43756.0,3.0,45112,134
2022-05-14|9|Adelaide Crows|Brisbane Lions,2022-05-14,2022,44585.0,36.0,43512.0,4.0,44249,124
2022-05-14|9|Essendon Bombers|Sydney Swans,2022-05-14,2022,45179.0,32.0,43847.0,2.0,44498,156
2022-05-14|9|Geelong Cats|St Kilda Saints,2022-05-14,2022,43646.0,36.0,44012.0,4.0,43646,125
2022-05-14|9|Hawthorn Hawks|Richmond Tigers,2022-05-14,2022,44731.0,28.0,44331.0,4.0,44926,109
2022-05-14|9|North Melbourne Kangaroos|Port Adelaide Power,2022-05-14,2022,45268.0,32.0,43881.0,3.0,45268,128
2022-05-15|9|Carlton Blues|Greater Western Sydney Giants,2022-05-15,2022,44208.0,36.0,43659.0,2.0,44208,134
2022-05-15|9|Fremantle Dockers|Gold Coast Suns,2022-05-15,2022,44497.0,34.0,43550.0,4.0,44497,128
2022-05-15|9|Melbourne Demons|West Coast Eagles,2022-05-15,2022,44209.0,32.0,44410.0,4.0,44681,139
2022-05-20|10|Carlton Blues|Sydney Swans,2022-05-20,2022,45167.0,34.0,43659.0,6.0,44651,123
2022-05-21|10|Adelaide Crows|St Kilda Saints,2022-05-21,2022,44945.0,32.0,44228.0,6.0,43700,111
2022-05-21|10|Essendon Bombers|Richmond Tigers,2022-05-21,2022,44649.0,43.0,44785.0,4.0,44649,146
2022-05-21|10|Geelong Cats|Port Adelaide Power,2022-05-21,2022,43956.0,38.0,43516.0,3.0,44090,121
2022-05-21|10|Gold Coast Suns|Western Bulldogs,2022-05-21,2022,44960.0,34.0,44142.0,5.0,44960,118
2022-05-21|10|Melbourne Demons|North Melbourne Kangaroos,2022-05-21,2022,44630.0,45.0,43855.0,3.0,44630,151
2022-05-22|10|Brisbane Lions|Hawthorn Hawks,2022-05-22,2022,44510.0,36.0,44280.0,4.0,44332,129
2022-05-22|10|Collingwood Magpies|Fremantle Dockers,2022-05-22,2022,43451.0,36.0,44031.0,4.0,43451,128
2022-05-22|10|Greater Western Sydney Giants|West Coast Eagles,2022-05-22,2022,43606.0,36.0,44670.0,3.0,44208,124
2022-05-27|11|Richmond Tigers|Sydney Swans,2022-05-27,2022,45179.0,27.0,43847.0,5.0,44575,114
2022-05-28|11|Adelaide Crows|Geelong Cats,2022-05-28,2022,44249.0,38.0,43516.0,4.0,45019,169
2022-05-28|11|Brisbane Lions|Greater Western Sydney Giants,2022-05-28,2022,44585.0,39.0,43932.0,4.0,44585,143
2022-05-28|11|Fremantle Dockers|Melbourne Demons,2022-05-28,2022,44630.0,36.0,44878.0,4.0,44845,137
2022-05-28|11|Gold Coast Suns|Hawthorn Hawks,2022-05-28,2022,44510.0,29.0,43550.0,3.0,43790,126
2022-05-28|11|West Coast Eagles|Western Bulldogs,2022-05-28,2022,44209.0,38.0,43682.0,4.0,43756,139
2022-05-29|11|Carlton Blues|Collingwood Magpies,2022-05-29,2022,45167.0,35.0,43659.0,4.0,45167,120
2022-05-29|11|Essendon Bombers|Port Adelaide Power,2022-05-29,2022,44649.0,39.0,43728.0,2.0,44649,119
2022-05-29|11|North Melbourne Kangaroos|St Kilda Saints,2022-05-29,2022,44049.0,33.0,44228.0,3.0,43288,149
2022-06-03|12|Geelong Cats|Western Bulldogs,2022-06-03,2022,43669.0,31.0,43516.0,6.0,44343,124
2022-06-04|12|Adelaide Crows|West Coast Eagles,2022-06-04,2022,44249.0,33.0,43832.0,3.0,44249,122
2022-06-04|12|Gold Coast Suns|North Melbourne Kangaroos,2022-06-04,2022,44497.0,32.0,43706.0,2.0,44497,135
2022-06-04|12|Melbourne Demons|Sydney Swans,2022-06-04,2022,45150.0,32.0,43855.0,3.0,43878,149
2022-06-05|12|Brisbane Lions|Fremantle Dockers,2022-06-05,2022,43439.0,39.0,43322.0,4.0,43439,131
2022-06-05|12|Collingwood Magpies|Hawthorn Hawks,2022-06-05,2022,43668.0,36.0,44280.0,4.0,43514,133
2022-06-09|13|Port Adelaide Power|Richmond Tigers,2022-06-09,2022,43285.0,29.0,44367.0,3.0,43285,122
2022-06-10|13|Carlton Blues|Essendon Bombers,2022-06-10,2022,43731.0,33.0,44437.0,3.0,43731,135
2022-06-11|13|Brisbane Lions|St Kilda Saints,2022-06-11,2022,44585.0,37.0,43678.0,3.0,44585,127
2022-06-11|13|Fremantle Dockers|Hawthorn Hawks,2022-06-11,2022,43439.0,37.0,43337.0,2.0,43439,141
2022-06-12|13|Greater Western Sydney Giants|North Melbourne Kangaroos,2022-06-12,2022,44054.0,37.0,43606.0,3.0,44054,161
2022-06-13|13|Collingwood Magpies|Melbourne Demons,2022-06-13,2022,44630.0,43.0,44488.0,4.0,45150,157
2022-06-16|14|Carlton Blues|Richmond Tigers,2022-06-16,2022,43642.0,34.0,44437.0,4.0,43731,129
2022-06-17|14|Essendon Bombers|St Kilda Saints,2022-06-17,2022,44758.0,31.0,45285.0,4.0,44758,125
2022-06-18|14|Geelong Cats|West Coast Eagles,2022-06-18,2022,43859.0,27.0,44012.0,3.0,43956,126
2022-06-18|14|Greater Western Sydney Giants|Western Bulldogs,2022-06-18,2022,43606.0,32.0,43932.0,7.0,44343,148
2022-06-18|14|Port Adelaide Power|Sydney Swans,2022-06-18,2022,45268.0,34.0,44025.0,4.0,43285,117
2022-06-19|14|Adelaide Crows|Gold Coast Suns,2022-06-19,2022,44249.0,42.0,43273.0,3.0,44249,124
2022-06-23|15|Brisbane Lions|Melbourne Demons,2022-06-23,2022,44630.0,35.0,43855.0,3.0,44400,136
2022-06-24|15|Essendon Bombers|West Coast Eagles,2022-06-24,2022,44481.0,28.0,44216.0,5.0,44481,118
2022-06-24|15|Hawthorn Hawks|Western Bulldogs,2022-06-24,2022,44281.0,30.0,44280.0,4.0,43414,118
2022-06-25|15|Carlton Blues|Fremantle Dockers,2022-06-25,2022,45167.0,40.0,43659.0,4.0,43731,121
2022-06-25|15|Geelong Cats|Richmond Tigers,2022-06-25,2022,43956.0,28.0,43412.0,3.0,45152,119
2022-06-25|15|St Kilda Saints|Sydney Swans,2022-06-25,2022,44290.0,39.0,44025.0,3.0,44290,141
2022-06-26|15|Adelaide Crows|North Melbourne Kangaroos,2022-06-26,2022,43965.0,38.0,45161.0,6.0,44249,129
2022-06-26|15|Collingwood Magpies|Greater Western Sydney Giants,2022-06-26,2022,43606.0,31.0,44067.0,4.0,43606,129
2022-06-26|15|Gold Coast Suns|Port Adelaide Power,2022-06-26,2022,43415.0,30.0,44367.0,4.0,43285,139
2022-06-30|16|Brisbane Lions|Western Bulldogs,2022-06-30,2022,44281.0,33.0,43512.0,4.0,44585,133
2022-07-01|16|Carlton Blues|St Kilda Saints,2022-07-01,2022,44945.0,37.0,44472.0,4.0,44945,140
2022-07-02|16|Adelaide Crows|Melbourne Demons,2022-07-02,2022,44630.0,36.0,44681.0,3.0,44681,141
2022-07-02|16|Collingwood Magpies|Gold Coast Suns,2022-07-02,2022,43668.0,37.0,44749.0,4.0,44497,132
2022-07-02|16|Essendon Bombers|Sydney Swans,2022-07-02,2022,44651.0,26.0,44481.0,3.0,44481,128
2022-07-02|16|Geelong Cats|North Melbourne Kangaroos,2022-07-02,2022,43687.0,36.0,44012.0,6.0,43516,146
2022-07-03|16|Fremantle Dockers|Port Adelaide Power,2022-07-03,2022,45268.0,39.0,44294.0,5.0,43439,121
2022-07-03|16|Greater Western Sydney Giants|Hawthorn Hawks,2022-07-03,2022,44510.0,35.0,43461.0,4.0,45061,125
2022-07-03|16|Richmond Tigers|West Coast Eagles,2022-07-03,2022,44209.0,40.0,43640.0,3.0,44209,132
2022-07-07|17|Geelong Cats|Melbourne Demons,2022-07-07,2022,45150.0,35.0,44681.0,3.0,43753,138
2022-07-08|17|Sydney Swans|Western Bulldogs,2022-07-08,2022,45112.0,32.0,44025.0,4.0,44498,148
2022-07-09|17|Collingwood Magpies|North Melbourne Kangaroos,2022-07-09,2022,43288.0,33.0,44261.0,5.0,43687,145
2022-07-09|17|Fremantle Dockers|St Kilda Saints,2022-07-09,2022,43439.0,36.0,43850.0,3.0,43439,144
2022-07-09|17|Gold Coast Suns|Richmond Tigers,2022-07-09,2022,44790.0,31.0,43412.0,3.0,43289,141
2022-07-09|17|Greater Western Sydney Giants|Port Adelaide Power,2022-07-09,2022,43606.0,32.0,44834.0,4.0,44834,125
2022-07-10|17|Adelaide Crows|Hawthorn Hawks,2022-07-10,2022,44249.0,42.0,44280.0,5.0,44249,132
2022-07-10|17|Brisbane Lions|Essendon Bombers,2022-07-10,2022,44481.0,31.0,45285.0,5.0,44481,127
2022-07-10|17|Carlton Blues|West Coast Eagles,2022-07-10,2022,43859.0,30.0,43659.0,5.0,44115,119
2022-07-15|18|St Kilda Saints|Western Bulldogs,2022-07-15,2022,44945.0,36.0,45132.0,3.0,44945,146
2022-07-16|18|Adelaide Crows|Collingwood Magpies,2022-07-16,2022,43668.0,40.0,45161.0,5.0,44249,163
2022-07-16|18|Brisbane Lions|Greater Western Sydney Giants,2022-07-16,2022,44054.0,29.0,43932.0,4.0,44400,142
2022-07-16|18|Carlton Blues|Geelong Cats,2022-07-16,2022,45167.0,33.0,43516.0,3.0,44892,109
2022-07-16|18|Fremantle Dockers|Sydney Swans,2022-07-16,2022,45179.0,35.0,43283.0,2.0,44498,132
2022-07-16|18|North Melbourne Kangaroos|Richmond Tigers,2022-07-16,2022,44935.0,34.0,45308.0,6.0,44935,119
2022-07-17|18|Essendon Bombers|Gold Coast Suns,2022-07-17,2022,44481.0,36.0,45033.0,4.0,44758,143
2022-07-17|18|Hawthorn Hawks|West Coast Eagles,2022-07-17,2022,45177.0,34.0,43444.0,6.0,43346,139
2022-07-17|18|Melbourne Demons|Port Adelaide Power,2022-07-17,2022,44834.0,33.0,44702.0,6.0,44090,121
2022-07-22|19|Fremantle Dockers|Richmond Tigers,2022-07-22,2022,45296.0,31.0,43412.0,2.0,45296,132
2022-07-23|19|Adelaide Crows|Sydney Swans,2022-07-23,2022,44249.0,38.0,43847.0,3.0,44249,138
2022-07-23|19|Brisbane Lions|Gold Coast Suns,2022-07-23,2022,44497.0,34.0,43535.0,4.0,45271,121
2022-07-23|19|Geelong Cats|Port Adelaide Power,2022-07-23,2022,45125.0,27.0,44012.0,4.0,43285,126
2022-07-23|19|Hawthorn Hawks|North Melbourne Kangaroos,2022-07-23,2022,43687.0,30.0,43955.0,5.0,43965,122
2022-07-23|19|Melbourne Demons|Western Bulldogs,2022-07-23,2022,43438.0,29.0,45132.0,5.0,43878,133
2022-07-24|19|Carlton Blues|Greater Western Sydney Giants,2022-07-24,2022,43642.0,34.0,43659.0,4.0,45061,123
2022-07-24|19|Collingwood Magpies|Essendon Bombers,2022-07-24,2022,44481.0,38.0,44154.0,3.0,44481,121
2022-07-24|19|St Kilda Saints|West Coast Eagles,2022-07-24,2022,45003.0,40.0,43492.0,5.0,45003,154
2022-07-29|20|Fremantle Dockers|Melbourne Demons,2022-07-29,2022,43451.0,35.0,43855.0,3.0,43439,137
2022-07-30|20|Adelaide Crows|Carlton Blues,2022-07-30,2022,43642.0,41.0,44203.0,3.0,44961,141
2022-07-30|20|Collingwood Magpies|Port Adelaide Power,2022-07-30,2022,44834.0,35.0,43897.0,3.0,44834,115
2022-07-30|20|Geelong Cats|Western Bulldogs,2022-07-30,2022,44281.0,28.0,45205.0,3.0,43756,119
2022-07-30|20|Greater Western Sydney Giants|Sydney Swans,2022-07-30,2022,44651.0,34.0,43847.0,3.0,43953,155
2022-07-30|20|Hawthorn Hawks|St Kilda Saints,2022-07-30,2022,44510.0,31.0,44228.0,2.0,44366,163
2022-07-31|20|Brisbane Lions|Richmond Tigers,2022-07-31,2022,44585.0,31.0,43653.0,5.0,43412,114
2022-07-31|20|Essendon Bombers|North Melbourne Kangaroos,2022-07-31,2022,44935.0,41.0,45033.0,5.0,44481,172
2022-07-31|20|Gold Coast Suns|West Coast Eagles,2022-07-31,2022,44497.0,31.0,43682.0,6.0,44497,122
2022-08-05|21|Collingwood Magpies|Melbourne Demons,2022-08-05,2022,44630.0,42.0,43788.0,4.0,43878,152
2022-08-06|21|Essendon Bombers|Greater Western Sydney Giants,2022-08-06,2022,45230.0,29.0,43952.0,4.0,44067,117
2022-08-06|21|Fremantle Dockers|Western Bulldogs,2022-08-06,2022,43756.0,33.0,44294.0,4.0,44845,151
2022-08-06|21|Geelong Cats|St Kilda Saints,2022-08-06,2022,43646.0,28.0,44012.0,3.0,43646,123
2022-08-06|21|Gold Coast Suns|Hawthorn Hawks,2022-08-06,2022,45047.0,33.0,43955.0,5.0,45047,131
2022-08-06|21|Port Adelaide Power|Richmond Tigers,2022-08-06,2022,44731.0,32.0,43412.0,4.0,44575,139
2022-08-07|21|Adelaide Crows|West Coast Eagles,2022-08-07,2022,44249.0,36.0,44216.0,8.0,44249,127
2022-08-07|21|Brisbane Lions|Carlton Blues,2022-08-07,2022,44585.0,32.0,43322.0,4.0,44585,117
2022-08-07|21|North Melbourne Kangaroos|Sydney Swans,2022-08-07,2022,44935.0,31.0,44261.0,7.0,44935,120
2022-08-12|22|Brisbane Lions|St Kilda Saints,2022-08-12,2022,44823.0,32.0,44753.0,4.0,44366,118
2022-08-13|22|Adelaide Crows|North Melbourne Kangaroos,2022-08-13,2022,43687.0,37.0,43832.0,4.0,43687,129
2022-08-13|22|Carlton Blues|Melbourne Demons,2022-08-13,2022,43438.0,38.0,44470.0,4.0,43438,123
2022-08-13|22|Fremantle Dockers|West Coast Eagles,2022-08-13,2022,43751.0,30.0,43850.0,2.0,43680,147
2022-08-13|22|Geelong Cats|Gold Coast Suns,2022-08-13,2022,44497.0,36.0,43516.0,3.0,44497,133
2022-08-13|22|Greater Western Sydney Giants|Western Bulldogs,2022-08-13,2022,44208.0,35.0,44067.0,2.0,44208,142
2022-08-14|22|Collingwood Magpies|Sydney Swans,2022-08-14,2022,44498.0,29.0,43847.0,3.0,44498,129
2022-08-14|22|Essendon Bombers|Port Adelaide Power,2022-08-14,2022,44090.0,32.0,44723.0,4.0,44090,136
2022-08-14|22|Hawthorn Hawks|Richmond Tigers,2022-08-14,2022,44510.0,32.0,44331.0,8.0,44331,134
2022-08-19|23|Brisbane Lions|Melbourne Demons,2022-08-19,2022,44630.0,30.0,43855.0,4.0,44585,109
2022-08-20|23|Adelaide Crows|Port Adelaide Power,2022-08-20,2022,45268.0,35.0,44367.0,4.0,44834,144
2022-08-20|23|Essendon Bombers|Richmond Tigers,2022-08-20,2022,44481.0,37.0,44331.0,5.0,44731,129
2022-08-20|23|Fremantle Dockers|Greater Western Sydney Giants,2022-08-20,2022,44895.0,32.0,44067.0,3.0,43451,117
2022-08-20|23|Geelong Cats|West Coast Eagles,2022-08-20,2022,44115.0,32.0,44012.0,4.0,44115,118
2022-08-20|23|Gold Coast Suns|North Melbourne Kangaroos,2022-08-20,2022,45047.0,33.0,44899.0,6.0,45047,140
2022-08-21|23|Carlton Blues|Collingwood Magpies,2022-08-21,2022,43642.0,35.0,43897.0,3.0,43731,137
2022-08-21|23|Hawthorn Hawks|Western Bulldogs,2022-08-21,2022,44926.0,33.0,43955.0,4.0,44926,151
2022-08-21|23|St Kilda Saints|Sydney Swans,2022-08-21,2022,43982.0,30.0,44228.0,5.0,45003,139
2022-09-01|EF|Brisbane Lions|Richmond Tigers,2022-09-01,2022,44585.0,39.0,43512.0,3.0,44575,123
2022-09-02|QF|Melbourne Demons|Sydney Swans,2022-09-02,2022,44630.0,29.0,43855.0,3.0,44630,126
2022-09-03|EF|Fremantle Dockers|Western Bulldogs,2022-09-03,2022,43439.0,32.0,45170.0,3.0,43414,145
2022-09-03|QF|Collingwood Magpies|Geelong Cats,2022-09-03,2022,44673.0,34.0,43516.0,3.0,43905,124
2022-09-09|SF|Brisbane Lions|Melbourne Demons,2022-09-09,2022,44782.0,30.0,44060.0,4.0,44630,108
2022-09-10|SF|Collingwood Magpies|Fremantle Dockers,2022-09-10,2022,44895.0,34.0,43897.0,3.0,43439,127
2022-09-16|PF|Brisbane Lions|Geelong Cats,2022-09-16,2022,43674.0,28.0,44012.0,4.0,43674,115
2022-09-17|PF|Collingwood Magpies|Sydney Swans,2022-09-17,2022,44673.0,29.0,44648.0,3.0,43641,114
2022-09-24|GF|Geelong Cats|Sydney Swans,2022-09-24,2022,44966.0,32.0,45006.0,4.0,44966,147
2023-03-16|1|Carlton Blues|Richmond Tigers,2023-03-16,2023,45061.0,32.0,43659.0,3.0,45061,123
2023-03-17|1|Collingwood Magpies|Geelong Cats,2023-03-17,2023,43668.0,35.0,43905.0,3.0,44673,118
2023-03-18|1|Brisbane Lions|Port Adelaide Power,2023-03-18,2023,45268.0,29.0,44367.0,4.0,43489,95
2023-03-18|1|Gold Coast Suns|Sydney Swans,2023-03-18,2023,45179.0,30.0,43273.0,2.0,45271,137
2023-03-18|1|Melbourne Demons|Western Bulldogs,2023-03-18,2023,44630.0,33.0,43460.0,4.0,44630,124
2023-03-18|1|North Melbourne Kangaroos|West Coast Eagles,2023-03-18,2023,44910.0,34.0,44261.0,6.0,44910,118
2023-03-19|1|Adelaide Crows|Greater Western Sydney Giants,2023-03-19,2023,43936.0,37.0,43932.0,4.0,43936,128
2023-03-19|1|Essendon Bombers|Hawthorn Hawks,2023-03-19,2023,44649.0,37.0,43444.0,3.0,44926,130
2023-03-19|1|Fremantle Dockers|St Kilda Saints,2023-03-19,2023,44845.0,37.0,43938.0,2.0,44845,156
2023-03-23|2|Carlton Blues|Geelong Cats,2023-03-23,2023,43642.0,27.0,43516.0,6.0,43516,138
2023-03-24|2|Brisbane Lions|Melbourne Demons,2023-03-24,2023,44630.0,37.0,43460.0,4.0,44630,149
2023-03-25|2|Adelaide Crows|Richmond Tigers,2023-03-25,2023,44249.0,39.0,43832.0,3.0,44249,142
2023-03-25|2|Collingwood Magpies|Port Adelaide Power,2023-03-25,2023,43668.0,32.0,43728.0,3.0,43668,117
2023-03-25|2|Fremantle Dockers|North Melbourne Kangaroos,2023-03-25,2023,44895.0,31.0,44261.0,4.0,44910,127
2023-03-25|2|St Kilda Saints|Western Bulldogs,2023-03-25,2023,44945.0,33.0,44642.0,3.0,45003,118
2023-03-26|2|Essendon Bombers|Gold Coast Suns,2023-03-26,2023,44481.0,31.0,44257.0,5.0,44897,130
2023-03-26|2|Greater Western Sydney Giants|West Coast Eagles,2023-03-26,2023,44209.0,32.0,43932.0,4.0,43831,110
2023-03-26|2|Hawthorn Hawks|Sydney Swans,2023-03-26,2023,44498.0,28.0,44408.0,5.0,44498,109
2023-03-30|3|Brisbane Lions|Western Bulldogs,2023-03-30,2023,44585.0,31.0,45132.0,5.0,44281,119
2023-03-31|3|Collingwood Magpies|Richmond Tigers,2023-03-31,2023,43905.0,35.0,43788.0,2.0,43905,120
2023-04-01|3|Adelaide Crows|Port Adelaide Power,2023-04-01,2023,44834.0,28.0,45077.0,5.0,44834,113
2023-04-01|3|Carlton Blues|Greater Western Sydney Giants,2023-04-01,2023,43642.0,42.0,43659.0,2.0,43731,136
2023-04-01|3|Essendon Bombers|St Kilda Saints,2023-04-01,2023,44649.0,35.0,43492.0,4.0,43646,122
2023-04-01|3|Hawthorn Hawks|North Melbourne Kangaroos,2023-04-01,2023,43707.0,29.0,43449.0,3.0,44522,132
2023-04-02|3|Fremantle Dockers|West Coast Eagles,2023-04-02,2023,44895.0,35.0,45170.0,4.0,43680,128
2023-04-02|3|Geelong Cats|Gold Coast Suns,2023-04-02,2023,45208.0,29.0,44322.0,5.0,45019,126
2023-04-02|3|Melbourne Demons|Sydney Swans,2023-04-02,2023,44681.0,28.0,43541.0,3.0,44630,111
2023-04-06|4|Brisbane Lions|Collingwood Magpies,2023-04-06,2023,43668.0,38.0,43512.0,6.0,43668,126
2023-04-07|4|Carlton Blues|North Melbourne Kangaroos,2023-04-07,2023,44910.0,37.0,43659.0,6.0,44437,119
2023-04-08|4|Adelaide Crows|Fremantle Dockers,2023-04-08,2023,43439.0,31.0,45161.0,4.0,43700,122
2023-04-08|4|Gold Coast Suns|St Kilda Saints,2023-04-08,2023,43289.0,38.0,44042.0,5.0,43289,159
2023-04-08|4|Port Adelaide Power|Sydney Swans,2023-04-08,2023,43829.0,33.0,43816.0,3.0,43829,122
2023-04-08|4|Richmond Tigers|Western Bulldogs,2023-04-08,2023,43669.0,30.0,43412.0,3.0,43795,145
2023-04-09|4|Essendon Bombers|Greater Western Sydney Giants,2023-04-09,2023,43936.0,34.0,45033.0,4.0,44019,126
2023-04-09|4|Melbourne Demons|West Coast Eagles,2023-04-09,2023,44209.0,36.0,44410.0,4.0,44209,142
2023-04-10|4|Geelong Cats|Hawthorn Hawks,2023-04-10,2023,43753.0,31.0,43516.0,7.0,43516,137
2023-04-13|5|Adelaide Crows|Carlton Blues,2023-04-13,2023,44249.0,37.0,43832.0,5.0,43700,133
2023-04-14|5|Fremantle Dockers|Gold Coast Suns,2023-04-14,2023,44895.0,37.0,45170.0,4.0,44895,125
2023-04-14|5|Richmond Tigers|Sydney Swans,2023-04-14,2023,43326.0,35.0,44648.0,6.0,43326,122
2023-04-15|5|Brisbane Lions|North Melbourne Kangaroos,2023-04-15,2023,44585.0,37.0,43678.0,5.0,43678,120
2023-04-15|5|Essendon Bombers|Melbourne Demons,2023-04-15,2023,44630.0,41.0,43742.0,3.0,44481,119
2023-04-15|5|Port Adelaide Power|Western Bulldogs,2023-04-15,2023,45112.0,35.0,45205.0,4.0,43795,123
2023-04-16|5|Collingwood Magpies|St Kilda Saints,2023-04-16,2023,43668.0,42.0,44048.0,3.0,43668,136
2023-04-16|5|Geelong Cats|West Coast Eagles,2023-04-16,2023,44181.0,25.0,43281.0,4.0,43405,111
2023-04-16|5|Greater Western Sydney Giants|Hawthorn Hawks,2023-04-16,2023,45281.0,35.0,43930.0,3.0,44589,119
2023-04-21|6|Fremantle Dockers|Western Bulldogs,2023-04-21,2023,44895.0,35.0,44581.0,3.0,43414,148
2023-04-22|6|Brisbane Lions|Greater Western Sydney Giants,2023-04-22,2023,44208.0,41.0,43512.0,7.0,43606,135
2023-04-22|6|Geelong Cats|Sydney Swans,2023-04-22,2023,43674.0,31.0,43516.0,5.0,43674,110
2023-04-22|6|Port Adelaide Power|West Coast Eagles,2023-04-22,2023,44209.0,34.0,43816.0,5.0,44834,133
2023-04-23|6|Adelaide Crows|Hawthorn Hawks,2023-04-23,2023,44955.0,30.0,45161.0,4.0,45161,123
2023-04-23|6|Carlton Blues|St Kilda Saints,2023-04-23,2023,43540.0,39.0,43492.0,3.0,45167,131
2023-04-23|6|Gold Coast Suns|North Melbourne Kangaroos,2023-04-23,2023,43289.0,28.0,44225.0,5.0,45208,133
2023-04-24|6|Melbourne Demons|Richmond Tigers,2023-04-24,2023,45061.0,33.0,44785.0,4.0,45061,138
2023-04-25|6|Collingwood Magpies|Essendon Bombers,2023-04-25,2023,43668.0,40.0,44257.0,3.0,43668,140
2023-04-28|7|Port Adelaide Power|St Kilda Saints,2023-04-28,2023,44945.0,33.0,43728.0,2.0,44366,159
2023-04-29|7|Brisbane Lions|Fremantle Dockers,2023-04-29,2023,44585.0,35.0,43678.0,3.0,44585,119
2023-04-29|7|Carlton Blues|West Coast Eagles,2023-04-29,2023,43266.0,34.0,43659.0,9.0,44592,164
2023-04-29|7|Greater Western Sydney Giants|Sydney Swans,2023-04-29,2023,44651.0,33.0,43932.0,4.0,43936,136
2023-04-29|7|Hawthorn Hawks|Western Bulldogs,2023-04-29,2023,43707.0,30.0,44581.0,4.0,43676,118
2023-04-29|7|Melbourne Demons|North Melbourne Kangaroos,2023-04-29,2023,44630.0,37.0,43855.0,4.0,44681,142
2023-04-30|7|Adelaide Crows|Collingwood Magpies,2023-04-30,2023,43700.0,30.0,44488.0,3.0,43700,112
2023-04-30|7|Essendon Bombers|Geelong Cats,2023-04-30,2023,44649.0,38.0,44012.0,8.0,44012,137
2023-04-30|7|Gold Coast Suns|Richmond Tigers,2023-04-30,2023,43289.0,32.0,44225.0,4.0,43289,134
2023-05-05|8|Brisbane Lions|Carlton Blues,2023-05-05,2023,43540.0,33.0,43322.0,4.0,43756,172
2023-05-06|8|Adelaide Crows|Geelong Cats,2023-05-06,2023,43700.0,29.0,43516.0,3.0,43700,116
2023-05-06|8|Fremantle Dockers|Hawthorn Hawks,2023-05-06,2023,43439.0,34.0,43286.0,3.0,43439,157
2023-05-06|8|Gold Coast Suns|Melbourne Demons,2023-05-06,2023,43289.0,37.0,44817.0,4.0,43289,132
2023-05-06|8|Greater Western Sydney Giants|Western Bulldogs,2023-05-06,2023,43936.0,38.0,43936.0,3.0,43936,170
2023-05-06|8|Richmond Tigers|West Coast Eagles,2023-05-06,2023,44080.0,32.0,43281.0,4.0,43412,137
2023-05-07|8|Collingwood Magpies|Sydney Swans,2023-05-07,2023,44651.0,34.0,44488.0,5.0,43953,161
2023-05-07|8|Essendon Bombers|Port Adelaide Power,2023-05-07,2023,44649.0,37.0,43498.0,2.0,44481,120
2023-05-07|8|North Melbourne Kangaroos|St Kilda Saints,2023-05-07,2023,45306.0,36.0,44261.0,3.0,45306,168
2023-05-12|9|Geelong Cats|Richmond Tigers,2023-05-12,2023,45061.0,28.0,44371.0,4.0,45061,129
2023-05-12|9|Gold Coast Suns|West Coast Eagles,2023-05-12,2023,43751.0,32.0,44225.0,4.0,44829,142
2023-05-13|9|Brisbane Lions|Essendon Bombers,2023-05-13,2023,44585.0,34.0,43678.0,6.0,43678,118
2023-05-13|9|Carlton Blues|Western Bulldogs,2023-05-13,2023,44960.0,30.0,44641.0,3.0,45167,123
2023-05-13|9|Fremantle Dockers|Sydney Swans,2023-05-13,2023,43953.0,34.0,44878.0,4.0,43953,153
2023-05-13|9|Hawthorn Hawks|Melbourne Demons,2023-05-13,2023,44630.0,34.0,43855.0,2.0,44630,126
2023-05-13|9|North Melbourne Kangaroos|Port Adelaide Power,2023-05-13,2023,43495.0,32.0,44261.0,4.0,43908,128
2023-05-14|9|Adelaide Crows|St Kilda Saints,2023-05-14,2023,43700.0,33.0,45161.0,5.0,44961,121
2023-05-14|9|Collingwood Magpies|Greater Western Sydney Giants,2023-05-14,2023,43668.0,41.0,43788.0,3.0,43635,128
2023-05-19|10|Melbourne Demons|Port Adelaide Power,2023-05-19,2023,43495.0,41.0,43495.0,2.0,43495,148
2023-05-20|10|Adelaide Crows|Western Bulldogs,2023-05-20,2023,44960.0,37.0,44343.0,2.0,44249,131
2023-05-20|10|Brisbane Lions|Gold Coast Suns,2023-05-20,2023,44585.0,35.0,43678.0,4.0,44400,128
2023-05-20|10|Essendon Bombers|Richmond Tigers,2023-05-20,2023,44481.0,39.0,43412.0,2.0,44481,158
2023-05-20|10|Fremantle Dockers|Geelong Cats,2023-05-20,2023,43439.0,33.0,43286.0,3.0,43439,135
2023-05-20|10|North Melbourne Kangaroos|Sydney Swans,2023-05-20,2023,44884.0,33.0,43847.0,3.0,44884,121
2023-05-21|10|Carlton Blues|Collingwood Magpies,2023-05-21,2023,43731.0,34.0,44488.0,4.0,43731,124
2023-05-21|10|Greater Western Sydney Giants|St Kilda Saints,2023-05-21,2023,44945.0,37.0,44228.0,4.0,44945,141
2023-05-21|10|Hawthorn Hawks|West Coast Eagles,2023-05-21,2023,44578.0,30.0,44280.0,6.0,44909,139
2023-05-26|11|Carlton Blues|Sydney Swans,2023-05-26,2023,44290.0,35.0,44428.0,2.0,44290,123
2023-05-27|11|Essendon Bombers|West Coast Eagles,2023-05-27,2023,43751.0,35.0,43281.0,4.0,43751,140
2023-05-27|11|Fremantle Dockers|Melbourne Demons,2023-05-27,2023,43439.0,29.0,43286.0,3.0,44681,116
2023-05-27|11|Geelong Cats|Greater Western Sydney Giants,2023-05-27,2023,45230.0,31.0,43932.0,4.0,45019,121
2023-05-27|11|Gold Coast Suns|Western Bulldogs,2023-05-27,2023,44829.0,29.0,44322.0,5.0,44829,124
2023-05-27|11|Hawthorn Hawks|St Kilda Saints,2023-05-27,2023,44926.0,43.0,44228.0,4.0,44926,165
2023-05-28|11|Adelaide Crows|Brisbane Lions,2023-05-28,2023,43700.0,32.0,43512.0,4.0,43700,135
2023-05-28|11|Collingwood Magpies|North Melbourne Kangaroos,2023-05-28,2023,43905.0,35.0,44261.0,5.0,43905,127
2023-05-28|11|Port Adelaide Power|Richmond Tigers,2023-05-28,2023,45061.0,33.0,45061.0,4.0,45061,145
2023-06-02|12|Carlton Blues|Melbourne Demons,2023-06-02,2023,43540.0,30.0,44437.0,3.0,44681,118
2023-06-03|12|Adelaide Crows|Gold Coast Suns,2023-06-03,2023,43700.0,30.0,44322.0,5.0,43700,128
2023-06-03|12|Collingwood Magpies|West Coast Eagles,2023-06-03,2023,44909.0,43.0,43281.0,3.0,44909,138
2023-06-03|12|Geelong Cats|Western Bulldogs,2023-06-03,2023,43676.0,35.0,43516.0,2.0,43795,158
2023-06-03|12|Hawthorn Hawks|Port Adelaide Power,2023-06-03,2023,45281.0,35.0,43444.0,5.0,43495,129
2023-06-04|12|Essendon Bombers|North Melbourne Kangaroos,2023-06-04,2023,44481.0,34.0,44257.0,4.0,44481,155
2023-06-04|12|Greater Western Sydney Giants|Richmond Tigers,2023-06-04,2023,45061.0,36.0,44785.0,5.0,45176,134
2023-06-08|13|St Kilda Saints|Sydney Swans,2023-06-08,2023,43829.0,34.0,44228.0,3.0,44366,129
2023-06-09|13|Port Adelaide Power|Western Bulldogs,2023-06-09,2023,45112.0,34.0,43728.0,4.0,44343,129
2023-06-10|13|Adelaide Crows|West Coast Eagles,2023-06-10,2023,44249.0,34.0,45161.0,10.0,45161,166
2023-06-10|13|Brisbane Lions|Hawthorn Hawks,2023-06-10,2023,44926.0,32.0,44060.0,4.0,43756,145
2023-06-10|13|Fremantle Dockers|Richmond Tigers,2023-06-10,2023,45061.0,35.0,43286.0,4.0,44575,129
2023-06-11|13|Carlton Blues|Essendon Bombers,2023-06-11,2023,45167.0,35.0,45285.0,5.0,44374,114
2023-06-11|13|Greater Western Sydney Giants|North Melbourne Kangaroos,2023-06-11,2023,45306.0,30.0,44261.0,4.0,43932,111
2023-06-12|13|Collingwood Magpies|Melbourne Demons,2023-06-12,2023,45150.0,32.0,43855.0,3.0,45150,135
2023-06-15|14|Geelong Cats|Port Adelaide Power,2023-06-15,2023,44090.0,31.0,43816.0,4.0,44090,108
2023-06-16|14|Brisbane Lions|Sydney Swans,2023-06-16,2023,44585.0,29.0,43322.0,2.0,44429,134
2023-06-17|14|Fremantle Dockers|Greater Western Sydney Giants,2023-06-17,2023,44208.0,33.0,44773.0,5.0,44208,120
2023-06-17|14|Richmond Tigers|St Kilda Saints,2023-06-17,2023,45061.0,38.0,43412.0,3.0,45061,147
2023-06-18|14|Carlton Blues|Gold Coast Suns,2023-06-18,2023,43731.0,32.0,43642.0,3.0,43731,124
2023-06-18|14|North Melbourne Kangaroos|Western Bulldogs,2023-06-18,2023,45112.0,34.0,45205.0,6.0,43414,158
2023-06-22|15|Geelong Cats|Melbourne Demons,2023-06-22,2023,44681.0,28.0,44813.0,3.0,44681,125
2023-06-23|15|Brisbane Lions|St Kilda Saints,2023-06-23,2023,44945.0,36.0,44060.0,4.0,44945,130
2023-06-24|15|Essendon Bombers|Fremantle Dockers,2023-06-24,2023,44029.0,32.0,44128.0,3.0,44845,143
2023-06-24|15|Sydney Swans|West Coast Eagles,2023-06-24,2023,45179.0,33.0,44025.0,5.0,43953,145
2023-06-25|15|Adelaide Crows|Collingwood Magpies,2023-06-25,2023,43668.0,37.0,45161.0,5.0,43700,172
2023-06-25|15|Gold Coast Suns|Hawthorn Hawks,2023-06-25,2023,43993.0,38.0,44817.0,3.0,43993,117
2023-06-29|16|Brisbane Lions|Richmond Tigers,2023-06-29,2023,44400.0,34.0,43678.0,5.0,44585,127
2023-06-30|16|Geelong Cats|Sydney Swans,2023-06-30,2023,43400.0,29.0,43519.0,2.0,43953,128
2023-07-01|16|Adelaide Crows|North Melbourne Kangaroos,2023-07-01,2023,44910.0,31.0,44749.0,5.0,43700,136
2023-07-01|16|Collingwood Magpies|Gold Coast Suns,2023-07-01,2023,43668.0,36.0,43788.0,5.0,43668,150
2023-07-01|16|Essendon Bombers|Port Adelaide Power,2023-07-01,2023,44090.0,32.0,44257.0,3.0,44834,145
2023-07-01|16|Fremantle Dockers|Western Bulldogs,2023-07-01,2023,44895.0,38.0,43286.0,4.0,44895,134
2023-07-02|16|Carlton Blues|Hawthorn Hawks,2023-07-02,2023,43642.0,28.0,43659.0,3.0,44437,118
2023-07-02|16|Greater Western Sydney Giants|Melbourne Demons,2023-07-02,2023,45150.0,41.0,43932.0,2.0,45150,148
2023-07-02|16|St Kilda Saints|West Coast Eagles,2023-07-02,2023,44115.0,30.0,44642.0,4.0,43646,137
2023-07-06|17|Richmond Tigers|Sydney Swans,2023-07-06,2023,43412.0,31.0,44025.0,3.0,43953,126
2023-07-07|17|Collingwood Magpies|Western Bulldogs,2023-07-07,2023,43676.0,32.0,43788.0,4.0,44740,118
2023-07-08|17|Brisbane Lions|West Coast Eagles,2023-07-08,2023,43751.0,33.0,43955.0,6.0,43955,127
2023-07-08|17|Gold Coast Suns|Port Adelaide Power,2023-07-08,2023,43289.0,29.0,43535.0,4.0,43289,104
2023-07-08|17|Greater Western Sydney Giants|Hawthorn Hawks,2023-07-08,2023,43606.0,30.0,44067.0,4.0,43606,136
2023-07-08|17|Melbourne Demons|St Kilda Saints,2023-07-08,2023,44945.0,33.0,44681.0,4.0,44366,148
2023-07-09|17|Adelaide Crows|Essendon Bombers,2023-07-09,2023,44481.0,39.0,44257.0,3.0,44481,150
2023-07-09|17|Carlton Blues|Fremantle Dockers,2023-07-09,2023,44845.0,35.0,43659.0,3.0,44845,142
2023-07-09|17|Geelong Cats|North Melbourne Kangaroos,2023-07-09,2023,44487.0,32.0,45006.0,5.0,43753,128
2023-07-13|18|Sydney Swans|Western Bulldogs,2023-07-13,2023,45112.0,33.0,44648.0,4.0,43414,142
2023-07-14|18|Brisbane Lions|Melbourne Demons,2023-07-14,2023,43438.0,29.0,44681.0,4.0,43878,162
2023-07-15|18|Adelaide Crows|Greater Western Sydney Giants,2023-07-15,2023,44249.0,33.0,43932.0,3.0,44249,131
2023-07-15|18|Carlton Blues|Port Adelaide Power,2023-07-15,2023,44090.0,41.0,44542.0,4.0,44090,156
2023-07-15|18|Collingwood Magpies|Fremantle Dockers,2023-07-15,2023,43668.0,36.0,43788.0,4.0,43668,132
2023-07-15|18|Essendon Bombers|Geelong Cats,2023-07-15,2023,44073.0,33.0,44012.0,5.0,43312,122
2023-07-15|18|Gold Coast Suns|St Kilda Saints,2023-07-15,2023,43825.0,33.0,44322.0,4.0,43311,122
2023-07-16|18|Hawthorn Hawks|North Melbourne Kangaroos,2023-07-16,2023,44884.0,34.0,43444.0,3.0,43687,138
2023-07-16|18|Richmond Tigers|West Coast Eagles,2023-07-16,2023,44790.0,31.0,43281.0,3.0,45061,111
2023-07-21|19|Essendon Bombers|Western Bulldogs,2023-07-21,2023,44281.0,36.0,45132.0,3.0,44263,138
2023-07-22|19|Brisbane Lions|Geelong Cats,2023-07-22,2023,43756.0,27.0,43516.0,3.0,45019,116
2023-07-22|19|Carlton Blues|West Coast Eagles,2023-07-22,2023,44037.0,31.0,43659.0,10.0,43659,146
2023-07-22|19|Collingwood Magpies|Port Adelaide Power,2023-07-22,2023,43495.0,31.0,43788.0,3.0,43743,117
2023-07-22|19|Fremantle Dockers|Sydney Swans,2023-07-22,2023,44895.0,32.0,44878.0,4.0,44651,127
2023-07-22|19|Hawthorn Hawks|Richmond Tigers,2023-07-22,2023,44589.0,30.0,44280.0,4.0,44926,121
2023-07-23|19|Adelaide Crows|Melbourne Demons,2023-07-23,2023,43438.0,26.0,45161.0,4.0,43878,115
2023-07-23|19|Gold Coast Suns|Greater Western Sydney Giants,2023-07-23,2023,43825.0,31.0,43932.0,3.0,44054,112
2023-07-23|19|North Melbourne Kangaroos|St Kilda Saints,2023-07-23,2023,43687.0,33.0,44261.0,3.0,45003,133
2023-07-28|20|Carlton Blues|Collingwood Magpies,2023-07-28,2023,43668.0,28.0,43659.0,6.0,44592,123
2023-07-29|20|Adelaide Crows|Port Adelaide Power,2023-07-29,2023,43700.0,34.0,45161.0,7.0,43700,134
2023-07-29|20|Brisbane Lions|Gold Coast Suns,2023-07-29,2023,43825.0,32.0,44225.0,5.0,43756,137
2023-07-29|20|Essendon Bombers|Sydney Swans,2023-07-29,2023,44481.0,39.0,44257.0,5.0,43953,142
2023-07-29|20|Fremantle Dockers|Geelong Cats,2023-07-29,2023,44895.0,29.0,43617.0,2.0,43439,122
2023-07-29|20|Greater Western Sydney Giants|Western Bulldogs,2023-07-29,2023,43669.0,37.0,43932.0,5.0,43795,153
2023-07-30|20|Hawthorn Hawks|St Kilda Saints,2023-07-30,2023,45172.0,33.0,43444.0,6.0,43646,133
2023-07-30|20|Melbourne Demons|Richmond Tigers,2023-07-30,2023,45150.0,32.0,44689.0,6.0,45150,133
2023-07-30|20|North Melbourne Kangaroos|West Coast Eagles,2023-07-30,2023,44910.0,31.0,43664.0,4.0,43687,120
2023-08-04|21|Richmond Tigers|Western Bulldogs,2023-08-04,2023,43414.0,32.0,45132.0,5.0,43414,151
2023-08-05|21|Adelaide Crows|Gold Coast Suns,2023-08-05,2023,43647.0,31.0,43832.0,3.0,44058,124
2023-08-05|21|Collingwood Magpies|Hawthorn Hawks,2023-08-05,2023,44926.0,37.0,43444.0,3.0,44926,160
2023-08-05|21|Essendon Bombers|West Coast Eagles,2023-08-05,2023,44649.0,33.0,44257.0,5.0,44481,128
2023-08-05|21|Geelong Cats|Port Adelaide Power,2023-08-05,2023,43495.0,30.0,44031.0,4.0,43495,130
2023-08-05|21|Greater Western Sydney Giants|Sydney Swans,2023-08-05,2023,43936.0,38.0,44449.0,4.0,43936,141
2023-08-06|21|Brisbane Lions|Fremantle Dockers,2023-08-06,2023,44895.0,35.0,45036.0,3.0,44128,149
2023-08-06|21|Carlton Blues|St Kilda Saints,2023-08-06,2023,44592.0,35.0,43266.0,2.0,45279,153
2023-08-06|21|Melbourne Demons|North Melbourne Kangaroos,2023-08-06,2023,43438.0,37.0,43541.0,3.0,45306,138
2023-08-11|22|Collingwood Magpies|Geelong Cats,2023-08-11,2023,43312.0,34.0,43516.0,7.0,43667,124
2023-08-12|22|Adelaide Crows|Brisbane Lions,2023-08-12,2023,44249.0,34.0,44387.0,4.0,44249,126
2023-08-12|22|Carlton Blues|Melbourne Demons,2023-08-12,2023,44037.0,33.0,43659.0,2.0,45150,142
2023-08-12|22|Essendon Bombers|North Melbourne Kangaroos,2023-08-12,2023,44649.0,33.0,44261.0,5.0,44374,129
2023-08-12|22|Fremantle Dockers|West Coast Eagles,2023-08-12,2023,43439.0,33.0,44878.0,5.0,43567,114
2023-08-12|22|Gold Coast Suns|Sydney Swans,2023-08-12,2023,45179.0,28.0,44020.0,4.0,43790,115
2023-08-13|22|Greater Western Sydney Giants|Port Adelaide Power,2023-08-13,2023,43495.0,34.0,44773.0,4.0,44090,129
2023-08-13|22|Hawthorn Hawks|Western Bulldogs,2023-08-13,2023,44589.0,40.0,44294.0,2.0,44589,159
2023-08-13|22|Richmond Tigers|St Kilda Saints,2023-08-13,2023,44945.0,33.0,44228.0,6.0,44366,131
2023-08-18|23|Brisbane Lions|Collingwood Magpies,2023-08-18,2023,44510.0,31.0,43512.0,4.0,44673,122
2023-08-19|23|Adelaide Crows|Sydney Swans,2023-08-19,2023,44249.0,31.0,44025.0,3.0,44249,118
2023-08-19|23|Carlton Blues|Gold Coast Suns,2023-08-19,2023,43825.0,36.0,43659.0,5.0,43825,125
2023-08-19|23|Essendon Bombers|Greater Western Sydney Giants,2023-08-19,2023,43936.0,39.0,44067.0,9.0,44067,188
2023-08-19|23|Geelong Cats|St Kilda Saints,2023-08-19,2023,44945.0,38.0,44228.0,3.0,44366,141
2023-08-19|23|North Melbourne Kangaroos|Richmond Tigers,2023-08-19,2023,44910.0,37.0,44261.0,6.0,44910,129
2023-08-20|23|Fremantle Dockers|Port Adelaide Power,2023-08-20,2023,43495.0,31.0,43498.0,2.0,44845,122
2023-08-20|23|Hawthorn Hawks|Melbourne Demons,2023-08-20,2023,45281.0,30.0,44470.0,3.0,43285,121
2023-08-20|23|West Coast Eagles|Western Bulldogs,2023-08-20,2023,43414.0,32.0,43640.0,5.0,43795,146
2023-08-25|24|Collingwood Magpies|Essendon Bombers,2023-08-25,2023,44481.0,36.0,43897.0,3.0,44481,146
2023-08-26|24|Adelaide Crows|West Coast Eagles,2023-08-26,2023,44249.0,37.0,45161.0,9.0,45161,164
2023-08-26|24|Brisbane Lions|St Kilda Saints,2023-08-26,2023,44585.0,30.0,44472.0,3.0,44366,132
2023-08-26|24|Fremantle Dockers|Hawthorn Hawks,2023-08-26,2023,43439.0,33.0,43286.0,3.0,43439,134
2023-08-26|24|Geelong Cats|Western Bulldogs,2023-08-26,2023,45112.0,33.0,44031.0,3.0,44966,160
2023-08-26|24|Gold Coast Suns|North Melbourne Kangaroos,2023-08-26,2023,44829.0,33.0,44261.0,9.0,44261,162
2023-08-27|24|Carlton Blues|Greater Western Sydney Giants,2023-08-27,2023,43936.0,35.0,43932.0,4.0,45230,119
2023-08-27|24|Melbourne Demons|Sydney Swans,2023-08-27,2023,43953.0,37.0,43855.0,5.0,44498,155
2023-08-27|24|Port Adelaide Power|Richmond Tigers,2023-08-27,2023,44371.0,33.0,43799.0,3.0,44834,138
2023-09-07|QF|Collingwood Magpies|Melbourne Demons,2023-09-07,2023,44630.0,31.0,44048.0,3.0,44630,132
2023-09-08|EF|Carlton Blues|Sydney Swans,2023-09-08,2023,45167.0,28.0,43625.0,2.0,44449,110
2023-09-09|EF|Greater Western Sydney Giants|St Kilda Saints,2023-09-09,2023,45003.0,38.0,44228.0,3.0,44366,138
2023-09-09|QF|Brisbane Lions|Port Adelaide Power,2023-09-09,2023,43495.0,29.0,43678.0,5.0,43495,124
2023-09-15|SF|Carlton Blues|Melbourne Demons,2023-09-15,2023,45167.0,34.0,45988.0,3.0,45167,140
2023-09-16|SF|Greater Western Sydney Giants|Port Adelaide Power,2023-09-16,2023,45230.0,33.0,44067.0,4.0,45230,125
2023-09-22|PF|Collingwood Magpies|Greater Western Sydney Giants,2023-09-22,2023,43905.0,34.0,43932.0,2.0,43905,114
2023-09-23|PF|Brisbane Lions|Carlton Blues,2023-09-23,2023,45167.0,33.0,43642.0,2.0,43591,106
2023-09-30|GF|Brisbane Lions|Collingwood Magpies,2023-09-30,2023,43668.0,29.0,44048.0,4.0,43591,127
2024-03-07|0|Melbourne Demons|Sydney Swans,2024-03-07,2024,44630.0,30.0,43855.0,4.0,45150,123
2024-03-08|0|Brisbane Lions|Carlton Blues,2024-03-08,2024,44037.0,27.0,43659.0,4.0,45307,105
2024-03-09|0|Collingwood Magpies|Greater Western Sydney Giants,2024-03-09,2024,43668.0,34.0,43461.0,5.0,45230,137
2024-03-09|0|Gold Coast Suns|Richmond Tigers,2024-03-09,2024,44829.0,33.0,44225.0,5.0,44829,112
2024-03-14|1|Carlton Blues|Richmond Tigers,2024-03-14,2024,43642.0,31.0,43336.0,3.0,43336,108
2024-03-15|1|Collingwood Magpies|Sydney Swans,2024-03-15,2024,43668.0,37.0,44408.0,4.0,44025,125
2024-03-16|1|Adelaide Crows|Gold Coast Suns,2024-03-16,2024,43289.0,35.0,44742.0,3.0,43289,126
2024-03-16|1|Essendon Bombers|Hawthorn Hawks,2024-03-16,2024,44420.0,33.0,45033.0,4.0,44676,130
2024-03-16|1|Geelong Cats|St Kilda Saints,2024-03-16,2024,43415.0,28.0,43717.0,3.0,44366,118
2024-03-16|1|Greater Western Sydney Giants|North Melbourne Kangaroos,2024-03-16,2024,43936.0,37.0,44067.0,6.0,43936,145
2024-03-17|1|Brisbane Lions|Fremantle Dockers,2024-03-17,2024,44895.0,46.0,43286.0,4.0,44895,161
2024-03-17|1|Melbourne Demons|Western Bulldogs,2024-03-17,2024,44630.0,35.0,43541.0,3.0,43390,140
2024-03-17|1|Port Adelaide Power|West Coast Eagles,2024-03-17,2024,43495.0,27.0,43728.0,3.0,44834,111
2024-03-21|2|Collingwood Magpies|St Kilda Saints,2024-03-21,2024,45172.0,32.0,44042.0,4.0,45172,122
2024-03-22|2|Adelaide Crows|Geelong Cats,2024-03-22,2024,43647.0,37.0,44012.0,4.0,43700,131
2024-03-23|2|Essendon Bombers|Sydney Swans,2024-03-23,2024,44025.0,32.0,44648.0,4.0,44648,128
2024-03-23|2|Fremantle Dockers|North Melbourne Kangaroos,2024-03-23,2024,44895.0,35.0,43337.0,2.0,44895,128
2024-03-23|2|Hawthorn Hawks|Melbourne Demons,2024-03-23,2024,44926.0,27.0,43855.0,5.0,44926,116
2024-03-24|2|Gold Coast Suns|Western Bulldogs,2024-03-24,2024,43414.0,32.0,45205.0,6.0,43795,112
2024-03-24|2|Greater Western Sydney Giants|West Coast Eagles,2024-03-24,2024,45230.0,36.0,43505.0,3.0,43936,120
2024-03-24|2|Port Adelaide Power|Richmond Tigers,2024-03-24,2024,43495.0,34.0,44367.0,4.0,43495,117
2024-03-28|3|Brisbane Lions|Collingwood Magpies,2024-03-28,2024,44585.0,35.0,43788.0,4.0,44585,118
2024-03-29|3|Adelaide Crows|Fremantle Dockers,2024-03-29,2024,45296.0,32.0,43286.0,2.0,45296,129
2024-03-29|3|Carlton Blues|North Melbourne Kangaroos,2024-03-29,2024,44910.0,32.0,44437.0,5.0,44910,126
2024-03-30|3|Essendon Bombers|St Kilda Saints,2024-03-30,2024,44374.0,44.0,44042.0,3.0,44374,145
2024-03-30|3|Melbourne Demons|Port Adelaide Power,2024-03-30,2024,44795.0,27.0,43460.0,3.0,43878,146
2024-03-31|3|Richmond Tigers|Sydney Swans,2024-03-31,2024,45061.0,35.0,44331.0,3.0,45061,132
2024-03-31|3|West Coast Eagles|Western Bulldogs,2024-03-31,2024,45112.0,35.0,43414.0,3.0,45112,114
2024-04-01|3|Geelong Cats|Hawthorn Hawks,2024-04-01,2024,45281.0,36.0,44012.0,4.0,45281,152
2024-04-04|4|Adelaide Crows|Melbourne Demons,2024-04-04,2024,43647.0,30.0,43855.0,3.0,43700,112
2024-04-05|4|Brisbane Lions|North Melbourne Kangaroos,2024-04-05,2024,44400.0,36.0,43678.0,5.0,43678,135
2024-04-05|4|Essendon Bombers|Port Adelaide Power,2024-04-05,2024,44481.0,36.0,43498.0,3.0,44481,135
2024-04-06|4|Carlton Blues|Fremantle Dockers,2024-04-06,2024,43439.0,38.0,43659.0,3.0,43439,148
2024-04-06|4|Geelong Cats|Western Bulldogs,2024-04-06,2024,45112.0,37.0,45006.0,4.0,43414,149
2024-04-06|4|Sydney Swans|West Coast Eagles,2024-04-06,2024,43751.0,30.0,43283.0,2.0,43953,127
2024-04-07|4|Collingwood Magpies|Hawthorn Hawks,2024-04-07,2024,45472.0,31.0,43993.0,4.0,45472,135
2024-04-07|4|Gold Coast Suns|Greater Western Sydney Giants,2024-04-07,2024,43289.0,33.0,43932.0,5.0,43289,113
2024-04-07|4|Richmond Tigers|St Kilda Saints,2024-04-07,2024,45003.0,33.0,43412.0,4.0,44366,136
2024-04-11|5|Brisbane Lions|Melbourne Demons,2024-04-11,2024,43756.0,30.0,43512.0,3.0,43878,149
2024-04-12|5|Essendon Bombers|Western Bulldogs,2024-04-12,2024,45112.0,28.0,44257.0,3.0,43765,124
2024-04-13|5|Adelaide Crows|Carlton Blues,2024-04-13,2024,45167.0,34.0,43659.0,4.0,45167,145
2024-04-13|5|Fremantle Dockers|Port Adelaide Power,2024-04-13,2024,44895.0,29.0,45111.0,3.0,43495,113
2024-04-13|5|Gold Coast Suns|Hawthorn Hawks,2024-04-13,2024,43289.0,36.0,44225.0,4.0,43289,154
2024-04-13|5|Greater Western Sydney Giants|St Kilda Saints,2024-04-13,2024,45230.0,34.0,43518.0,2.0,44049,150
2024-04-14|5|Geelong Cats|North Melbourne Kangaroos,2024-04-14,2024,44910.0,38.0,43516.0,6.0,44910,159
2024-04-14|5|Richmond Tigers|West Coast Eagles,2024-04-14,2024,44209.0,29.0,45187.0,6.0,45187,148
2024-04-18|6|St Kilda Saints|Western Bulldogs,2024-04-18,2024,43669.0,39.0,44581.0,6.0,43669,160
2024-04-19|6|Adelaide Crows|Essendon Bombers,2024-04-19,2024,43700.0,31.0,43700.0,2.0,43700,155
2024-04-20|6|Brisbane Lions|Geelong Cats,2024-04-20,2024,43380.0,29.0,44031.0,2.0,45307,127
2024-04-20|6|Carlton Blues|Greater Western Sydney Giants,2024-04-20,2024,43642.0,39.0,43659.0,3.0,43642,126
2024-04-20|6|Collingwood Magpies|Port Adelaide Power,2024-04-20,2024,43668.0,30.0,44285.0,4.0,44090,119
2024-04-20|6|Fremantle Dockers|West Coast Eagles,2024-04-20,2024,43439.0,27.0,45187.0,5.0,44209,108
2024-04-21|6|Gold Coast Suns|Sydney Swans,2024-04-21,2024,43825.0,34.0,43283.0,4.0,43950,142
2024-04-21|6|Hawthorn Hawks|North Melbourne Kangaroos,2024-04-21,2024,44578.0,32.0,44522.0,4.0,45289,126
2024-04-24|7|Melbourne Demons|Richmond Tigers,2024-04-24,2024,44254.0,24.0,45126.0,3.0,43878,134
2024-04-25|7|Brisbane Lions|Greater Western Sydney Giants,2024-04-25,2024,43936.0,37.0,43461.0,3.0,43936,127
2024-04-25|7|Collingwood Magpies|Essendon Bombers,2024-04-25,2024,44420.0,31.0,44257.0,4.0,44420,123
2024-04-26|7|Port Adelaide Power|St Kilda Saints,2024-04-26,2024,44945.0,28.0,43728.0,4.0,45268,113
2024-04-27|7|Adelaide Crows|North Melbourne Kangaroos,2024-04-27,2024,44249.0,34.0,44749.0,4.0,44910,125
2024-04-27|7|Carlton Blues|Geelong Cats,2024-04-27,2024,45167.0,31.0,43516.0,5.0,43642,117
2024-04-27|7|Fremantle Dockers|Western Bulldogs,2024-04-27,2024,43858.0,37.0,43337.0,3.0,43795,141
2024-04-28|7|Gold Coast Suns|West Coast Eagles,2024-04-28,2024,43289.0,33.0,45187.0,4.0,45271,135
2024-04-28|7|Hawthorn Hawks|Sydney Swans,2024-04-28,2024,43400.0,30.0,44025.0,3.0,43400,132
2024-05-02|8|Adelaide Crows|Port Adelaide Power,2024-05-02,2024,43495.0,33.0,44749.0,3.0,44981,115
2024-05-03|8|Carlton Blues|Collingwood Magpies,2024-05-03,2024,45167.0,33.0,44437.0,4.0,44592,144
2024-05-04|8|Essendon Bombers|West Coast Eagles,2024-05-04,2024,44649.0,36.0,44257.0,3.0,44649,147
2024-05-04|8|Geelong Cats|Melbourne Demons,2024-05-04,2024,44073.0,31.0,43855.0,3.0,44073,120
2024-05-04|8|Greater Western Sydney Giants|Sydney Swans,2024-05-04,2024,45179.0,28.0,44020.0,4.0,43950,134
2024-05-04|8|North Melbourne Kangaroos|St Kilda Saints,2024-05-04,2024,44945.0,33.0,45258.0,3.0,44945,156
2024-05-05|8|Brisbane Lions|Gold Coast Suns,2024-05-05,2024,45307.0,40.0,44225.0,3.0,45307,184
2024-05-05|8|Fremantle Dockers|Richmond Tigers,2024-05-05,2024,44845.0,39.0,45111.0,4.0,44845,161
2024-05-05|8|Hawthorn Hawks|Western Bulldogs,2024-05-05,2024,45112.0,33.0,44335.0,3.0,43795,126
2024-05-09|9|Carlton Blues|Melbourne Demons,2024-05-09,2024,43642.0,35.0,44681.0,5.0,45167,143
2024-05-10|9|Fremantle Dockers|Sydney Swans,2024-05-10,2024,44895.0,34.0,44020.0,4.0,43829,135
2024-05-10|9|Geelong Cats|Port Adelaide Power,2024-05-10,2024,43495.0,34.0,44792.0,4.0,45268,133
2024-05-11|9|Essendon Bombers|Greater Western Sydney Giants,2024-05-11,2024,43936.0,34.0,44257.0,4.0,44374,121
2024-05-11|9|Gold Coast Suns|North Melbourne Kangaroos,2024-05-11,2024,43687.0,35.0,44225.0,3.0,44497,108
2024-05-11|9|Hawthorn Hawks|St Kilda Saints,2024-05-11,2024,43285.0,31.0,43354.0,2.0,44366,164
2024-05-11|9|Richmond Tigers|Western Bulldogs,2024-05-11,2024,45112.0,41.0,43679.0,4.0,45112,154
2024-05-12|9|Adelaide Crows|Brisbane Lions,2024-05-12,2024,44400.0,31.0,43832.0,4.0,43700,118
2024-05-12|9|Collingwood Magpies|West Coast Eagles,2024-05-12,2024,43668.0,36.0,44344.0,3.0,43668,131
2024-05-16|10|Geelong Cats|Gold Coast Suns,2024-05-16,2024,43289.0,42.0,44105.0,5.0,43289,142
2024-05-17|10|Carlton Blues|Sydney Swans,2024-05-17,2024,44592.0,32.0,44025.0,3.0,44025,125
2024-05-18|10|Adelaide Crows|Collingwood Magpies,2024-05-18,2024,43668.0,41.0,43832.0,2.0,44603,120
2024-05-18|10|Brisbane Lions|Richmond Tigers,2024-05-18,2024,44585.0,36.0,43512.0,5.0,45307,148
2024-05-18|10|Fremantle Dockers|St Kilda Saints,2024-05-18,2024,44366.0,31.0,44642.0,3.0,44366,171
2024-05-18|10|Greater Western Sydney Giants|Western Bulldogs,2024-05-18,2024,45112.0,35.0,43932.0,3.0,44054,125
2024-05-19|10|Essendon Bombers|North Melbourne Kangaroos,2024-05-19,2024,44910.0,32.0,45285.0,4.0,43822,121
2024-05-19|10|Hawthorn Hawks|Port Adelaide Power,2024-05-19,2024,43673.0,28.0,43993.0,5.0,44090,136
2024-05-19|10|Melbourne Demons|West Coast Eagles,2024-05-19,2024,44209.0,30.0,45187.0,5.0,45187,126
2024-05-23|11|Sydney Swans|Western Bulldogs,2024-05-23,2024,45112.0,30.0,45179.0,4.0,43950,119
2024-05-24|11|Collingwood Magpies|Fremantle Dockers,2024-05-24,2024,43567.0,35.0,43337.0,3.0,44845,144
2024-05-25|11|Carlton Blues|Gold Coast Suns,2024-05-25,2024,45167.0,32.0,43659.0,4.0,45167,114
2024-05-25|11|Essendon Bombers|Richmond Tigers,2024-05-25,2024,44481.0,31.0,45033.0,4.0,44783,132
2024-05-25|11|Geelong Cats|Greater Western Sydney Giants,2024-05-25,2024,44073.0,32.0,44773.0,4.0,43445,121
2024-05-25|11|North Melbourne Kangaroos|Port Adelaide Power,2024-05-25,2024,43687.0,35.0,44367.0,5.0,45120,132
2024-05-26|11|Adelaide Crows|West Coast Eagles,2024-05-26,2024,44921.0,34.0,44175.0,3.0,44921,124
2024-05-26|11|Brisbane Lions|Hawthorn Hawks,2024-05-26,2024,43285.0,29.0,43955.0,4.0,43285,125
2024-05-26|11|Melbourne Demons|St Kilda Saints,2024-05-26,2024,45003.0,33.0,44228.0,3.0,43878,152
2024-05-30|12|Carlton Blues|Port Adelaide Power,2024-05-30,2024,45167.0,34.0,43881.0,4.0,45167,133
2024-05-31|12|Collingwood Magpies|Western Bulldogs,2024-05-31,2024,43414.0,38.0,43679.0,3.0,43414,159
2024-06-01|12|Adelaide Crows|Hawthorn Hawks,2024-06-01,2024,43647.0,35.0,44522.0,5.0,43647,133
2024-06-01|12|Geelong Cats|Richmond Tigers,2024-06-01,2024,43326.0,31.0,43717.0,3.0,44575,141
2024-06-01|12|St Kilda Saints|West Coast Eagles,2024-06-01,2024,45293.0,27.0,45279.0,4.0,45279,131
2024-06-02|12|Essendon Bombers|Gold Coast Suns,2024-06-02,2024,43289.0,33.0,44225.0,4.0,43289,118
2024-06-02|12|Fremantle Dockers|Melbourne Demons,2024-06-02,2024,43567.0,36.0,43286.0,4.0,43567,151
2024-06-06|13|Adelaide Crows|Richmond Tigers,2024-06-06,2024,43700.0,32.0,43653.0,3.0,43700,124
2024-06-07|13|Brisbane Lions|Western Bulldogs,2024-06-07,2024,44585.0,38.0,44060.0,6.0,44060,140
2024-06-08|13|Gold Coast Suns|St Kilda Saints,2024-06-08,2024,43825.0,42.0,43492.0,3.0,43825,163
2024-06-08|13|Greater Western Sydney Giants|Hawthorn Hawks,2024-06-08,2024,45230.0,30.0,44624.0,4.0,45230,123
2024-06-08|13|North Melbourne Kangaroos|West Coast Eagles,2024-06-08,2024,43822.0,36.0,44261.0,5.0,44935,132
2024-06-09|13|Carlton Blues|Essendon Bombers,2024-06-09,2024,44374.0,26.0,44069.0,3.0,44374,120
2024-06-09|13|Geelong Cats|Sydney Swans,2024-06-09,2024,43953.0,32.0,44648.0,4.0,43953,151
2024-06-10|13|Collingwood Magpies|Melbourne Demons,2024-06-10,2024,43667.0,29.0,43997.0,3.0,43878,148
2024-06-14|14|Brisbane Lions|St Kilda Saints,2024-06-14,2024,44945.0,32.0,43678.0,5.0,44400,132
2024-06-15|14|Adelaide Crows|Sydney Swans,2024-06-15,2024,44249.0,34.0,43283.0,9.0,43950,133
2024-06-15|14|Fremantle Dockers|Western Bulldogs,2024-06-15,2024,43414.0,30.0,45218.0,4.0,43414,142
2024-06-15|14|Hawthorn Hawks|Richmond Tigers,2024-06-15,2024,44926.0,33.0,43550.0,4.0,44926,137
2024-06-16|14|Collingwood Magpies|North Melbourne Kangaroos,2024-06-16,2024,43687.0,31.0,44048.0,5.0,45308,120
2024-06-16|14|Greater Western Sydney Giants|Port Adelaide Power,2024-06-16,2024,44090.0,35.0,43881.0,3.0,44090,133
2024-06-21|15|Carlton Blues|Geelong Cats,2024-06-21,2024,43642.0,41.0,43659.0,5.0,45475,131
2024-06-22|15|Brisbane Lions|Port Adelaide Power,2024-06-22,2024,44585.0,37.0,44060.0,5.0,44585,135
2024-06-22|15|Greater Western Sydney Giants|Sydney Swans,2024-06-22,2024,43953.0,36.0,44020.0,2.0,43953,154
2024-06-22|15|Melbourne Demons|North Melbourne Kangaroos,2024-06-22,2024,43687.0,31.0,45308.0,4.0,44910,111
2024-06-23|15|Essendon Bombers|West Coast Eagles,2024-06-23,2024,43762.0,29.0,45033.0,5.0,43507,129
2024-06-23|15|Fremantle Dockers|Gold Coast Suns,2024-06-23,2024,43825.0,33.0,43706.0,3.0,43439,136
2024-06-28|16|Brisbane Lions|Melbourne Demons,2024-06-28,2024,43756.0,32.0,44702.0,5.0,43756,158
2024-06-29|16|Adelaide Crows|Greater Western Sydney Giants,2024-06-29,2024,45230.0,41.0,43832.0,3.0,45230,160
2024-06-29|16|Collingwood Magpies|Gold Coast Suns,2024-06-29,2024,43289.0,39.0,44225.0,4.0,43289,140
2024-06-29|16|Essendon Bombers|Geelong Cats,2024-06-29,2024,43507.0,32.0,45006.0,3.0,43507,144
2024-06-29|16|Fremantle Dockers|Sydney Swans,2024-06-29,2024,43400.0,32.0,43286.0,3.0,43400,121
2024-06-29|16|North Melbourne Kangaroos|Western Bulldogs,2024-06-29,2024,43414.0,35.0,45205.0,3.0,45289,129
2024-06-30|16|Carlton Blues|Richmond Tigers,2024-06-30,2024,43642.0,40.0,43805.0,4.0,44592,143
2024-06-30|16|Hawthorn Hawks|West Coast Eagles,2024-06-30,2024,44589.0,33.0,43550.0,2.0,43751,132
2024-06-30|16|Port Adelaide Power|St Kilda Saints,2024-06-30,2024,44945.0,31.0,44366.0,3.0,44945,135
2024-07-05|17|Collingwood Magpies|Essendon Bombers,2024-07-05,2024,44927.0,34.0,43641.0,3.0,43507,130
2024-07-06|17|Carlton Blues|Greater Western Sydney Giants,2024-07-06,2024,43642.0,33.0,44067.0,5.0,43445,136
2024-07-06|17|Fremantle Dockers|Richmond Tigers,2024-07-06,2024,43439.0,35.0,45111.0,5.0,44575,150
2024-07-06|17|Geelong Cats|Hawthorn Hawks,2024-07-06,2024,44522.0,26.0,43516.0,4.0,45019,125
2024-07-06|17|Gold Coast Suns|North Melbourne Kangaroos,2024-07-06,2024,44443.0,37.0,44261.0,3.0,44910,134
2024-07-06|17|Port Adelaide Power|Western Bulldogs,2024-07-06,2024,45112.0,38.0,43881.0,5.0,44834,147
2024-07-07|17|Adelaide Crows|Brisbane Lions,2024-07-07,2024,44585.0,36.0,44203.0,4.0,44585,143
2024-07-07|17|Melbourne Demons|West Coast Eagles,2024-07-07,2024,44795.0,29.0,43281.0,4.0,44795,123
2024-07-07|17|St Kilda Saints|Sydney Swans,2024-07-07,2024,44945.0,28.0,44042.0,3.0,45236,129
2024-07-12|18|Collingwood Magpies|Geelong Cats,2024-07-12,2024,43668.0,32.0,43516.0,3.0,43514,147
2024-07-13|18|Adelaide Crows|St Kilda Saints,2024-07-13,2024,44249.0,31.0,44901.0,2.0,44366,150
2024-07-13|18|Carlton Blues|Western Bulldogs,2024-07-13,2024,43669.0,31.0,45132.0,4.0,43642,127
2024-07-13|18|Essendon Bombers|Melbourne Demons,2024-07-13,2024,44254.0,31.0,44374.0,4.0,44374,143
2024-07-13|18|Fremantle Dockers|Hawthorn Hawks,2024-07-13,2024,43707.0,24.0,44926.0,3.0,44128,111
2024-07-13|18|North Melbourne Kangaroos|Sydney Swans,2024-07-13,2024,43953.0,36.0,44408.0,4.0,43953,151
2024-07-14|18|Brisbane Lions|West Coast Eagles,2024-07-14,2024,44585.0,34.0,43281.0,3.0,44585,133
2024-07-14|18|Gold Coast Suns|Port Adelaide Power,2024-07-14,2024,43495.0,35.0,44083.0,2.0,43495,133
2024-07-14|18|Greater Western Sydney Giants|Richmond Tigers,2024-07-14,2024,43936.0,37.0,43932.0,4.0,43445,140
2024-07-19|19|Adelaide Crows|Essendon Bombers,2024-07-19,2024,44481.0,30.0,44203.0,5.0,44203,129
2024-07-20|19|Collingwood Magpies|Hawthorn Hawks,2024-07-20,2024,44926.0,30.0,43444.0,4.0,43897,122
2024-07-20|19|Geelong Cats|Western Bulldogs,2024-07-20,2024,45112.0,31.0,45132.0,4.0,45112,149
2024-07-20|19|Gold Coast Suns|Greater Western Sydney Giants,2024-07-20,2024,43825.0,43.0,44067.0,4.0,45230,145
2024-07-20|19|Port Adelaide Power|Richmond Tigers,2024-07-20,2024,45268.0,32.0,43728.0,4.0,44790,112
2024-07-20|19|St Kilda Saints|West Coast Eagles,2024-07-20,2024,44945.0,31.0,44472.0,5.0,44472,154
2024-07-21|19|Brisbane Lions|Sydney Swans,2024-07-21,2024,45307.0,29.0,43678.0,3.0,45307,131
2024-07-21|19|Carlton Blues|North Melbourne Kangaroos,2024-07-21,2024,44910.0,35.0,43659.0,4.0,44910,134
2024-07-21|19|Fremantle Dockers|Melbourne Demons,2024-07-21,2024,43439.0,41.0,43286.0,4.0,44895,123
2024-07-26|20|Carlton Blues|Port Adelaide Power,2024-07-26,2024,43642.0,25.0,43659.0,3.0,43659,113
2024-07-27|20|Brisbane Lions|Gold Coast Suns,2024-07-27,2024,44585.0,35.0,43512.0,2.0,45307,139
2024-07-27|20|Essendon Bombers|St Kilda Saints,2024-07-27,2024,45172.0,31.0,43518.0,3.0,44366,135
2024-07-27|20|Fremantle Dockers|West Coast Eagles,2024-07-27,2024,43439.0,36.0,43794.0,3.0,43439,115
2024-07-27|20|Geelong Cats|North Melbourne Kangaroos,2024-07-27,2024,44910.0,36.0,43717.0,3.0,45289,156
2024-07-27|20|Greater Western Sydney Giants|Melbourne Demons,2024-07-27,2024,43508.0,36.0,44067.0,4.0,44670,133
2024-07-28|20|Adelaide Crows|Hawthorn Hawks,2024-07-28,2024,44981.0,30.0,45161.0,3.0,44921,120
2024-07-28|20|Collingwood Magpies|Richmond Tigers,2024-07-28,2024,43668.0,42.0,43468.0,3.0,43668,128
2024-07-28|20|Sydney Swans|Western Bulldogs,2024-07-28,2024,45112.0,40.0,45132.0,4.0,44804,138
2024-08-02|21|Gold Coast Suns|West Coast Eagles,2024-08-02,2024,44209.0,31.0,45187.0,4.0,45271,141
2024-08-02|21|Melbourne Demons|Western Bulldogs,2024-08-02,2024,43669.0,34.0,43414.0,2.0,43878,136
2024-08-03|21|Adelaide Crows|Geelong Cats,2024-08-03,2024,44249.0,29.0,43516.0,6.0,43516,120
2024-08-03|21|Carlton Blues|Collingwood Magpies,2024-08-03,2024,44592.0,34.0,43635.0,2.0,44592,145
2024-08-03|21|North Melbourne Kangaroos|Richmond Tigers,2024-08-03,2024,43687.0,33.0,44261.0,5.0,45289,150
2024-08-03|21|Port Adelaide Power|Sydney Swans,2024-08-03,2024,43743.0,32.0,43881.0,4.0,43495,128
2024-08-04|21|Brisbane Lions|St Kilda Saints,2024-08-04,2024,44585.0,33.0,43678.0,4.0,44945,132
2024-08-04|21|Essendon Bombers|Fremantle Dockers,2024-08-04,2024,44649.0,34.0,43286.0,4.0,44845,121
2024-08-04|21|Greater Western Sydney Giants|Hawthorn Hawks,2024-08-04,2024,45230.0,37.0,44067.0,5.0,45230,137
2024-08-09|22|Collingwood Magpies|Sydney Swans,2024-08-09,2024,45179.0,33.0,44020.0,3.0,44025,127
2024-08-10|22|Brisbane Lions|Greater Western Sydney Giants,2024-08-10,2024,43307.0,29.0,43505.0,3.0,43307,111
2024-08-10|22|Essendon Bombers|Gold Coast Suns,2024-08-10,2024,44374.0,36.0,43291.0,4.0,44481,134
2024-08-10|22|Fremantle Dockers|Geelong Cats,2024-08-10,2024,43567.0,28.0,44895.0,3.0,44845,152
2024-08-10|22|Melbourne Demons|Port Adelaide Power,2024-08-10,2024,43495.0,30.0,44702.0,4.0,44083,141
2024-08-10|22|North Melbourne Kangaroos|West Coast Eagles,2024-08-10,2024,44443.0,37.0,43281.0,5.0,45289,168
2024-08-11|22|Adelaide Crows|Western Bulldogs,2024-08-11,2024,44921.0,34.0,43832.0,5.0,43414,126
2024-08-11|22|Carlton Blues|Hawthorn Hawks,2024-08-11,2024,44217.0,33.0,43709.0,3.0,44217,134
2024-08-11|22|Richmond Tigers|St Kilda Saints,2024-08-11,2024,44790.0,36.0,44366.0,3.0,44366,140
2024-08-16|23|Essendon Bombers|Sydney Swans,2024-08-16,2024,44374.0,32.0,44020.0,3.0,44374,121
2024-08-17|23|Adelaide Crows|Port Adelaide Power,2024-08-17,2024,43495.0,42.0,43498.0,2.0,43495,143
2024-08-17|23|Brisbane Lions|Collingwood Magpies,2024-08-17,2024,43756.0,27.0,43678.0,4.0,43668,116
2024-08-17|23|Fremantle Dockers|Greater Western Sydney Giants,2024-08-17,2024,43439.0,41.0,44067.0,6.0,43675,171
2024-08-17|23|Geelong Cats|St Kilda Saints,2024-08-17,2024,43424.0,31.0,43516.0,3.0,45003,148
2024-08-17|23|Gold Coast Suns|Melbourne Demons,2024-08-17,2024,44254.0,37.0,45126.0,4.0,45150,141
2024-08-18|23|Carlton Blues|West Coast Eagles,2024-08-18,2024,43642.0,35.0,44211.0,4.0,44037,136
2024-08-18|23|Hawthorn Hawks|Richmond Tigers,2024-08-18,2024,44589.0,33.0,43955.0,5.0,44589,121
2024-08-18|23|North Melbourne Kangaroos|Western Bulldogs,2024-08-18,2024,45112.0,33.0,43679.0,7.0,43679,133
2024-08-23|24|Collingwood Magpies|Melbourne Demons,2024-08-23,2024,43668.0,40.0,43514.0,2.0,43668,157
2024-08-24|24|Adelaide Crows|Sydney Swans,2024-08-24,2024,43400.0,32.0,44408.0,3.0,43400,141
2024-08-24|24|Brisbane Lions|Essendon Bombers,2024-08-24,2024,44585.0,40.0,43512.0,3.0,44481,149
2024-08-24|24|Geelong Cats|West Coast Eagles,2024-08-24,2024,44073.0,26.0,43516.0,9.0,43516,121
2024-08-24|24|Gold Coast Suns|Richmond Tigers,2024-08-24,2024,44731.0,33.0,44305.0,3.0,45061,145
2024-08-24|24|Hawthorn Hawks|North Melbourne Kangaroos,2024-08-24,2024,44589.0,35.0,44522.0,4.0,44935,121
2024-08-25|24|Carlton Blues|St Kilda Saints,2024-08-25,2024,44592.0,35.0,43266.0,2.0,44592,152
2024-08-25|24|Fremantle Dockers|Port Adelaide Power,2024-08-25,2024,43439.0,33.0,44792.0,3.0,43439,124
2024-08-25|24|Greater Western Sydney Giants|Western Bulldogs,2024-08-25,2024,45230.0,42.0,43505.0,2.0,45230,147
2024-09-05|QF|Geelong Cats|Port Adelaide Power,2024-09-05,2024,44073.0,28.0,43516.0,4.0,44487,117
2024-09-06|EF|Hawthorn Hawks|Western Bulldogs,2024-09-06,2024,44589.0,35.0,45192.0,4.0,44466,137
2024-09-07|EF|Brisbane Lions|Carlton Blues,2024-09-07,2024,44037.0,33.0,44437.0,3.0,44400,118
2024-09-07|QF|Greater Western Sydney Giants|Sydney Swans,2024-09-07,2024,43936.0,32.0,43505.0,3.0,44290,149
2024-09-13|SF|Hawthorn Hawks|Port Adelaide Power,2024-09-13,2024,44589.0,31.0,43881.0,3.0,45049,112
2024-09-14|SF|Brisbane Lions|Greater Western Sydney Giants,2024-09-14,2024,43936.0,33.0,44067.0,5.0,43445,122
2024-09-20|PF|Port Adelaide Power|Sydney Swans,2024-09-20,2024,44025.0,24.0,43283.0,3.0,44025,115
2024-09-21|PF|Brisbane Lions|Geelong Cats,2024-09-21,2024,45307.0,32.0,44031.0,4.0,45307,126
2024-09-28|GF|Brisbane Lions|Sydney Swans,2024-09-28,2024,44585.0,35.0,44299.0,4.0,45307,127
2025-03-07|0|Hawthorn Hawks|Sydney Swans,2025-03-07,2025,43285.0,27.0,43283.0,3.0,43707,129
2025-03-09|0|Collingwood Magpies|Greater Western Sydney Giants,2025-03-09,2025,44208.0,36.0,43461.0,2.0,43514,136
2025-03-13|1|Carlton Blues|Richmond Tigers,2025-03-13,2025,43642.0,32.0,43524.0,2.0,45475,132
2025-03-14|1|Essendon Bombers|Hawthorn Hawks,2025-03-14,2025,43507.0,36.0,44522.0,3.0,43507,146
2025-03-15|1|Brisbane Lions|Sydney Swans,2025-03-15,2025,43380.0,27.0,43322.0,4.0,43756,130
2025-03-15|1|Collingwood Magpies|Port Adelaide Power,2025-03-15,2025,45268.0,34.0,44472.0,4.0,44461,124
2025-03-15|1|Fremantle Dockers|Geelong Cats,2025-03-15,2025,44960.0,32.0,43516.0,4.0,44960,126
2025-03-15|1|North Melbourne Kangaroos|Western Bulldogs,2025-03-15,2025,44910.0,31.0,44261.0,5.0,45289,129
2025-03-16|1|Adelaide Crows|St Kilda Saints,2025-03-16,2025,43647.0,31.0,43832.0,4.0,43700,126
2025-03-16|1|Gold Coast Suns|West Coast Eagles,2025-03-16,2025,43289.0,36.0,44225.0,6.0,45271,125
2025-03-16|1|Greater Western Sydney Giants|Melbourne Demons,2025-03-16,2025,43936.0,35.0,43606.0,3.0,43878,127
2025-03-20|2|Carlton Blues|Hawthorn Hawks,2025-03-20,2025,44589.0,32.0,43550.0,3.0,44589,142
2025-03-21|2|Collingwood Magpies|Western Bulldogs,2025-03-21,2025,43668.0,39.0,43679.0,4.0,43668,136
2025-03-22|2|Adelaide Crows|Essendon Bombers,2025-03-22,2025,44481.0,36.0,44203.0,4.0,44481,138
2025-03-22|2|Geelong Cats|St Kilda Saints,2025-03-22,2025,44343.0,30.0,44042.0,4.0,44343,153
2025-03-22|2|Port Adelaide Power|Richmond Tigers,2025-03-22,2025,44834.0,39.0,43881.0,4.0,44834,145
2025-03-23|2|Brisbane Lions|West Coast Eagles,2025-03-23,2025,44585.0,35.0,44534.0,3.0,45307,126
2025-03-23|2|Fremantle Dockers|Sydney Swans,2025-03-23,2025,44631.0,32.0,45111.0,4.0,45179,129
2025-03-23|2|Melbourne Demons|North Melbourne Kangaroos,2025-03-23,2025,44630.0,36.0,45308.0,4.0,43541,117
2025-03-27|3|Essendon Bombers|Port Adelaide Power,2025-03-27,2025,44481.0,34.0,43498.0,2.0,43487,112
2025-03-28|3|Carlton Blues|Western Bulldogs,2025-03-28,2025,46066.0,31.0,44211.0,5.0,44281,142
2025-03-29|3|Brisbane Lions|Geelong Cats,2025-03-29,2025,43307.0,33.0,43674.0,2.0,44400,121
2025-03-29|3|Gold Coast Suns|Melbourne Demons,2025-03-29,2025,44829.0,36.0,44225.0,4.0,44829,129
2025-03-29|3|Greater Western Sydney Giants|Hawthorn Hawks,2025-03-29,2025,45230.0,34.0,44067.0,4.0,45230,120
2025-03-29|3|Richmond Tigers|St Kilda Saints,2025-03-29,2025,44945.0,40.0,44642.0,4.0,44945,134
2025-03-30|3|Adelaide Crows|North Melbourne Kangaroos,2025-03-30,2025,43676.0,33.0,44261.0,4.0,44935,117
2025-03-30|3|Fremantle Dockers|West Coast Eagles,2025-03-30,2025,44895.0,35.0,43286.0,4.0,43439,110
2025-04-03|4|Carlton Blues|Collingwood Magpies,2025-04-03,2025,45167.0,31.0,44037.0,2.0,45167,137
2025-04-04|4|Geelong Cats|Melbourne Demons,2025-04-04,2025,43957.0,30.0,43674.0,3.0,43957,149
2025-04-05|4|Adelaide Crows|Gold Coast Suns,2025-04-05,2025,43700.0,31.0,45077.0,5.0,43700,118
2025-04-05|4|Brisbane Lions|Richmond Tigers,2025-04-05,2025,44585.0,42.0,43322.0,3.0,44400,141
2025-04-05|4|North Melbourne Kangaroos|Sydney Swans,2025-04-05,2025,44910.0,34.0,43283.0,4.0,44910,125
2025-04-06|4|Fremantle Dockers|Western Bulldogs,2025-04-06,2025,44281.0,30.0,43679.0,5.0,43679,128
2025-04-06|4|Greater Western Sydney Giants|West Coast Eagles,2025-04-06,2025,43936.0,37.0,44067.0,9.0,45230,139
2025-04-06|4|Port Adelaide Power|St Kilda Saints,2025-04-06,2025,43495.0,30.0,43881.0,3.0,44083,125
2025-04-10|5|Adelaide Crows|Geelong Cats,2025-04-10,2025,44960.0,35.0,43516.0,4.0,44073,133
2025-04-11|5|Collingwood Magpies|Sydney Swans,2025-04-11,2025,43668.0,34.0,43788.0,3.0,43668,136
2025-04-12|5|Brisbane Lions|Western Bulldogs,2025-04-12,2025,44400.0,32.0,44060.0,5.0,44400,111
2025-04-12|5|Carlton Blues|West Coast Eagles,2025-04-12,2025,44037.0,39.0,43761.0,4.0,45167,126
2025-04-12|5|Essendon Bombers|Melbourne Demons,2025-04-12,2025,44481.0,37.0,44477.0,4.0,44481,134
2025-04-12|5|Gold Coast Suns|North Melbourne Kangaroos,2025-04-12,2025,43676.0,32.0,44225.0,5.0,44935,110
2025-04-13|5|Fremantle Dockers|Richmond Tigers,2025-04-13,2025,44080.0,33.0,45111.0,6.0,43439,123
2025-04-13|5|Greater Western Sydney Giants|St Kilda Saints,2025-04-13,2025,43308.0,33.0,43932.0,5.0,43308,113
2025-04-13|5|Hawthorn Hawks|Port Adelaide Power,2025-04-13,2025,43495.0,33.0,43955.0,6.0,44834,126
2025-04-17|6|Brisbane Lions|Collingwood Magpies,2025-04-17,2025,43668.0,38.0,44461.0,3.0,43668,131
2025-04-18|6|Carlton Blues|North Melbourne Kangaroos,2025-04-18,2025,44037.0,34.0,43659.0,4.0,44037,123
2025-04-18|6|Essendon Bombers|West Coast Eagles,2025-04-18,2025,44374.0,26.0,45285.0,6.0,44374,122
2025-04-19|6|Adelaide Crows|Greater Western Sydney Giants,2025-04-19,2025,45230.0,39.0,45161.0,2.0,45230,143
2025-04-19|6|Fremantle Dockers|Melbourne Demons,2025-04-19,2025,43439.0,33.0,44702.0,5.0,43878,125
2025-04-19|6|Gold Coast Suns|Richmond Tigers,2025-04-19,2025,45061.0,35.0,44305.0,3.0,45152,129
2025-04-20|6|Port Adelaide Power|Sydney Swans,2025-04-20,2025,44804.0,30.0,43846.0,3.0,43495,114
2025-04-20|6|St Kilda Saints|Western Bulldogs,2025-04-20,2025,43669.0,32.0,44042.0,3.0,44855,130
2025-04-21|6|Geelong Cats|Hawthorn Hawks,2025-04-21,2025,43285.0,29.0,43550.0,3.0,44589,118
2025-04-24|7|Melbourne Demons|Richmond Tigers,2025-04-24,2025,44851.0,34.0,44331.0,3.0,44851,139
2025-04-25|7|Adelaide Crows|Fremantle Dockers,2025-04-25,2025,43439.0,37.0,45077.0,3.0,43439,127
2025-04-25|7|Collingwood Magpies|Essendon Bombers,2025-04-25,2025,44927.0,35.0,43788.0,5.0,43668,120
2025-04-26|7|Brisbane Lions|St Kilda Saints,2025-04-26,2025,43307.0,35.0,44060.0,4.0,45172,131
2025-04-26|7|Greater Western Sydney Giants|Western Bulldogs,2025-04-26,2025,43308.0,31.0,43996.0,4.0,43795,124
2025-04-26|7|North Melbourne Kangaroos|Port Adelaide Power,2025-04-26,2025,44910.0,30.0,43498.0,3.0,43495,126
2025-04-27|7|Carlton Blues|Geelong Cats,2025-04-27,2025,45167.0,30.0,43516.0,4.0,44960,132
2025-04-27|7|Gold Coast Suns|Sydney Swans,2025-04-27,2025,44428.0,29.0,44225.0,5.0,45179,119
2025-04-27|7|Hawthorn Hawks|West Coast Eagles,2025-04-27,2025,43354.0,29.0,43955.0,4.0,44466,131
2025-05-01|8|Essendon Bombers|North Melbourne Kangaroos,2025-05-01,2025,44481.0,35.0,44676.0,3.0,44910,134
2025-05-02|8|Fremantle Dockers|St Kilda Saints,2025-05-02,2025,44343.0,33.0,44901.0,4.0,44343,139
2025-05-03|8|Adelaide Crows|Carlton Blues,2025-05-03,2025,44749.0,29.0,43700.0,3.0,43700,122
2025-05-03|8|Collingwood Magpies|Geelong Cats,2025-05-03,2025,44960.0,34.0,44488.0,4.0,43514,140
2025-05-03|8|Melbourne Demons|West Coast Eagles,2025-05-03,2025,43878.0,35.0,44036.0,3.0,43878,158
2025-05-03|8|Port Adelaide Power|Western Bulldogs,2025-05-03,2025,43669.0,31.0,43414.0,3.0,43795,145
2025-05-04|8|Brisbane Lions|Gold Coast Suns,2025-05-04,2025,43307.0,34.0,43512.0,3.0,43307,119
2025-05-04|8|Greater Western Sydney Giants|Sydney Swans,2025-05-04,2025,43936.0,34.0,45033.0,3.0,43508,121
2025-05-04|8|Hawthorn Hawks|Richmond Tigers,2025-05-04,2025,43354.0,33.0,43955.0,3.0,43673,128
2025-05-08|9|Collingwood Magpies|Fremantle Dockers,2025-05-08,2025,43439.0,34.0,43788.0,6.0,43567,134
2025-05-09|9|Carlton Blues|St Kilda Saints,2025-05-09,2025,45172.0,30.0,43659.0,3.0,44366,116
2025-05-10|9|Adelaide Crows|Port Adelaide Power,2025-05-10,2025,43495.0,33.0,43816.0,3.0,44834,122
2025-05-10|9|Essendon Bombers|Sydney Swans,2025-05-10,2025,44374.0,38.0,45399.0,3.0,44374,141
2025-05-10|9|Gold Coast Suns|Western Bulldogs,2025-05-10,2025,44281.0,35.0,44217.0,3.0,44281,140
2025-05-10|9|Hawthorn Hawks|Melbourne Demons,2025-05-10,2025,43425.0,28.0,43955.0,3.0,43878,113
2025-05-11|9|Brisbane Lions|North Melbourne Kangaroos,2025-05-11,2025,45307.0,39.0,44060.0,3.0,45307,137
2025-05-11|9|Geelong Cats|Greater Western Sydney Giants,2025-05-11,2025,43936.0,37.0,44067.0,7.0,44960,149
2025-05-11|9|Richmond Tigers|West Coast Eagles,2025-05-11,2025,43339.0,28.0,43640.0,3.0,43920,104
2025-05-15|10|Gold Coast Suns|Hawthorn Hawks,2025-05-15,2025,43289.0,35.0,44305.0,4.0,44589,123
2025-05-16|10|Carlton Blues|Sydney Swans,2025-05-16,2025,44025.0,38.0,43659.0,3.0,44025,122
2025-05-17|10|Adelaide Crows|Collingwood Magpies,2025-05-17,2025,43668.0,28.0,43832.0,4.0,43700,138
2025-05-17|10|Essendon Bombers|Western Bulldogs,2025-05-17,2025,43669.0,49.0,45218.0,4.0,43669,154
2025-05-17|10|Fremantle Dockers|Greater Western Sydney Giants,2025-05-17,2025,44895.0,36.0,43412.0,3.0,43412,119
2025-05-17|10|Geelong Cats|Port Adelaide Power,2025-05-17,2025,44834.0,32.0,43516.0,7.0,45268,127
2025-05-18|10|Brisbane Lions|Melbourne Demons,2025-05-18,2025,44585.0,30.0,43866.0,4.0,43878,117
2025-05-18|10|North Melbourne Kangaroos|Richmond Tigers,2025-05-18,2025,43687.0,27.0,45308.0,4.0,45289,155
2025-05-18|10|St Kilda Saints|West Coast Eagles,2025-05-18,2025,44945.0,38.0,44042.0,5.0,44366,158
2025-05-22|11|Geelong Cats|Western Bulldogs,2025-05-22,2025,44073.0,33.0,43516.0,6.0,44960,126
2025-05-23|11|Essendon Bombers|Richmond Tigers,2025-05-23,2025,44481.0,37.0,46045.0,3.0,44374,166
2025-05-24|11|Brisbane Lions|Hawthorn Hawks,2025-05-24,2025,45307.0,33.0,45314.0,4.0,45307,127
2025-05-24|11|Carlton Blues|Greater Western Sydney Giants,2025-05-24,2025,43731.0,30.0,44067.0,4.0,43932,133
2025-05-24|11|Collingwood Magpies|North Melbourne Kangaroos,2025-05-24,2025,43668.0,38.0,43788.0,5.0,44307,132
2025-05-24|11|Fremantle Dockers|Port Adelaide Power,2025-05-24,2025,45268.0,33.0,46267.0,4.0,45268,111
2025-05-25|11|Adelaide Crows|West Coast Eagles,2025-05-25,2025,43700.0,27.0,44742.0,5.0,43700,139
2025-05-25|11|Gold Coast Suns|St Kilda Saints,2025-05-25,2025,43289.0,36.0,44305.0,3.0,45172,134
2025-05-25|11|Melbourne Demons|Sydney Swans,2025-05-25,2025,44254.0,31.0,44702.0,5.0,43878,140
2025-05-29|12|Brisbane Lions|Essendon Bombers,2025-05-29,2025,44400.0,41.0,44299.0,3.0,44400,152
2025-05-30|12|Collingwood Magpies|Hawthorn Hawks,2025-05-30,2025,43668.0,32.0,43788.0,5.0,44927,129
2025-05-31|12|Adelaide Crows|Sydney Swans,2025-05-31,2025,44428.0,27.0,44203.0,3.0,43950,124
2025-05-31|12|Fremantle Dockers|Gold Coast Suns,2025-05-31,2025,43289.0,39.0,43412.0,3.0,43567,120
2025-05-31|12|Greater Western Sydney Giants|Richmond Tigers,2025-05-31,2025,43308.0,36.0,43461.0,3.0,45230,119
2025-06-01|12|Geelong Cats|West Coast Eagles,2025-06-01,2025,44960.0,38.0,43516.0,5.0,44960,147
2025-06-01|12|Melbourne Demons|St Kilda Saints,2025-06-01,2025,45236.0,31.0,43492.0,4.0,45236,128
2025-06-05|13|Hawthorn Hawks|Western Bulldogs,2025-06-05,2025,43669.0,30.0,43550.0,4.0,43795,139
2025-06-06|13|Adelaide Crows|Brisbane Lions,2025-06-06,2025,43307.0,31.0,44203.0,3.0,43307,113
2025-06-07|13|Geelong Cats|Gold Coast Suns,2025-06-07,2025,44073.0,40.0,45006.0,4.0,44073,146
2025-06-07|13|Greater Western Sydney Giants|Port Adelaide Power,2025-06-07,2025,43495.0,32.0,44067.0,2.0,44834,121
2025-06-07|13|Richmond Tigers|Sydney Swans,2025-06-07,2025,43400.0,34.0,44190.0,3.0,43950,139
2025-06-08|13|Carlton Blues|Essendon Bombers,2025-06-08,2025,44374.0,32.0,45285.0,3.0,44037,125
2025-06-08|13|North Melbourne Kangaroos|West Coast Eagles,2025-06-08,2025,44443.0,35.0,43664.0,3.0,44910,119
2025-06-09|13|Collingwood Magpies|Melbourne Demons,2025-06-09,2025,44630.0,30.0,43855.0,3.0,43667,128
2025-06-12|14|St Kilda Saints|Western Bulldogs,2025-06-12,2025,43669.0,36.0,43679.0,3.0,45239,133
2025-06-13|14|Adelaide Crows|Hawthorn Hawks,2025-06-13,2025,44125.0,28.0,43955.0,2.0,44522,122
2025-06-14|14|Brisbane Lions|Greater Western Sydney Giants,2025-06-14,2025,45230.0,33.0,44067.0,6.0,43505,122
2025-06-14|14|Essendon Bombers|Geelong Cats,2025-06-14,2025,44960.0,41.0,43516.0,6.0,44897,138
2025-06-14|14|Fremantle Dockers|North Melbourne Kangaroos,2025-06-14,2025,44895.0,36.0,44261.0,3.0,44895,146
2025-06-15|14|Carlton Blues|West Coast Eagles,2025-06-15,2025,44037.0,35.0,43833.0,3.0,43540,120
2025-06-15|14|Melbourne Demons|Port Adelaide Power,2025-06-15,2025,43495.0,27.0,43881.0,7.0,43878,126
2025-06-19|15|Essendon Bombers|Fremantle Dockers,2025-06-19,2025,44895.0,35.0,44128.0,3.0,44128,144
2025-06-20|15|Brisbane Lions|Geelong Cats,2025-06-20,2025,45307.0,33.0,44534.0,5.0,43756,124
2025-06-21|15|Carlton Blues|North Melbourne Kangaroos,2025-06-21,2025,44725.0,34.0,44419.0,4.0,43731,131
2025-06-21|15|Collingwood Magpies|St Kilda Saints,2025-06-21,2025,45172.0,35.0,45279.0,3.0,43514,128
2025-06-21|15|Port Adelaide Power|Sydney Swans,2025-06-21,2025,43495.0,28.0,44020.0,3.0,43950,121
2025-06-22|15|Gold Coast Suns|Greater Western Sydney Giants,2025-06-22,2025,43289.0,42.0,43505.0,3.0,45271,138
2025-06-22|15|Richmond Tigers|Western Bulldogs,2025-06-22,2025,43414.0,36.0,43679.0,5.0,43795,138
2025-06-26|16|Carlton Blues|Port Adelaide Power,2025-06-26,2025,43495.0,30.0,43881.0,5.0,43377,120
2025-06-27|16|Sydney Swans|Western Bulldogs,2025-06-27,2025,43435.0,28.0,44025.0,5.0,43950,137
2025-06-28|16|Collingwood Magpies|West Coast Eagles,2025-06-28,2025,43326.0,35.0,43449.0,2.0,43668,137
2025-06-28|16|Gold Coast Suns|Melbourne Demons,2025-06-28,2025,43825.0,28.0,44470.0,5.0,44470,128
2025-06-28|16|Hawthorn Hawks|North Melbourne Kangaroos,2025-06-28,2025,44443.0,34.0,43955.0,7.0,43285,103
2025-06-29|16|Adelaide Crows|Richmond Tigers,2025-06-29,2025,44731.0,29.0,45077.0,5.0,44731,120
2025-06-29|16|Fremantle Dockers|St Kilda Saints,2025-06-29,2025,43567.0,31.0,45111.0,3.0,43567,122
2025-07-03|17|North Melbourne Kangaroos|Western Bulldogs,2025-07-03,2025,44443.0,32.0,44261.0,5.0,44281,138
2025-07-04|17|Carlton Blues|Collingwood Magpies,2025-07-04,2025,43668.0,36.0,43788.0,4.0,43668,132
2025-07-04|17|Greater Western Sydney Giants|West Coast Eagles,2025-07-04,2025,43508.0,37.0,43932.0,3.0,43508,120
2025-07-05|17|Brisbane Lions|Port Adelaide Power,2025-07-05,2025,43495.0,31.0,43322.0,5.0,43495,119
2025-07-05|17|Essendon Bombers|Gold Coast Suns,2025-07-05,2025,44481.0,40.0,44225.0,4.0,44481,145
2025-07-05|17|Geelong Cats|Richmond Tigers,2025-07-05,2025,44073.0,36.0,43516.0,4.0,43957,125
2025-07-05|17|Hawthorn Hawks|St Kilda Saints,2025-07-05,2025,45172.0,43.0,43955.0,3.0,45172,145
2025-07-06|17|Adelaide Crows|Melbourne Demons,2025-07-06,2025,45150.0,30.0,44749.0,5.0,45150,120
2025-07-06|17|Fremantle Dockers|Sydney Swans,2025-07-06,2025,44498.0,26.0,44449.0,3.0,43953,127
2025-07-10|18|Brisbane Lions|Carlton Blues,2025-07-10,2025,44037.0,33.0,43512.0,3.0,45255,144
2025-07-11|18|Collingwood Magpies|Gold Coast Suns,2025-07-11,2025,43289.0,32.0,43788.0,3.0,44829,140
2025-07-12|18|Adelaide Crows|Western Bulldogs,2025-07-12,2025,43414.0,37.0,45077.0,6.0,43414,166
2025-07-12|18|Essendon Bombers|Richmond Tigers,2025-07-12,2025,45061.0,34.0,43339.0,1.0,45061,132
2025-07-12|18|Fremantle Dockers|Hawthorn Hawks,2025-07-12,2025,43567.0,31.0,43709.0,3.0,43439,138
2025-07-12|18|Geelong Cats|Greater Western Sydney Giants,2025-07-12,2025,45230.0,32.0,43505.0,6.0,45230,120
2025-07-13|18|Melbourne Demons|North Melbourne Kangaroos,2025-07-13,2025,44443.0,29.0,44470.0,5.0,44910,113
2025-07-13|18|Port Adelaide Power|West Coast Eagles,2025-07-13,2025,43495.0,38.0,43881.0,3.0,43495,125
2025-07-13|18|St Kilda Saints|Sydney Swans,2025-07-13,2025,45266.0,31.0,44020.0,3.0,45003,136
2025-07-17|19|Essendon Bombers|Greater Western Sydney Giants,2025-07-17,2025,43508.0,33.0,45033.0,3.0,43936,110
2025-07-18|19|Brisbane Lions|Western Bulldogs,2025-07-18,2025,43669.0,33.0,45218.0,4.0,43756,133
2025-07-19|19|Carlton Blues|Melbourne Demons,2025-07-19,2025,43642.0,29.0,44702.0,5.0,44702,106
2025-07-19|19|Hawthorn Hawks|Port Adelaide Power,2025-07-19,2025,44522.0,32.0,43955.0,3.0,44522,143
2025-07-19|19|North Melbourne Kangaroos|Sydney Swans,2025-07-19,2025,43400.0,29.0,44025.0,5.0,44025,166
2025-07-19|19|Richmond Tigers|West Coast Eagles,2025-07-19,2025,44080.0,33.0,44357.0,3.0,44080,127
2025-07-20|19|Adelaide Crows|Gold Coast Suns,2025-07-20,2025,44584.0,31.0,44584.0,3.0,44584,135
2025-07-20|19|Collingwood Magpies|Fremantle Dockers,2025-07-20,2025,43668.0,43.0,45154.0,6.0,43668,162
2025-07-20|19|Geelong Cats|St Kilda Saints,2025-07-20,2025,45172.0,36.0,43516.0,5.0,45172,151
2025-07-24|20|Carlton Blues|Hawthorn Hawks,2025-07-24,2025,44522.0,27.0,43955.0,3.0,44037,116
2025-07-25|20|Essendon Bombers|Western Bulldogs,2025-07-25,2025,43414.0,35.0,44581.0,7.0,43414,146
2025-07-25|20|Greater Western Sydney Giants|Sydney Swans,2025-07-25,2025,43953.0,27.0,43505.0,3.0,43950,130
2025-07-26|20|Adelaide Crows|Port Adelaide Power,2025-07-26,2025,44981.0,35.0,44203.0,3.0,44981,121
2025-07-26|20|Brisbane Lions|Gold Coast Suns,2025-07-26,2025,44829.0,37.0,44305.0,4.0,44829,145
2025-07-26|20|Fremantle Dockers|West Coast Eagles,2025-07-26,2025,43439.0,32.0,43850.0,4.0,43326,119
2025-07-26|20|Geelong Cats|North Melbourne Kangaroos,2025-07-26,2025,44960.0,43.0,43516.0,11.0,43516,157
2025-07-27|20|Collingwood Magpies|Richmond Tigers,2025-07-27,2025,43668.0,42.0,43668.0,3.0,43668,146
2025-07-27|20|Melbourne Demons|St Kilda Saints,2025-07-27,2025,45172.0,34.0,44042.0,4.0,45172,147
2025-07-31|21|Greater Western Sydney Giants|Western Bulldogs,2025-07-31,2025,43308.0,36.0,43679.0,5.0,43308,135
2025-08-01|21|Adelaide Crows|Hawthorn Hawks,2025-08-01,2025,43673.0,25.0,43955.0,4.0,43700,125
2025-08-02|21|Brisbane Lions|Collingwood Magpies,2025-08-02,2025,44585.0,36.0,44534.0,6.0,44400,119
2025-08-02|21|Essendon Bombers|Sydney Swans,2025-08-02,2025,43950.0,39.0,43519.0,2.0,43950,150
2025-08-02|21|Gold Coast Suns|Richmond Tigers,2025-08-02,2025,43289.0,38.0,44225.0,4.0,43289,123
2025-08-02|21|Melbourne Demons|West Coast Eagles,2025-08-02,2025,44851.0,30.0,43855.0,4.0,43878,113
2025-08-03|21|Carlton Blues|Fremantle Dockers,2025-08-03,2025,44037.0,36.0,43286.0,3.0,43642,134
2025-08-03|21|Geelong Cats|Port Adelaide Power,2025-08-03,2025,44073.0,35.0,43516.0,6.0,44073,136
2025-08-03|21|North Melbourne Kangaroos|St Kilda Saints,2025-08-03,2025,44443.0,36.0,44261.0,3.0,44366,142
2025-08-07|22|Collingwood Magpies|Hawthorn Hawks,2025-08-07,2025,44589.0,28.0,43955.0,4.0,44466,112
2025-08-08|22|Essendon Bombers|Geelong Cats,2025-08-08,2025,45839.0,33.0,43516.0,4.0,44481,132
2025-08-09|22|Brisbane Lions|Sydney Swans,2025-08-09,2025,43307.0,31.0,44025.0,5.0,43756,132
2025-08-09|22|Carlton Blues|Gold Coast Suns,2025-08-09,2025,44829.0,30.0,44225.0,6.0,45271,118
2025-08-09|22|Fremantle Dockers|Port Adelaide Power,2025-08-09,2025,43495.0,29.0,45154.0,3.0,43495,122
2025-08-09|22|Richmond Tigers|St Kilda Saints,2025-08-09,2025,45172.0,33.0,44042.0,2.0,44945,146
2025-08-10|22|Adelaide Crows|West Coast Eagles,2025-08-10,2025,46204.0,29.0,44672.0,3.0,43700,147
2025-08-10|22|Greater Western Sydney Giants|North Melbourne Kangaroos,2025-08-10,2025,43508.0,31.0,43461.0,5.0,43932,128
2025-08-10|22|Melbourne Demons|Western Bulldogs,2025-08-10,2025,43414.0,33.0,44581.0,5.0,44281,125
2025-08-15|23|Brisbane Lions|Fremantle Dockers,2025-08-15,2025,43827.0,32.0,44534.0,4.0,43827,141
2025-08-15|23|Essendon Bombers|St Kilda Saints,2025-08-15,2025,44758.0,36.0,44042.0,3.0,44758,143
2025-08-16|23|Adelaide Crows|Collingwood Magpies,2025-08-16,2025,45282.0,27.0,43788.0,2.0,43514,125
2025-08-16|23|Carlton Blues|Port Adelaide Power,2025-08-16,2025,44037.0,35.0,44437.0,7.0,44437,122
2025-08-16|23|Gold Coast Suns|Greater Western Sydney Giants,2025-08-16,2025,43289.0,32.0,44833.0,4.0,43508,122
2025-08-16|23|Hawthorn Hawks|Melbourne Demons,2025-08-16,2025,44522.0,32.0,43955.0,7.0,43878,132
2025-08-17|23|Geelong Cats|Sydney Swans,2025-08-17,2025,44960.0,30.0,44586.0,4.0,44356,120
2025-08-17|23|North Melbourne Kangaroos|Richmond Tigers,2025-08-17,2025,44910.0,54.0,43664.0,5.0,44910,186
2025-08-17|23|West Coast Eagles|Western Bulldogs,2025-08-17,2025,43669.0,34.0,43679.0,3.0,43414,131
2025-08-21|24|Carlton Blues|Essendon Bombers,2025-08-21,2025,44037.0,36.0,43799.0,3.0,44758,119
2025-08-22|24|Collingwood Magpies|Melbourne Demons,2025-08-22,2025,44630.0,30.0,43855.0,3.0,43878,115
2025-08-22|24|Gold Coast Suns|Port Adelaide Power,2025-08-22,2025,43495.0,35.0,43881.0,4.0,43495,152
2025-08-23|24|Adelaide Crows|North Melbourne Kangaroos,2025-08-23,2025,44910.0,32.0,43664.0,3.0,45289,154
2025-08-23|24|Geelong Cats|Richmond Tigers,2025-08-23,2025,44960.0,34.0,43516.0,4.0,43339,121
2025-08-23|24|Sydney Swans|West Coast Eagles,2025-08-23,2025,43953.0,31.0,43483.0,3.0,43953,133
2025-08-24|24|Brisbane Lions|Hawthorn Hawks,2025-08-24,2025,43285.0,34.0,43550.0,3.0,43756,136
2025-08-24|24|Fremantle Dockers|Western Bulldogs,2025-08-24,2025,43414.0,33.0,43286.0,3.0,43414,141
2025-08-24|24|Greater Western Sydney Giants|St Kilda Saints,2025-08-24,2025,44945.0,34.0,45258.0,5.0,45230,129
2025-08-27|24|Essendon Bombers|Gold Coast Suns,2025-08-27,2025,43289.0,34.0,44225.0,7.0,44829,120
2025-09-04|QF|Adelaide Crows|Collingwood Magpies,2025-09-04,2025,45282.0,26.0,43788.0,4.0,45472,107
2025-09-05|QF|Brisbane Lions|Geelong Cats,2025-09-05,2025,45307.0,35.0,43717.0,3.0,43756,147
2025-09-06|EF|Fremantle Dockers|Gold Coast Suns,2025-09-06,2025,44895.0,35.0,44105.0,3.0,44895,137
2025-09-06|EF|Greater Western Sydney Giants|Hawthorn Hawks,2025-09-06,2025,45230.0,36.0,43897.0,3.0,43508,134
2025-09-12|SF|Adelaide Crows|Hawthorn Hawks,2025-09-12,2025,45282.0,33.0,43955.0,5.0,44249,118
2025-09-13|SF|Brisbane Lions|Gold Coast Suns,2025-09-13,2025,44400.0,33.0,43322.0,3.0,43756,131
2025-09-19|PF|Geelong Cats|Hawthorn Hawks,2025-09-19,2025,44960.0,36.0,43516.0,3.0,44960,139
2025-09-20|PF|Brisbane Lions|Collingwood Magpies,2025-09-20,2025,44400.0,37.0,43788.0,4.0,45307,131
2025-09-27|GF|Brisbane Lions|Geelong Cats,2025-09-27,2025,44073.0,33.0,43512.0,4.0,43307,135
